[Choosing CUDA device...]
NVIDIA A40
[Creating frb kernel...]
[Done creating frb kernel]
CHORD FRB beamformer
Compiling kernel...
Allocating input data...
Setting up input data...
Tbarmin = 0
Tbarmax = 2016
Fbar_in_min = 0
Fbar_in_max = 64
Ttildemin = 0
Ttildemax = 42
Fbar_out_min = 0
Fbar_out_max = 64
num_threads = 32
num_warps = 24
num_blocks = 64
dish_grid = [(0, 0), (1, 0), (2, 0), (3, 0), (4, 0), (5, 0), (6, 0), (7, 0), (8, 0), (9, 0), (10, 0), (11, 0), (12, 0), (13, 0), (14, 0), (15, 0), (16, 0), (17, 0), (18, 0), (19, 0), (20, 0), (21, 0), (22, 0), (23, 0), (0, 1), (1, 1), (2, 1), (3, 1), (4, 1), (5, 1), (6, 1), (7, 1), (8, 1), (9, 1), (10, 1), (11, 1), (12, 1), (13, 1), (14, 1), (15, 1), (16, 1), (17, 1), (18, 1), (19, 1), (20, 1), (21, 1), (22, 1), (23, 1), (0, 2), (1, 2), (2, 2), (3, 2), (4, 2), (5, 2), (6, 2), (7, 2), (8, 2), (9, 2), (10, 2), (11, 2), (12, 2), (13, 2), (14, 2), (15, 2), (16, 2), (17, 2), (18, 2), (19, 2), (20, 2), (21, 2), (22, 2), (23, 2), (0, 3), (1, 3), (2, 3), (3, 3), (4, 3), (5, 3), (6, 3), (7, 3), (8, 3), (9, 3), (10, 3), (11, 3), (12, 3), (13, 3), (14, 3), (15, 3), (16, 3), (17, 3), (18, 3), (19, 3), (20, 3), (21, 3), (22, 3), (23, 3), (0, 4), (1, 4), (2, 4), (3, 4), (4, 4), (5, 4), (6, 4), (7, 4), (8, 4), (9, 4), (10, 4), (11, 4), (12, 4), (13, 4), (14, 4), (15, 4), (16, 4), (17, 4), (18, 4), (19, 4), (20, 4), (21, 4), (22, 4), (23, 4), (0, 5), (1, 5), (2, 5), (3, 5), (4, 5), (5, 5), (6, 5), (7, 5), (8, 5), (9, 5), (10, 5), (11, 5), (12, 5), (13, 5), (14, 5), (15, 5), (16, 5), (17, 5), (18, 5), (19, 5), (20, 5), (21, 5), (22, 5), (23, 5), (0, 6), (1, 6), (2, 6), (3, 6), (4, 6), (5, 6), (6, 6), (7, 6), (8, 6), (9, 6), (10, 6), (11, 6), (12, 6), (13, 6), (14, 6), (15, 6), (16, 6), (17, 6), (18, 6), (19, 6), (20, 6), (21, 6), (22, 6), (23, 6), (0, 7), (1, 7), (2, 7), (3, 7), (4, 7), (5, 7), (6, 7), (7, 7), (8, 7), (9, 7), (10, 7), (11, 7), (12, 7), (13, 7), (14, 7), (15, 7), (16, 7), (17, 7), (18, 7), (19, 7), (20, 7), (21, 7), (22, 7), (23, 7), (0, 8), (1, 8), (2, 8), (3, 8), (4, 8), (5, 8), (6, 8), (7, 8), (8, 8), (9, 8), (10, 8), (11, 8), (12, 8), (13, 8), (14, 8), (15, 8), (16, 8), (17, 8), (18, 8), (19, 8), (20, 8), (21, 8), (22, 8), (23, 8), (0, 9), (1, 9), (2, 9), (3, 9), (4, 9), (5, 9), (6, 9), (7, 9), (8, 9), (9, 9), (10, 9), (11, 9), (12, 9), (13, 9), (14, 9), (15, 9), (16, 9), (17, 9), (18, 9), (19, 9), (20, 9), (21, 9), (22, 9), (23, 9), (0, 10), (1, 10), (2, 10), (3, 10), (4, 10), (5, 10), (6, 10), (7, 10), (8, 10), (9, 10), (10, 10), (11, 10), (12, 10), (13, 10), (14, 10), (15, 10), (16, 10), (17, 10), (18, 10), (19, 10), (20, 10), (21, 10), (22, 10), (23, 10), (0, 11), (1, 11), (2, 11), (3, 11), (4, 11), (5, 11), (6, 11), (7, 11), (8, 11), (9, 11), (10, 11), (11, 11), (12, 11), (13, 11), (14, 11), (15, 11), (16, 11), (17, 11), (18, 11), (19, 11), (20, 11), (21, 11), (22, 11), (23, 11), (0, 12), (1, 12), (2, 12), (3, 12), (4, 12), (5, 12), (6, 12), (7, 12), (8, 12), (9, 12), (10, 12), (11, 12), (12, 12), (13, 12), (14, 12), (15, 12), (16, 12), (17, 12), (18, 12), (19, 12), (20, 12), (21, 12), (22, 12), (23, 12), (0, 13), (1, 13), (2, 13), (3, 13), (4, 13), (5, 13), (6, 13), (7, 13), (8, 13), (9, 13), (10, 13), (11, 13), (12, 13), (13, 13), (14, 13), (15, 13), (16, 13), (17, 13), (18, 13), (19, 13), (20, 13), (21, 13), (22, 13), (23, 13), (0, 14), (1, 14), (2, 14), (3, 14), (4, 14), (5, 14), (6, 14), (7, 14), (8, 14), (9, 14), (10, 14), (11, 14), (12, 14), (13, 14), (14, 14), (15, 14), (16, 14), (17, 14), (18, 14), (19, 14), (20, 14), (21, 14), (22, 14), (23, 14), (0, 15), (1, 15), (2, 15), (3, 15), (4, 15), (5, 15), (6, 15), (7, 15), (8, 15), (9, 15), (10, 15), (11, 15), (12, 15), (13, 15), (14, 15), (15, 15), (16, 15), (17, 15), (18, 15), (19, 15), (20, 15), (21, 15), (22, 15), (23, 15), (0, 16), (1, 16), (2, 16), (3, 16), (4, 16), (5, 16), (6, 16), (7, 16), (8, 16), (9, 16), (10, 16), (11, 16), (12, 16), (13, 16), (14, 16), (15, 16), (16, 16), (17, 16), (18, 16), (19, 16), (20, 16), (21, 16), (22, 16), (23, 16), (0, 17), (1, 17), (2, 17), (3, 17), (4, 17), (5, 17), (6, 17), (7, 17), (8, 17), (9, 17), (10, 17), (11, 17), (12, 17), (13, 17), (14, 17), (15, 17), (16, 17), (17, 17), (18, 17), (19, 17), (20, 17), (21, 17), (22, 17), (23, 17), (0, 18), (1, 18), (2, 18), (3, 18), (4, 18), (5, 18), (6, 18), (7, 18), (8, 18), (9, 18), (10, 18), (11, 18), (12, 18), (13, 18), (14, 18), (15, 18), (16, 18), (17, 18), (18, 18), (19, 18), (20, 18), (21, 18), (22, 18), (23, 18), (0, 19), (1, 19), (2, 19), (3, 19), (4, 19), (5, 19), (6, 19), (7, 19), (8, 19), (9, 19), (10, 19), (11, 19), (12, 19), (13, 19), (14, 19), (15, 19), (16, 19), (17, 19), (18, 19), (19, 19), (20, 19), (21, 19), (22, 19), (23, 19), (0, 20), (1, 20), (2, 20), (3, 20), (4, 20), (5, 20), (6, 20), (7, 20), (8, 20), (9, 20), (10, 20), (11, 20), (12, 20), (13, 20), (14, 20), (15, 20), (16, 20), (17, 20), (18, 20), (19, 20), (20, 20), (21, 20), (22, 20), (23, 20), (0, 21), (1, 21), (2, 21), (3, 21), (4, 21), (5, 21), (6, 21), (7, 21), (8, 21), (9, 21), (10, 21), (11, 21), (12, 21), (13, 21), (14, 21), (15, 21), (16, 21), (17, 21), (18, 21), (19, 21), (20, 21), (21, 21), (22, 21), (23, 21), (0, 22), (1, 22), (2, 22), (3, 22), (4, 22), (5, 22), (6, 22), (7, 22), (8, 22), (9, 22), (10, 22), (11, 22), (12, 22), (13, 22), (14, 22), (15, 22), (16, 22), (17, 22), (18, 22), (19, 22), (20, 22), (21, 22), (22, 22), (23, 22), (0, 23), (1, 23), (2, 23), (3, 23), (4, 23), (5, 23), (6, 23), (7, 23), (8, 23), (9, 23), (10, 23), (11, 23), (12, 23), (13, 23), (14, 23), (15, 23), (16, 23), (17, 23), (18, 23), (19, 23), (20, 23), (21, 23), (22, 23), (23, 23)]
freq = 25
polr = 0
time = 7062
Fvalue = -1.1594405f0 - 1.8685707f0im
Evalue = -1 - 2im
dish=0 E=Int4x8(6, 7, -8, -8, -8, -8, -8, -8)
dish=1 E=Int4x8(6, 7, 6, 7, -8, -8, -8, -8)
dish=2 E=Int4x8(6, 7, 6, 7, 6, 7, -8, -8)
dish=3 E=Int4x8(6, 7, 6, 7, 6, 7, 6, 7)
dish=4 E=Int4x8(6, 7, -8, -8, -8, -8, -8, -8)
dish=5 E=Int4x8(6, 7, 6, 7, -8, -8, -8, -8)
dish=6 E=Int4x8(6, 7, 6, 7, 6, 7, -8, -8)
dish=7 E=Int4x8(6, 7, 6, 7, 6, 7, 6, 7)
dish=8 E=Int4x8(6, 7, -8, -8, -8, -8, -8, -8)
dish=9 E=Int4x8(6, 7, 6, 7, -8, -8, -8, -8)
dish=10 E=Int4x8(6, 7, 6, 7, 6, 7, -8, -8)
dish=11 E=Int4x8(6, 7, 6, 7, 6, 7, 6, 7)
dish=12 E=Int4x8(6, 7, -8, -8, -8, -8, -8, -8)
dish=13 E=Int4x8(6, 7, 6, 7, -8, -8, -8, -8)
dish=14 E=Int4x8(6, 7, 6, 7, 6, 7, -8, -8)
dish=15 E=Int4x8(6, 7, 6, 7, 6, 7, 6, 7)
dish=16 E=Int4x8(6, 7, -8, -8, -8, -8, -8, -8)
dish=17 E=Int4x8(6, 7, 6, 7, -8, -8, -8, -8)
dish=18 E=Int4x8(6, 7, 6, 7, 6, 7, -8, -8)
dish=19 E=Int4x8(6, 7, 6, 7, 6, 7, 6, 7)
dish=20 E=Int4x8(6, 7, -8, -8, -8, -8, -8, -8)
dish=21 E=Int4x8(6, 7, 6, 7, -8, -8, -8, -8)
dish=22 E=Int4x8(6, 7, 6, 7, 6, 7, -8, -8)
dish=23 E=Int4x8(6, 7, 6, 7, 6, 7, 6, 7)
dish=24 E=Int4x8(6, 7, -8, -8, -8, -8, -8, -8)
dish=25 E=Int4x8(6, 7, 6, 7, -8, -8, -8, -8)
dish=26 E=Int4x8(6, 7, 6, 7, 6, 7, -8, -8)
dish=27 E=Int4x8(6, 7, 6, 7, 6, 7, 6, 7)
dish=28 E=Int4x8(6, 7, -8, -8, -8, -8, -8, -8)
dish=29 E=Int4x8(6, 7, 6, 7, -8, -8, -8, -8)
dish=30 E=Int4x8(6, 7, 6, 7, 6, 7, -8, -8)
dish=31 E=Int4x8(6, 7, 6, 7, 6, 7, 6, 7)
dish=32 E=Int4x8(6, 7, -8, -8, -8, -8, -8, -8)
dish=33 E=Int4x8(6, 7, 6, 7, -8, -8, -8, -8)
dish=34 E=Int4x8(6, 7, 6, 7, 6, 7, -8, -8)
dish=35 E=Int4x8(6, 7, 6, 7, 6, 7, 6, 7)
dish=36 E=Int4x8(6, 7, -8, -8, -8, -8, -8, -8)
dish=37 E=Int4x8(6, 7, 6, 7, -8, -8, -8, -8)
dish=38 E=Int4x8(6, 7, 6, 7, 6, 7, -8, -8)
dish=39 E=Int4x8(6, 7, 6, 7, 6, 7, 6, 7)
dish=40 E=Int4x8(6, 7, -8, -8, -8, -8, -8, -8)
dish=41 E=Int4x8(6, 7, 6, 7, -8, -8, -8, -8)
dish=42 E=Int4x8(6, 7, 6, 7, 6, 7, -8, -8)
dish=43 E=Int4x8(6, 7, 6, 7, 6, 7, 6, 7)
dish=44 E=Int4x8(6, 7, -8, -8, -8, -8, -8, -8)
dish=45 E=Int4x8(6, 7, 6, 7, -8, -8, -8, -8)
dish=46 E=Int4x8(6, 7, 6, 7, 6, 7, -8, -8)
dish=47 E=Int4x8(6, 7, 6, 7, 6, 7, 6, 7)
dish=48 E=Int4x8(6, 7, -8, -8, -8, -8, -8, -8)
dish=49 E=Int4x8(6, 7, 6, 7, -8, -8, -8, -8)
dish=50 E=Int4x8(6, 7, 6, 7, 6, 7, -8, -8)
dish=51 E=Int4x8(6, 7, 6, 7, 6, 7, 6, 7)
dish=52 E=Int4x8(6, 7, -8, -8, -8, -8, -8, -8)
dish=53 E=Int4x8(6, 7, 6, 7, -8, -8, -8, -8)
dish=54 E=Int4x8(6, 7, 6, 7, 6, 7, -8, -8)
dish=55 E=Int4x8(6, 7, 6, 7, 6, 7, 6, 7)
dish=56 E=Int4x8(6, 7, -8, -8, -8, -8, -8, -8)
dish=57 E=Int4x8(6, 7, 6, 7, -8, -8, -8, -8)
dish=58 E=Int4x8(6, 7, 6, 7, 6, 7, -8, -8)
dish=59 E=Int4x8(6, 7, 6, 7, 6, 7, 6, 7)
dish=60 E=Int4x8(6, 7, -8, -8, -8, -8, -8, -8)
dish=61 E=Int4x8(6, 7, 6, 7, -8, -8, -8, -8)
dish=62 E=Int4x8(6, 7, 6, 7, 6, 7, -8, -8)
dish=63 E=Int4x8(6, 7, 6, 7, 6, 7, 6, 7)
dish=64 E=Int4x8(6, 7, -8, -8, -8, -8, -8, -8)
dish=65 E=Int4x8(6, 7, 6, 7, -8, -8, -8, -8)
dish=66 E=Int4x8(6, 7, 6, 7, 6, 7, -8, -8)
dish=67 E=Int4x8(6, 7, 6, 7, 6, 7, 6, 7)
dish=68 E=Int4x8(6, 7, -8, -8, -8, -8, -8, -8)
dish=69 E=Int4x8(6, 7, 6, 7, -8, -8, -8, -8)
dish=70 E=Int4x8(6, 7, 6, 7, 6, 7, -8, -8)
dish=71 E=Int4x8(6, 7, 6, 7, 6, 7, 6, 7)
dish=72 E=Int4x8(6, 7, -8, -8, -8, -8, -8, -8)
dish=73 E=Int4x8(6, 7, 6, 7, -8, -8, -8, -8)
dish=74 E=Int4x8(6, 7, 6, 7, 6, 7, -8, -8)
dish=75 E=Int4x8(6, 7, 6, 7, 6, 7, 6, 7)
dish=76 E=Int4x8(6, 7, -8, -8, -8, -8, -8, -8)
dish=77 E=Int4x8(6, 7, 6, 7, -8, -8, -8, -8)
dish=78 E=Int4x8(6, 7, 6, 7, 6, 7, -8, -8)
dish=79 E=Int4x8(6, 7, 6, 7, 6, 7, 6, 7)
dish=80 E=Int4x8(6, 7, -8, -8, -8, -8, -8, -8)
dish=81 E=Int4x8(6, 7, 6, 7, -8, -8, -8, -8)
dish=82 E=Int4x8(6, 7, 6, 7, 6, 7, -8, -8)
dish=83 E=Int4x8(6, 7, 6, 7, 6, 7, 6, 7)
dish=84 E=Int4x8(6, 7, -8, -8, -8, -8, -8, -8)
dish=85 E=Int4x8(6, 7, 6, 7, -8, -8, -8, -8)
dish=86 E=Int4x8(6, 7, 6, 7, 6, 7, -8, -8)
dish=87 E=Int4x8(6, 7, 6, 7, 6, 7, 6, 7)
dish=88 E=Int4x8(6, 7, -8, -8, -8, -8, -8, -8)
dish=89 E=Int4x8(6, 7, 6, 7, -8, -8, -8, -8)
dish=90 E=Int4x8(6, 7, 6, 7, 6, 7, -8, -8)
dish=91 E=Int4x8(6, 7, 6, 7, 6, 7, 6, 7)
dish=92 E=Int4x8(6, 7, -8, -8, -8, -8, -8, -8)
dish=93 E=Int4x8(6, 7, 6, 7, -8, -8, -8, -8)
dish=94 E=Int4x8(6, 7, 6, 7, 6, 7, -8, -8)
dish=95 E=Int4x8(6, 7, 6, 7, 6, 7, 6, 7)
dish=96 E=Int4x8(6, 7, -8, -8, -8, -8, -8, -8)
dish=97 E=Int4x8(6, 7, 6, 7, -8, -8, -8, -8)
dish=98 E=Int4x8(6, 7, 6, 7, 6, 7, -8, -8)
dish=99 E=Int4x8(6, 7, 6, 7, 6, 7, 6, 7)
dish=100 E=Int4x8(6, 7, -8, -8, -8, -8, -8, -8)
dish=101 E=Int4x8(6, 7, 6, 7, -8, -8, -8, -8)
dish=102 E=Int4x8(6, 7, 6, 7, 6, 7, -8, -8)
dish=103 E=Int4x8(6, 7, 6, 7, 6, 7, 6, 7)
dish=104 E=Int4x8(6, 7, -8, -8, -8, -8, -8, -8)
dish=105 E=Int4x8(6, 7, 6, 7, -8, -8, -8, -8)
dish=106 E=Int4x8(6, 7, 6, 7, 6, 7, -8, -8)
dish=107 E=Int4x8(6, 7, 6, 7, 6, 7, 6, 7)
dish=108 E=Int4x8(6, 7, -8, -8, -8, -8, -8, -8)
dish=109 E=Int4x8(6, 7, 6, 7, -8, -8, -8, -8)
dish=110 E=Int4x8(6, 7, 6, 7, 6, 7, -8, -8)
dish=111 E=Int4x8(6, 7, 6, 7, 6, 7, 6, 7)
dish=112 E=Int4x8(6, 7, -8, -8, -8, -8, -8, -8)
dish=113 E=Int4x8(6, 7, 6, 7, -8, -8, -8, -8)
dish=114 E=Int4x8(6, 7, 6, 7, 6, 7, -8, -8)
dish=115 E=Int4x8(6, 7, 6, 7, 6, 7, 6, 7)
dish=116 E=Int4x8(6, 7, -8, -8, -8, -8, -8, -8)
dish=117 E=Int4x8(6, 7, 6, 7, -8, -8, -8, -8)
dish=118 E=Int4x8(6, 7, 6, 7, 6, 7, -8, -8)
dish=119 E=Int4x8(6, 7, 6, 7, 6, 7, 6, 7)
dish=120 E=Int4x8(6, 7, -8, -8, -8, -8, -8, -8)
dish=121 E=Int4x8(6, 7, 6, 7, -8, -8, -8, -8)
dish=122 E=Int4x8(6, 7, 6, 7, 6, 7, -8, -8)
dish=123 E=Int4x8(6, 7, 6, 7, 6, 7, 6, 7)
dish=124 E=Int4x8(6, 7, -8, -8, -8, -8, -8, -8)
dish=125 E=Int4x8(6, 7, 6, 7, -8, -8, -8, -8)
dish=126 E=Int4x8(6, 7, 6, 7, 6, 7, -8, -8)
dish=127 E=Int4x8(6, 7, 6, 7, 6, 7, 6, 7)
dish=128 E=Int4x8(6, 7, -8, -8, -8, -8, -8, -8)
dish=129 E=Int4x8(6, 7, 6, 7, -8, -8, -8, -8)
dish=130 E=Int4x8(6, 7, 6, 7, 6, 7, -8, -8)
dish=131 E=Int4x8(6, 7, 6, 7, 6, 7, 6, 7)
dish=132 E=Int4x8(6, 7, -8, -8, -8, -8, -8, -8)
dish=133 E=Int4x8(6, 7, 6, 7, -8, -8, -8, -8)
dish=134 E=Int4x8(6, 7, 6, 7, 6, 7, -8, -8)
dish=135 E=Int4x8(6, 7, 6, 7, 6, 7, 6, 7)
dish=136 E=Int4x8(6, 7, -8, -8, -8, -8, -8, -8)
dish=137 E=Int4x8(6, 7, 6, 7, -8, -8, -8, -8)
dish=138 E=Int4x8(6, 7, 6, 7, 6, 7, -8, -8)
dish=139 E=Int4x8(6, 7, 6, 7, 6, 7, 6, 7)
dish=140 E=Int4x8(6, 7, -8, -8, -8, -8, -8, -8)
dish=141 E=Int4x8(6, 7, 6, 7, -8, -8, -8, -8)
dish=142 E=Int4x8(6, 7, 6, 7, 6, 7, -8, -8)
dish=143 E=Int4x8(6, 7, 6, 7, 6, 7, 6, 7)
dish=144 E=Int4x8(6, 7, -8, -8, -8, -8, -8, -8)
dish=145 E=Int4x8(6, 7, 6, 7, -8, -8, -8, -8)
dish=146 E=Int4x8(6, 7, 6, 7, 6, 7, -8, -8)
dish=147 E=Int4x8(6, 7, 6, 7, 6, 7, 6, 7)
dish=148 E=Int4x8(6, 7, -8, -8, -8, -8, -8, -8)
dish=149 E=Int4x8(6, 7, 6, 7, -8, -8, -8, -8)
dish=150 E=Int4x8(6, 7, 6, 7, 6, 7, -8, -8)
dish=151 E=Int4x8(6, 7, 6, 7, 6, 7, 6, 7)
dish=152 E=Int4x8(6, 7, -8, -8, -8, -8, -8, -8)
dish=153 E=Int4x8(6, 7, 6, 7, -8, -8, -8, -8)
dish=154 E=Int4x8(6, 7, 6, 7, 6, 7, -8, -8)
dish=155 E=Int4x8(6, 7, 6, 7, 6, 7, 6, 7)
dish=156 E=Int4x8(6, 7, -8, -8, -8, -8, -8, -8)
dish=157 E=Int4x8(6, 7, 6, 7, -8, -8, -8, -8)
dish=158 E=Int4x8(6, 7, 6, 7, 6, 7, -8, -8)
dish=159 E=Int4x8(6, 7, 6, 7, 6, 7, 6, 7)
dish=160 E=Int4x8(6, 7, -8, -8, -8, -8, -8, -8)
dish=161 E=Int4x8(6, 7, 6, 7, -8, -8, -8, -8)
dish=162 E=Int4x8(6, 7, 6, 7, 6, 7, -8, -8)
dish=163 E=Int4x8(6, 7, 6, 7, 6, 7, 6, 7)
dish=164 E=Int4x8(6, 7, -8, -8, -8, -8, -8, -8)
dish=165 E=Int4x8(6, 7, 6, 7, -8, -8, -8, -8)
dish=166 E=Int4x8(6, 7, 6, 7, 6, 7, -8, -8)
dish=167 E=Int4x8(6, 7, 6, 7, 6, 7, 6, 7)
dish=168 E=Int4x8(6, 7, -8, -8, -8, -8, -8, -8)
dish=169 E=Int4x8(6, 7, 6, 7, -8, -8, -8, -8)
dish=170 E=Int4x8(6, 7, 6, 7, 6, 7, -8, -8)
dish=171 E=Int4x8(6, 7, 6, 7, 6, 7, 6, 7)
dish=172 E=Int4x8(6, 7, -8, -8, -8, -8, -8, -8)
dish=173 E=Int4x8(6, 7, 6, 7, -8, -8, -8, -8)
dish=174 E=Int4x8(6, 7, 6, 7, 6, 7, -8, -8)
dish=175 E=Int4x8(6, 7, 6, 7, 6, 7, 6, 7)
dish=176 E=Int4x8(6, 7, -8, -8, -8, -8, -8, -8)
dish=177 E=Int4x8(6, 7, 6, 7, -8, -8, -8, -8)
dish=178 E=Int4x8(6, 7, 6, 7, 6, 7, -8, -8)
dish=179 E=Int4x8(6, 7, 6, 7, 6, 7, 6, 7)
dish=180 E=Int4x8(6, 7, -8, -8, -8, -8, -8, -8)
dish=181 E=Int4x8(6, 7, 6, 7, -8, -8, -8, -8)
dish=182 E=Int4x8(6, 7, 6, 7, 6, 7, -8, -8)
dish=183 E=Int4x8(6, 7, 6, 7, 6, 7, 6, 7)
dish=184 E=Int4x8(6, 7, -8, -8, -8, -8, -8, -8)
dish=185 E=Int4x8(6, 7, 6, 7, -8, -8, -8, -8)
dish=186 E=Int4x8(6, 7, 6, 7, 6, 7, -8, -8)
dish=187 E=Int4x8(6, 7, 6, 7, 6, 7, 6, 7)
dish=188 E=Int4x8(6, 7, -8, -8, -8, -8, -8, -8)
dish=189 E=Int4x8(6, 7, 6, 7, -8, -8, -8, -8)
dish=190 E=Int4x8(6, 7, 6, 7, 6, 7, -8, -8)
dish=191 E=Int4x8(6, 7, 6, 7, 6, 7, 6, 7)
dish=192 E=Int4x8(6, 7, -8, -8, -8, -8, -8, -8)
dish=193 E=Int4x8(6, 7, 6, 7, -8, -8, -8, -8)
dish=194 E=Int4x8(6, 7, 6, 7, 6, 7, -8, -8)
dish=195 E=Int4x8(6, 7, 6, 7, 6, 7, 6, 7)
dish=196 E=Int4x8(6, 7, -8, -8, -8, -8, -8, -8)
dish=197 E=Int4x8(6, 7, 6, 7, -8, -8, -8, -8)
dish=198 E=Int4x8(6, 7, 6, 7, 6, 7, -8, -8)
dish=199 E=Int4x8(6, 7, 6, 7, 6, 7, 6, 7)
dish=200 E=Int4x8(6, 7, -8, -8, -8, -8, -8, -8)
dish=201 E=Int4x8(6, 7, 6, 7, -8, -8, -8, -8)
dish=202 E=Int4x8(6, 7, 6, 7, 6, 7, -8, -8)
dish=203 E=Int4x8(6, 7, 6, 7, 6, 7, 6, 7)
dish=204 E=Int4x8(6, 7, -8, -8, -8, -8, -8, -8)
dish=205 E=Int4x8(6, 7, 6, 7, -8, -8, -8, -8)
dish=206 E=Int4x8(6, 7, 6, 7, 6, 7, -8, -8)
dish=207 E=Int4x8(6, 7, 6, 7, 6, 7, 6, 7)
dish=208 E=Int4x8(6, 7, -8, -8, -8, -8, -8, -8)
dish=209 E=Int4x8(6, 7, 6, 7, -8, -8, -8, -8)
dish=210 E=Int4x8(6, 7, 6, 7, 6, 7, -8, -8)
dish=211 E=Int4x8(6, 7, 6, 7, 6, 7, 6, 7)
dish=212 E=Int4x8(6, 7, -8, -8, -8, -8, -8, -8)
dish=213 E=Int4x8(6, 7, 6, 7, -8, -8, -8, -8)
dish=214 E=Int4x8(6, 7, 6, 7, 6, 7, -8, -8)
dish=215 E=Int4x8(6, 7, 6, 7, 6, 7, 6, 7)
dish=216 E=Int4x8(6, 7, -8, -8, -8, -8, -8, -8)
dish=217 E=Int4x8(6, 7, 6, 7, -8, -8, -8, -8)
dish=218 E=Int4x8(6, 7, 6, 7, 6, 7, -8, -8)
dish=219 E=Int4x8(6, 7, 6, 7, 6, 7, 6, 7)
dish=220 E=Int4x8(6, 7, -8, -8, -8, -8, -8, -8)
dish=221 E=Int4x8(6, 7, 6, 7, -8, -8, -8, -8)
dish=222 E=Int4x8(6, 7, 6, 7, 6, 7, -8, -8)
dish=223 E=Int4x8(6, 7, 6, 7, 6, 7, 6, 7)
dish=224 E=Int4x8(6, 7, -8, -8, -8, -8, -8, -8)
dish=225 E=Int4x8(6, 7, 6, 7, -8, -8, -8, -8)
dish=226 E=Int4x8(6, 7, 6, 7, 6, 7, -8, -8)
dish=227 E=Int4x8(6, 7, 6, 7, 6, 7, 6, 7)
dish=228 E=Int4x8(6, 7, -8, -8, -8, -8, -8, -8)
dish=229 E=Int4x8(6, 7, 6, 7, -8, -8, -8, -8)
dish=230 E=Int4x8(6, 7, 6, 7, 6, 7, -8, -8)
dish=231 E=Int4x8(6, 7, 6, 7, 6, 7, 6, 7)
dish=232 E=Int4x8(6, 7, -8, -8, -8, -8, -8, -8)
dish=233 E=Int4x8(6, 7, 6, 7, -8, -8, -8, -8)
dish=234 E=Int4x8(6, 7, 6, 7, 6, 7, -8, -8)
dish=235 E=Int4x8(6, 7, 6, 7, 6, 7, 6, 7)
dish=236 E=Int4x8(6, 7, -8, -8, -8, -8, -8, -8)
dish=237 E=Int4x8(6, 7, 6, 7, -8, -8, -8, -8)
dish=238 E=Int4x8(6, 7, 6, 7, 6, 7, -8, -8)
dish=239 E=Int4x8(6, 7, 6, 7, 6, 7, 6, 7)
dish=240 E=Int4x8(6, 7, -8, -8, -8, -8, -8, -8)
dish=241 E=Int4x8(6, 7, 6, 7, -8, -8, -8, -8)
dish=242 E=Int4x8(6, 7, 6, 7, 6, 7, -8, -8)
dish=243 E=Int4x8(6, 7, 6, 7, 6, 7, 6, 7)
dish=244 E=Int4x8(6, 7, -8, -8, -8, -8, -8, -8)
dish=245 E=Int4x8(6, 7, 6, 7, -8, -8, -8, -8)
dish=246 E=Int4x8(6, 7, 6, 7, 6, 7, -8, -8)
dish=247 E=Int4x8(6, 7, 6, 7, 6, 7, 6, 7)
dish=248 E=Int4x8(6, 7, -8, -8, -8, -8, -8, -8)
dish=249 E=Int4x8(6, 7, 6, 7, -8, -8, -8, -8)
dish=250 E=Int4x8(6, 7, 6, 7, 6, 7, -8, -8)
dish=251 E=Int4x8(6, 7, 6, 7, 6, 7, 6, 7)
dish=252 E=Int4x8(6, 7, -8, -8, -8, -8, -8, -8)
dish=253 E=Int4x8(6, 7, 6, 7, -8, -8, -8, -8)
dish=254 E=Int4x8(6, 7, 6, 7, 6, 7, -8, -8)
dish=255 E=Int4x8(6, 7, 6, 7, 6, 7, 6, 7)
dish=256 E=Int4x8(6, 7, -8, -8, -8, -8, -8, -8)
dish=257 E=Int4x8(6, 7, 6, 7, -8, -8, -8, -8)
dish=258 E=Int4x8(6, 7, 6, 7, 6, 7, -8, -8)
dish=259 E=Int4x8(6, 7, 6, 7, 6, 7, 6, 7)
dish=260 E=Int4x8(6, 7, -8, -8, -8, -8, -8, -8)
dish=261 E=Int4x8(6, 7, 6, 7, -8, -8, -8, -8)
dish=262 E=Int4x8(6, 7, 6, 7, 6, 7, -8, -8)
dish=263 E=Int4x8(6, 7, 6, 7, 6, 7, 6, 7)
dish=264 E=Int4x8(6, 7, -8, -8, -8, -8, -8, -8)
dish=265 E=Int4x8(6, 7, 6, 7, -8, -8, -8, -8)
dish=266 E=Int4x8(6, 7, 6, 7, 6, 7, -8, -8)
dish=267 E=Int4x8(6, 7, 6, 7, 6, 7, 6, 7)
dish=268 E=Int4x8(6, 7, -8, -8, -8, -8, -8, -8)
dish=269 E=Int4x8(6, 7, 6, 7, -8, -8, -8, -8)
dish=270 E=Int4x8(6, 7, 6, 7, 6, 7, -8, -8)
dish=271 E=Int4x8(6, 7, 6, 7, 6, 7, 6, 7)
dish=272 E=Int4x8(6, 7, -8, -8, -8, -8, -8, -8)
dish=273 E=Int4x8(6, 7, 6, 7, -8, -8, -8, -8)
dish=274 E=Int4x8(6, 7, 6, 7, 6, 7, -8, -8)
dish=275 E=Int4x8(6, 7, 6, 7, 6, 7, 6, 7)
dish=276 E=Int4x8(6, 7, -8, -8, -8, -8, -8, -8)
dish=277 E=Int4x8(6, 7, 6, 7, -8, -8, -8, -8)
dish=278 E=Int4x8(6, 7, 6, 7, 6, 7, -8, -8)
dish=279 E=Int4x8(6, 7, 6, 7, 6, 7, 6, 7)
dish=280 E=Int4x8(6, 7, -8, -8, -8, -8, -8, -8)
dish=281 E=Int4x8(6, 7, 6, 7, -8, -8, -8, -8)
dish=282 E=Int4x8(6, 7, 6, 7, 6, 7, -8, -8)
dish=283 E=Int4x8(6, 7, 6, 7, 6, 7, 6, 7)
dish=284 E=Int4x8(6, 7, -8, -8, -8, -8, -8, -8)
dish=285 E=Int4x8(6, 7, 6, 7, -8, -8, -8, -8)
dish=286 E=Int4x8(6, 7, 6, 7, 6, 7, -8, -8)
dish=287 E=Int4x8(6, 7, 6, 7, 6, 7, 6, 7)
dish=288 E=Int4x8(6, 7, -8, -8, -8, -8, -8, -8)
dish=289 E=Int4x8(6, 7, 6, 7, -8, -8, -8, -8)
dish=290 E=Int4x8(6, 7, 6, 7, 6, 7, -8, -8)
dish=291 E=Int4x8(6, 7, 6, 7, 6, 7, 6, 7)
dish=292 E=Int4x8(6, 7, -8, -8, -8, -8, -8, -8)
dish=293 E=Int4x8(6, 7, 6, 7, -8, -8, -8, -8)
dish=294 E=Int4x8(6, 7, 6, 7, 6, 7, -8, -8)
dish=295 E=Int4x8(6, 7, 6, 7, 6, 7, 6, 7)
dish=296 E=Int4x8(6, 7, -8, -8, -8, -8, -8, -8)
dish=297 E=Int4x8(6, 7, 6, 7, -8, -8, -8, -8)
dish=298 E=Int4x8(6, 7, 6, 7, 6, 7, -8, -8)
dish=299 E=Int4x8(6, 7, 6, 7, 6, 7, 6, 7)
dish=300 E=Int4x8(6, 7, -8, -8, -8, -8, -8, -8)
dish=301 E=Int4x8(6, 7, 6, 7, -8, -8, -8, -8)
dish=302 E=Int4x8(6, 7, 6, 7, 6, 7, -8, -8)
dish=303 E=Int4x8(6, 7, 6, 7, 6, 7, 6, 7)
dish=304 E=Int4x8(6, 7, -8, -8, -8, -8, -8, -8)
dish=305 E=Int4x8(6, 7, 6, 7, -8, -8, -8, -8)
dish=306 E=Int4x8(6, 7, 6, 7, 6, 7, -8, -8)
dish=307 E=Int4x8(6, 7, 6, 7, 6, 7, 6, 7)
dish=308 E=Int4x8(6, 7, -8, -8, -8, -8, -8, -8)
dish=309 E=Int4x8(6, 7, 6, 7, -8, -8, -8, -8)
dish=310 E=Int4x8(6, 7, 6, 7, 6, 7, -8, -8)
dish=311 E=Int4x8(6, 7, 6, 7, 6, 7, 6, 7)
dish=312 E=Int4x8(6, 7, -8, -8, -8, -8, -8, -8)
dish=313 E=Int4x8(6, 7, 6, 7, -8, -8, -8, -8)
dish=314 E=Int4x8(6, 7, 6, 7, 6, 7, -8, -8)
dish=315 E=Int4x8(6, 7, 6, 7, 6, 7, 6, 7)
dish=316 E=Int4x8(6, 7, -8, -8, -8, -8, -8, -8)
dish=317 E=Int4x8(6, 7, 6, 7, -8, -8, -8, -8)
dish=318 E=Int4x8(6, 7, 6, 7, 6, 7, -8, -8)
dish=319 E=Int4x8(6, 7, 6, 7, 6, 7, 6, 7)
dish=320 E=Int4x8(6, 7, -8, -8, -8, -8, -8, -8)
dish=321 E=Int4x8(6, 7, 6, 7, -8, -8, -8, -8)
dish=322 E=Int4x8(6, 7, 6, 7, 6, 7, -8, -8)
dish=323 E=Int4x8(6, 7, 6, 7, 6, 7, 6, 7)
dish=324 E=Int4x8(6, 7, -8, -8, -8, -8, -8, -8)
dish=325 E=Int4x8(6, 7, 6, 7, -8, -8, -8, -8)
dish=326 E=Int4x8(6, 7, 6, 7, 6, 7, -8, -8)
dish=327 E=Int4x8(6, 7, 6, 7, 6, 7, 6, 7)
dish=328 E=Int4x8(6, 7, -8, -8, -8, -8, -8, -8)
dish=329 E=Int4x8(6, 7, 6, 7, -8, -8, -8, -8)
dish=330 E=Int4x8(6, 7, 6, 7, 6, 7, -8, -8)
dish=331 E=Int4x8(6, 7, 6, 7, 6, 7, 6, 7)
dish=332 E=Int4x8(6, 7, -8, -8, -8, -8, -8, -8)
dish=333 E=Int4x8(6, 7, 6, 7, -8, -8, -8, -8)
dish=334 E=Int4x8(6, 7, 6, 7, 6, 7, -8, -8)
dish=335 E=Int4x8(6, 7, 6, 7, 6, 7, 6, 7)
dish=336 E=Int4x8(6, 7, -8, -8, -8, -8, -8, -8)
dish=337 E=Int4x8(6, 7, 6, 7, -8, -8, -8, -8)
dish=338 E=Int4x8(6, 7, 6, 7, 6, 7, -8, -8)
dish=339 E=Int4x8(6, 7, 6, 7, 6, 7, 6, 7)
dish=340 E=Int4x8(6, 7, -8, -8, -8, -8, -8, -8)
dish=341 E=Int4x8(6, 7, 6, 7, -8, -8, -8, -8)
dish=342 E=Int4x8(6, 7, 6, 7, 6, 7, -8, -8)
dish=343 E=Int4x8(6, 7, 6, 7, 6, 7, 6, 7)
dish=344 E=Int4x8(6, 7, -8, -8, -8, -8, -8, -8)
dish=345 E=Int4x8(6, 7, 6, 7, -8, -8, -8, -8)
dish=346 E=Int4x8(6, 7, 6, 7, 6, 7, -8, -8)
dish=347 E=Int4x8(6, 7, 6, 7, 6, 7, 6, 7)
dish=348 E=Int4x8(6, 7, -8, -8, -8, -8, -8, -8)
dish=349 E=Int4x8(6, 7, 6, 7, -8, -8, -8, -8)
dish=350 E=Int4x8(6, 7, 6, 7, 6, 7, -8, -8)
dish=351 E=Int4x8(6, 7, 6, 7, 6, 7, 6, 7)
dish=352 E=Int4x8(6, 7, -8, -8, -8, -8, -8, -8)
dish=353 E=Int4x8(6, 7, 6, 7, -8, -8, -8, -8)
dish=354 E=Int4x8(6, 7, 6, 7, 6, 7, -8, -8)
dish=355 E=Int4x8(6, 7, 6, 7, 6, 7, 6, 7)
dish=356 E=Int4x8(6, 7, -8, -8, -8, -8, -8, -8)
dish=357 E=Int4x8(6, 7, 6, 7, -8, -8, -8, -8)
dish=358 E=Int4x8(6, 7, 6, 7, 6, 7, -8, -8)
dish=359 E=Int4x8(6, 7, 6, 7, 6, 7, 6, 7)
dish=360 E=Int4x8(6, 7, -8, -8, -8, -8, -8, -8)
dish=361 E=Int4x8(6, 7, 6, 7, -8, -8, -8, -8)
dish=362 E=Int4x8(6, 7, 6, 7, 6, 7, -8, -8)
dish=363 E=Int4x8(6, 7, 6, 7, 6, 7, 6, 7)
dish=364 E=Int4x8(6, 7, -8, -8, -8, -8, -8, -8)
dish=365 E=Int4x8(6, 7, 6, 7, -8, -8, -8, -8)
dish=366 E=Int4x8(6, 7, 6, 7, 6, 7, -8, -8)
dish=367 E=Int4x8(6, 7, 6, 7, 6, 7, 6, 7)
dish=368 E=Int4x8(6, 7, -8, -8, -8, -8, -8, -8)
dish=369 E=Int4x8(6, 7, 6, 7, -8, -8, -8, -8)
dish=370 E=Int4x8(6, 7, 6, 7, 6, 7, -8, -8)
dish=371 E=Int4x8(6, 7, 6, 7, 6, 7, 6, 7)
dish=372 E=Int4x8(6, 7, -8, -8, -8, -8, -8, -8)
dish=373 E=Int4x8(6, 7, 6, 7, -8, -8, -8, -8)
dish=374 E=Int4x8(6, 7, 6, 7, 6, 7, -8, -8)
dish=375 E=Int4x8(6, 7, 6, 7, 6, 7, 6, 7)
dish=376 E=Int4x8(6, 7, -8, -8, -8, -8, -8, -8)
dish=377 E=Int4x8(6, 7, 6, 7, -8, -8, -8, -8)
dish=378 E=Int4x8(6, 7, 6, 7, 6, 7, -8, -8)
dish=379 E=Int4x8(6, 7, 6, 7, 6, 7, 6, 7)
dish=380 E=Int4x8(6, 7, -8, -8, -8, -8, -8, -8)
dish=381 E=Int4x8(6, 7, 6, 7, -8, -8, -8, -8)
dish=382 E=Int4x8(6, 7, 6, 7, 6, 7, -8, -8)
dish=383 E=Int4x8(6, 7, 6, 7, 6, 7, 6, 7)
dish=384 E=Int4x8(6, 7, -8, -8, -8, -8, -8, -8)
dish=385 E=Int4x8(6, 7, 6, 7, -8, -8, -8, -8)
dish=386 E=Int4x8(6, 7, 6, 7, 6, 7, -8, -8)
dish=387 E=Int4x8(6, 7, 6, 7, 6, 7, 6, 7)
dish=388 E=Int4x8(6, 7, -8, -8, -8, -8, -8, -8)
dish=389 E=Int4x8(6, 7, 6, 7, -8, -8, -8, -8)
dish=390 E=Int4x8(6, 7, 6, 7, 6, 7, -8, -8)
dish=391 E=Int4x8(6, 7, 6, 7, 6, 7, 6, 7)
dish=392 E=Int4x8(6, 7, -8, -8, -8, -8, -8, -8)
dish=393 E=Int4x8(6, 7, 6, 7, -8, -8, -8, -8)
dish=394 E=Int4x8(6, 7, 6, 7, 6, 7, -8, -8)
dish=395 E=Int4x8(6, 7, 6, 7, 6, 7, 6, 7)
dish=396 E=Int4x8(6, 7, -8, -8, -8, -8, -8, -8)
dish=397 E=Int4x8(6, 7, 6, 7, -8, -8, -8, -8)
dish=398 E=Int4x8(6, 7, 6, 7, 6, 7, -8, -8)
dish=399 E=Int4x8(6, 7, 6, 7, 6, 7, 6, 7)
dish=400 E=Int4x8(6, 7, -8, -8, -8, -8, -8, -8)
dish=401 E=Int4x8(6, 7, 6, 7, -8, -8, -8, -8)
dish=402 E=Int4x8(6, 7, 6, 7, 6, 7, -8, -8)
dish=403 E=Int4x8(6, 7, 6, 7, 6, 7, 6, 7)
dish=404 E=Int4x8(6, 7, -8, -8, -8, -8, -8, -8)
dish=405 E=Int4x8(6, 7, 6, 7, -8, -8, -8, -8)
dish=406 E=Int4x8(6, 7, 6, 7, 6, 7, -8, -8)
dish=407 E=Int4x8(6, 7, 6, 7, 6, 7, 6, 7)
dish=408 E=Int4x8(6, 7, -8, -8, -8, -8, -8, -8)
dish=409 E=Int4x8(6, 7, 6, 7, -8, -8, -8, -8)
dish=410 E=Int4x8(6, 7, 6, 7, 6, 7, -8, -8)
dish=411 E=Int4x8(6, 7, 6, 7, 6, 7, 6, 7)
dish=412 E=Int4x8(6, 7, -8, -8, -8, -8, -8, -8)
dish=413 E=Int4x8(6, 7, 6, 7, -8, -8, -8, -8)
dish=414 E=Int4x8(6, 7, 6, 7, 6, 7, -8, -8)
dish=415 E=Int4x8(6, 7, 6, 7, 6, 7, 6, 7)
dish=416 E=Int4x8(6, 7, -8, -8, -8, -8, -8, -8)
dish=417 E=Int4x8(6, 7, 6, 7, -8, -8, -8, -8)
dish=418 E=Int4x8(6, 7, 6, 7, 6, 7, -8, -8)
dish=419 E=Int4x8(6, 7, 6, 7, 6, 7, 6, 7)
dish=420 E=Int4x8(6, 7, -8, -8, -8, -8, -8, -8)
dish=421 E=Int4x8(6, 7, 6, 7, -8, -8, -8, -8)
dish=422 E=Int4x8(6, 7, 6, 7, 6, 7, -8, -8)
dish=423 E=Int4x8(6, 7, 6, 7, 6, 7, 6, 7)
dish=424 E=Int4x8(6, 7, -8, -8, -8, -8, -8, -8)
dish=425 E=Int4x8(6, 7, 6, 7, -8, -8, -8, -8)
dish=426 E=Int4x8(6, 7, 6, 7, 6, 7, -8, -8)
dish=427 E=Int4x8(6, 7, 6, 7, 6, 7, 6, 7)
dish=428 E=Int4x8(6, 7, -8, -8, -8, -8, -8, -8)
dish=429 E=Int4x8(6, 7, 6, 7, -8, -8, -8, -8)
dish=430 E=Int4x8(6, 7, 6, 7, 6, 7, -8, -8)
dish=431 E=Int4x8(6, 7, 6, 7, 6, 7, 6, 7)
dish=432 E=Int4x8(6, 7, -8, -8, -8, -8, -8, -8)
dish=433 E=Int4x8(6, 7, 6, 7, -8, -8, -8, -8)
dish=434 E=Int4x8(6, 7, 6, 7, 6, 7, -8, -8)
dish=435 E=Int4x8(6, 7, 6, 7, 6, 7, 6, 7)
dish=436 E=Int4x8(6, 7, -8, -8, -8, -8, -8, -8)
dish=437 E=Int4x8(6, 7, 6, 7, -8, -8, -8, -8)
dish=438 E=Int4x8(6, 7, 6, 7, 6, 7, -8, -8)
dish=439 E=Int4x8(6, 7, 6, 7, 6, 7, 6, 7)
dish=440 E=Int4x8(6, 7, -8, -8, -8, -8, -8, -8)
dish=441 E=Int4x8(6, 7, 6, 7, -8, -8, -8, -8)
dish=442 E=Int4x8(6, 7, 6, 7, 6, 7, -8, -8)
dish=443 E=Int4x8(6, 7, 6, 7, 6, 7, 6, 7)
dish=444 E=Int4x8(6, 7, -8, -8, -8, -8, -8, -8)
dish=445 E=Int4x8(6, 7, 6, 7, -8, -8, -8, -8)
dish=446 E=Int4x8(6, 7, 6, 7, 6, 7, -8, -8)
dish=447 E=Int4x8(6, 7, 6, 7, 6, 7, 6, 7)
dish=448 E=Int4x8(6, 7, -8, -8, -8, -8, -8, -8)
dish=449 E=Int4x8(6, 7, 6, 7, -8, -8, -8, -8)
dish=450 E=Int4x8(6, 7, 6, 7, 6, 7, -8, -8)
dish=451 E=Int4x8(6, 7, 6, 7, 6, 7, 6, 7)
dish=452 E=Int4x8(6, 7, -8, -8, -8, -8, -8, -8)
dish=453 E=Int4x8(6, 7, 6, 7, -8, -8, -8, -8)
dish=454 E=Int4x8(6, 7, 6, 7, 6, 7, -8, -8)
dish=455 E=Int4x8(6, 7, 6, 7, 6, 7, 6, 7)
dish=456 E=Int4x8(6, 7, -8, -8, -8, -8, -8, -8)
dish=457 E=Int4x8(6, 7, 6, 7, -8, -8, -8, -8)
dish=458 E=Int4x8(6, 7, 6, 7, 6, 7, -8, -8)
dish=459 E=Int4x8(6, 7, 6, 7, 6, 7, 6, 7)
dish=460 E=Int4x8(6, 7, -8, -8, -8, -8, -8, -8)
dish=461 E=Int4x8(6, 7, 6, 7, -8, -8, -8, -8)
dish=462 E=Int4x8(6, 7, 6, 7, 6, 7, -8, -8)
dish=463 E=Int4x8(6, 7, 6, 7, 6, 7, 6, 7)
dish=464 E=Int4x8(6, 7, -8, -8, -8, -8, -8, -8)
dish=465 E=Int4x8(6, 7, 6, 7, -8, -8, -8, -8)
dish=466 E=Int4x8(6, 7, 6, 7, 6, 7, -8, -8)
dish=467 E=Int4x8(6, 7, 6, 7, 6, 7, 6, 7)
dish=468 E=Int4x8(6, 7, -8, -8, -8, -8, -8, -8)
dish=469 E=Int4x8(6, 7, 6, 7, -8, -8, -8, -8)
dish=470 E=Int4x8(6, 7, 6, 7, 6, 7, -8, -8)
dish=471 E=Int4x8(6, 7, 6, 7, 6, 7, 6, 7)
dish=472 E=Int4x8(6, 7, -8, -8, -8, -8, -8, -8)
dish=473 E=Int4x8(6, 7, 6, 7, -8, -8, -8, -8)
dish=474 E=Int4x8(6, 7, 6, 7, 6, 7, -8, -8)
dish=475 E=Int4x8(6, 7, 6, 7, 6, 7, 6, 7)
dish=476 E=Int4x8(6, 7, -8, -8, -8, -8, -8, -8)
dish=477 E=Int4x8(6, 7, 6, 7, -8, -8, -8, -8)
dish=478 E=Int4x8(6, 7, 6, 7, 6, 7, -8, -8)
dish=479 E=Int4x8(6, 7, 6, 7, 6, 7, 6, 7)
dish=480 E=Int4x8(6, 7, -8, -8, -8, -8, -8, -8)
dish=481 E=Int4x8(6, 7, 6, 7, -8, -8, -8, -8)
dish=482 E=Int4x8(6, 7, 6, 7, 6, 7, -8, -8)
dish=483 E=Int4x8(6, 7, 6, 7, 6, 7, 6, 7)
dish=484 E=Int4x8(6, 7, -8, -8, -8, -8, -8, -8)
dish=485 E=Int4x8(6, 7, 6, 7, -8, -8, -8, -8)
dish=486 E=Int4x8(6, 7, 6, 7, 6, 7, -8, -8)
dish=487 E=Int4x8(6, 7, 6, 7, 6, 7, 6, 7)
dish=488 E=Int4x8(6, 7, -8, -8, -8, -8, -8, -8)
dish=489 E=Int4x8(6, 7, 6, 7, -8, -8, -8, -8)
dish=490 E=Int4x8(6, 7, 6, 7, 6, 7, -8, -8)
dish=491 E=Int4x8(6, 7, 6, 7, 6, 7, 6, 7)
dish=492 E=Int4x8(6, 7, -8, -8, -8, -8, -8, -8)
dish=493 E=Int4x8(6, 7, 6, 7, -8, -8, -8, -8)
dish=494 E=Int4x8(6, 7, 6, 7, 6, 7, -8, -8)
dish=495 E=Int4x8(6, 7, 6, 7, 6, 7, 6, 7)
dish=496 E=Int4x8(6, 7, -8, -8, -8, -8, -8, -8)
dish=497 E=Int4x8(6, 7, 6, 7, -8, -8, -8, -8)
dish=498 E=Int4x8(6, 7, 6, 7, 6, 7, -8, -8)
dish=499 E=Int4x8(6, 7, 6, 7, 6, 7, 6, 7)
dish=500 E=Int4x8(6, 7, -8, -8, -8, -8, -8, -8)
dish=501 E=Int4x8(6, 7, 6, 7, -8, -8, -8, -8)
dish=502 E=Int4x8(6, 7, 6, 7, 6, 7, -8, -8)
dish=503 E=Int4x8(6, 7, 6, 7, 6, 7, 6, 7)
dish=504 E=Int4x8(6, 7, -8, -8, -8, -8, -8, -8)
dish=505 E=Int4x8(6, 7, 6, 7, -8, -8, -8, -8)
dish=506 E=Int4x8(6, 7, 6, 7, 6, 7, -8, -8)
dish=507 E=Int4x8(6, 7, 6, 7, 6, 7, 6, 7)
dish=508 E=Int4x8(6, 7, -8, -8, -8, -8, -8, -8)
dish=509 E=Int4x8(6, 7, 6, 7, -8, -8, -8, -8)
dish=510 E=Int4x8(6, 7, 6, 7, 6, 7, -8, -8)
dish=511 E=Int4x8(6, 7, 6, 7, 6, 7, 6, 7)
dstime = 147
beamp=0 beamq=0 I=13.333333333333332
beamp=1 beamq=0 I=5.371553633112208
beamp=2 beamq=0 I=0.002239054230360701
beamp=3 beamq=0 I=0.646804018797214
beamp=4 beamq=0 I=0.000569467651902667
beamp=5 beamq=0 I=0.22238142539521444
beamp=6 beamq=0 I=0.0
beamp=7 beamq=0 I=0.11745878046182404
beamp=8 beamq=0 I=0.0001525874994791708
beamp=9 beamq=0 I=0.07975652284899323
beamp=10 beamq=0 I=0.00010292734733450876
beamp=11 beamq=0 I=0.052853090744516835
beamp=12 beamq=0 I=0.0
beamp=13 beamq=0 I=0.040648811239882864
beamp=14 beamq=0 I=6.061530453767675e-5
beamp=15 beamq=0 I=0.03560831350188031
beamp=16 beamq=0 I=5.0856361117814134e-5
beamp=17 beamq=0 I=0.028564986758128064
beamp=18 beamq=0 I=0.0
beamp=19 beamq=0 I=0.02562455272225828
beamp=20 beamq=0 I=4.088436005084129e-5
beamp=21 beamq=0 I=0.025591532299427205
beamp=22 beamq=0 I=3.8801918954202545e-5
beamp=23 beamq=0 I=0.02307582776169287
beamp=24 beamq=0 I=0.0
beamp=25 beamq=0 I=0.02307602488685959
beamp=26 beamq=0 I=3.880950201163413e-5
beamp=27 beamq=0 I=0.025591532299427205
beamp=28 beamq=0 I=4.0890626086990035e-5
beamp=29 beamq=0 I=0.025625113592662896
beamp=30 beamq=0 I=0.0
beamp=31 beamq=0 I=0.028565364371609593
beamp=32 beamq=0 I=5.0874708013494486e-5
beamp=33 beamq=0 I=0.03560831350188031
beamp=34 beamq=0 I=6.06119712060536e-5
beamp=35 beamq=0 I=0.04064941394046354
beamp=36 beamq=0 I=0.0
beamp=37 beamq=0 I=0.052852961460459064
beamp=38 beamq=0 I=0.00010292159001538482
beamp=39 beamq=0 I=0.07975652284899323
beamp=40 beamq=0 I=0.0001525750156136973
beamp=41 beamq=0 I=0.1174589733781104
beamp=42 beamq=0 I=0.0
beamp=43 beamq=0 I=0.22238096351206837
beamp=44 beamq=0 I=0.0005694432111469289
beamp=45 beamq=0 I=0.6468040187972139
beamp=46 beamq=0 I=0.0022390694161313405
beamp=47 beamq=0 I=5.371555215291217
beamp=0 beamq=1 I=6.6297661376687955
beamp=1 beamq=1 I=2.8416558291306764
beamp=2 beamq=1 I=0.0022390542652699196
beamp=3 beamq=1 I=0.3070912483733608
beamp=4 beamq=1 I=0.000569466399140574
beamp=5 beamq=1 I=0.10496739902502583
beamp=6 beamq=1 I=2.973650333494097e-17
beamp=7 beamq=1 I=0.06213798905745378
beamp=8 beamq=1 I=0.00015258714937608486
beamp=9 beamq=1 I=0.03786700774693935
beamp=10 beamq=1 I=0.00010293397573567715
beamp=11 beamq=1 I=0.02494745731202347
beamp=12 beamq=1 I=8.425154382022774e-18
beamp=13 beamq=1 I=0.02150402709949468
beamp=14 beamq=1 I=6.061692900738038e-5
beamp=15 beamq=1 I=0.016906206787307386
beamp=16 beamq=1 I=5.0869376104690445e-5
beamp=17 beamq=1 I=0.013483088149216749
beamp=18 beamq=1 I=1.0164395367051604e-18
beamp=19 beamq=1 I=0.013555874884209371
beamp=20 beamq=1 I=4.0890602796051325e-5
beamp=21 beamq=1 I=0.012150410178986647
beamp=22 beamq=1 I=3.880547235860419e-5
beamp=23 beamq=1 I=0.010892128480929877
beamp=24 beamq=1 I=5.082197683525802e-19
beamp=25 beamq=1 I=0.012207660489092595
beamp=26 beamq=1 I=3.881072177099453e-5
beamp=27 beamq=1 I=0.012150410827141064
beamp=28 beamq=1 I=4.088648488617403e-5
beamp=29 beamq=1 I=0.01209544531810899
beamp=30 beamq=1 I=9.848169733409998e-18
beamp=31 beamq=1 I=0.015111635612257212
beamp=32 beamq=1 I=5.087825521398203e-5
beamp=33 beamq=1 I=0.01690620883088159
beamp=34 beamq=1 I=6.062675281518209e-5
beamp=35 beamq=1 I=0.019187155943939598
beamp=36 beamq=1 I=4.947801789228119e-16
beamp=37 beamq=1 I=0.027960244241456662
beamp=38 beamq=1 I=0.00010291850371266189
beamp=39 beamq=1 I=0.03786701147394852
beamp=40 beamq=1 I=0.00015257611278006125
beamp=41 beamq=1 I=0.055442440679592545
beamp=42 beamq=1 I=2.6286707547363655e-15
beamp=43 beamq=1 I=0.11764387573405455
beamp=44 beamq=1 I=0.0005694559379248255
beamp=45 beamq=1 I=0.3070913967158755
beamp=46 beamq=1 I=0.0022390764150233638
beamp=47 beamq=1 I=2.5354552414955354
beamp=0 beamq=2 I=0.19977239268505012
beamp=1 beamq=2 I=0.09615806452664946
beamp=2 beamq=2 I=0.0022390553317717782
beamp=3 beamq=2 I=0.005254416365275659
beamp=4 beamq=2 I=0.000569465806555352
beamp=5 beamq=2 I=0.003333933989513673
beamp=6 beamq=2 I=5.574606170196302e-17
beamp=7 beamq=2 I=0.0021026711273458556
beamp=8 beamq=2 I=0.0001525880329583222
beamp=9 beamq=2 I=0.0006479144400536593
beamp=10 beamq=2 I=0.00010293681451481961
beamp=11 beamq=2 I=0.0007923719160657112
beamp=12 beamq=2 I=5.5113610434679807e-17
beamp=13 beamq=2 I=0.0007276703711556801
beamp=14 beamq=2 I=6.060655270912357e-5
beamp=15 beamq=2 I=0.00028926991003683374
beamp=16 beamq=2 I=5.08641764752796e-5
beamp=17 beamq=2 I=0.000428243026057036
beamp=18 beamq=2 I=1.1754558553363676e-16
beamp=19 beamq=2 I=0.00045871527990927734
beamp=20 beamq=2 I=4.088636041034114e-5
beamp=21 beamq=2 I=0.00020789695501098496
beamp=22 beamq=2 I=3.8809122417951793e-5
beamp=23 beamq=2 I=0.00034595060460404134
beamp=24 beamq=2 I=8.244454019941856e-17
beamp=25 beamq=2 I=0.00041309080420044275
beamp=26 beamq=2 I=3.880779994893097e-5
beamp=27 beamq=2 I=0.0002078968312568755
beamp=28 beamq=2 I=4.08847349962101e-5
beamp=29 beamq=2 I=0.0003841719679308148
beamp=30 beamq=2 I=8.57423218073953e-17
beamp=31 beamq=2 I=0.0005113609052647314
beamp=32 beamq=2 I=5.086202326116832e-5
beamp=33 beamq=2 I=0.00028927031490458006
beamp=34 beamq=2 I=6.060936696261523e-5
beamp=35 beamq=2 I=0.0006094155728879145
beamp=36 beamq=2 I=5.5294310796760726e-17
beamp=37 beamq=2 I=0.0009461427767909321
beamp=38 beamq=2 I=0.00010293400459422187
beamp=39 beamq=2 I=0.0006479152591525263
beamp=40 beamq=2 I=0.00015258877956750728
beamp=41 beamq=2 I=0.0017609372965243658
beamp=42 beamq=2 I=1.0525796091213438e-17
beamp=43 beamq=2 I=0.003980920459120155
beamp=44 beamq=2 I=0.0005694659706392722
beamp=45 beamq=2 I=0.005254415843495082
beamp=46 beamq=2 I=0.002239053322056551
beamp=47 beamq=2 I=0.08053011648677239
beamp=0 beamq=3 I=0.5672708603683088
beamp=1 beamq=3 I=0.26920100438001715
beamp=2 beamq=3 I=0.0022390543652290296
beamp=3 beamq=3 I=0.029969989294038095
beamp=4 beamq=3 I=0.0005694658856369914
beamp=5 beamq=3 I=0.007787598824496176
beamp=6 beamq=3 I=0.0
beamp=7 beamq=3 I=0.005886573972533024
beamp=8 beamq=3 I=0.00015258688951360868
beamp=9 beamq=3 I=0.0036955586659133018
beamp=10 beamq=3 I=0.00010293398960165382
beamp=11 beamq=3 I=0.0018508683910388045
beamp=12 beamq=3 I=0.0
beamp=13 beamq=3 I=0.002037165228637702
beamp=14 beamq=3 I=6.06102731004818e-5
beamp=15 beamq=3 I=0.0016499290710381258
beamp=16 beamq=3 I=5.0865008292652353e-5
beamp=17 beamq=3 I=0.0010003184764780216
beamp=18 beamq=3 I=0.0
beamp=19 beamq=3 I=0.0012841929647845161
beamp=20 beamq=3 I=4.088786031379762e-5
beamp=21 beamq=3 I=0.00118579646649703
beamp=22 beamq=3 I=3.880742464898009e-5
beamp=23 beamq=3 I=0.0008080923609892992
beamp=24 beamq=3 I=0.0
beamp=25 beamq=3 I=0.001156487504639587
beamp=26 beamq=3 I=3.880797140464857e-5
beamp=27 beamq=3 I=0.001185796517356604
beamp=28 beamq=3 I=4.0886367753376296e-5
beamp=29 beamq=3 I=0.000897368805218336
beamp=30 beamq=3 I=0.0
beamp=31 beamq=3 I=0.001431585652049973
beamp=32 beamq=3 I=5.086879503383256e-5
beamp=33 beamq=3 I=0.0016499290852551034
beamp=34 beamq=3 I=6.06141285387e-5
beamp=35 beamq=3 I=0.0014235149847164777
beamp=36 beamq=3 I=0.0
beamp=37 beamq=3 I=0.0026487718847125097
beamp=38 beamq=3 I=0.00010292823553465919
beamp=39 beamq=3 I=0.0036955586726440236
beamp=40 beamq=3 I=0.00015258424515840068
beamp=41 beamq=3 I=0.0041133061500514614
beamp=42 beamq=3 I=0.0
beamp=43 beamq=3 I=0.011144840597992239
beamp=44 beamq=3 I=0.0005694598452929164
beamp=45 beamq=3 I=0.029969989337411414
beamp=46 beamq=3 I=0.002239076088074456
beamp=47 beamq=3 I=0.1881071079554924
beamp=0 beamq=4 I=0.17571868286857897
beamp=1 beamq=4 I=0.09172489702639033
beamp=2 beamq=4 I=0.002239054922874721
beamp=3 beamq=4 I=0.0049874114240301
beamp=4 beamq=4 I=0.0005694654787066567
beamp=5 beamq=4 I=0.0026326788441811645
beamp=6 beamq=4 I=1.1293772630057337e-18
beamp=7 beamq=4 I=0.00200573150646268
beamp=8 beamq=4 I=0.00015258805479930046
beamp=9 beamq=4 I=0.0006149907100825502
beamp=10 beamq=4 I=0.00010293623598177869
beamp=11 beamq=4 I=0.0006257048457344709
beamp=12 beamq=4 I=3.498810760791763e-16
beamp=13 beamq=4 I=0.0006941218441577136
beamp=14 beamq=4 I=6.060677985941501e-5
beamp=15 beamq=4 I=0.0002745703645538372
beamp=16 beamq=4 I=5.086448384675176e-5
beamp=17 beamq=4 I=0.0003381681472903926
beamp=18 beamq=4 I=1.4531923118547376e-15
beamp=19 beamq=4 I=0.0004375651904868126
beamp=20 beamq=4 I=4.088671111215754e-5
beamp=21 beamq=4 I=0.0001973322301578049
beamp=22 beamq=4 I=3.8808766769018096e-5
beamp=23 beamq=4 I=0.0002731847476582293
beamp=24 beamq=4 I=2.4959237512426713e-16
beamp=25 beamq=4 I=0.00039404778400005933
beamp=26 beamq=4 I=3.880782901651012e-5
beamp=27 beamq=4 I=0.00019733215398928198
beamp=28 beamq=4 I=4.088528690258606e-5
beamp=29 beamq=4 I=0.00030336614514986
beamp=30 beamq=4 I=1.779898566497036e-15
beamp=31 beamq=4 I=0.00048778556065850543
beamp=32 beamq=4 I=5.086299888103601e-5
beamp=33 beamq=4 I=0.00027457030071114535
beamp=34 beamq=4 I=6.060963475165406e-5
beamp=35 beamq=4 I=0.0004812301481083807
beamp=36 beamq=4 I=3.092234946109699e-16
beamp=37 beamq=4 I=0.0009025184837103619
beamp=38 beamq=4 I=0.00010293487654850202
beamp=39 beamq=4 I=0.0006149908448905333
beamp=40 beamq=4 I=0.00015258900169317236
beamp=41 beamq=4 I=0.0013905419000213419
beamp=42 beamq=4 I=3.8398826942194947e-16
beamp=43 beamq=4 I=0.0037973923529204855
beamp=44 beamq=4 I=0.0005694678265648592
beamp=45 beamq=4 I=0.004987425044030933
beamp=46 beamq=4 I=0.002239063688336174
beamp=47 beamq=4 I=0.06359156747971008
beamp=0 beamq=5 I=0.11132414888066874
beamp=1 beamq=5 I=0.05886891101396553
beamp=2 beamq=5 I=0.00223905526697764
beamp=3 beamq=5 I=0.00814070812703828
beamp=4 beamq=5 I=0.000569466105703426
beamp=5 beamq=5 I=0.0012680220841380643
beamp=6 beamq=5 I=1.0473844737115175e-16
beamp=7 beamq=5 I=0.0012872750894134673
beamp=8 beamq=5 I=0.00015258809270466336
beamp=9 beamq=5 I=0.0010038201914947856
beamp=10 beamq=5 I=0.00010293533751489645
beamp=11 beamq=5 I=0.00030136699044924434
beamp=12 beamq=5 I=9.631329298912897e-17
beamp=13 beamq=5 I=0.0004454862261930926
beamp=14 beamq=5 I=6.060958407139316e-5
beamp=15 beamq=5 I=0.0004481654849105717
beamp=16 beamq=5 I=5.0861922175824716e-5
beamp=17 beamq=5 I=0.0001628807984227509
beamp=18 beamq=5 I=1.2076769886499212e-15
beamp=19 beamq=5 I=0.0002808295784363118
beamp=20 beamq=5 I=4.088650070018646e-5
beamp=21 beamq=5 I=0.0003220965158910342
beamp=22 beamq=5 I=3.880756548083419e-5
beamp=23 beamq=5 I=0.000131578155104628
beamp=24 beamq=5 I=1.5551524911588954e-16
beamp=25 beamq=5 I=0.0002528989828287071
beamp=26 beamq=5 I=3.88079658245319e-5
beamp=27 beamq=5 I=0.0003220963732311028
beamp=28 beamq=5 I=4.088677969832507e-5
beamp=29 beamq=5 I=0.00014611348299082243
beamp=30 beamq=5 I=5.977624446499898e-15
beamp=31 beamq=5 I=0.0003130573940402856
beamp=32 beamq=5 I=5.086469273313075e-5
beamp=33 beamq=5 I=0.00044816814880332056
beamp=34 beamq=5 I=6.061178581800981e-5
beamp=35 beamq=5 I=0.00023178539018312922
beamp=36 beamq=5 I=1.0864609270115158e-15
beamp=37 beamq=5 I=0.0005792347404457695
beamp=38 beamq=5 I=0.00010293322761121648
beamp=39 beamq=5 I=0.0010038194091909368
beamp=40 beamq=5 I=0.0001525885277006157
beamp=41 beamq=5 I=0.0006697550896034006
beamp=42 beamq=5 I=1.4954761965816722e-14
beamp=43 beamq=5 I=0.0024371567948536623
beamp=44 beamq=5 I=0.000569465674979417
beamp=45 beamq=5 I=0.008140686715105552
beamp=46 beamq=5 I=0.0022390536226748314
beamp=47 beamq=5 I=0.030628679389895278
beamp=0 beamq=6 I=0.1406679773033101
beamp=1 beamq=6 I=0.07970555094548962
beamp=2 beamq=6 I=0.002239054000816901
beamp=3 beamq=6 I=0.00456265918847736
beamp=4 beamq=6 I=0.0005694657130021239
beamp=5 beamq=6 I=0.0018442627174991748
beamp=6 beamq=6 I=0.0
beamp=7 beamq=6 I=0.0017429094022287997
beamp=8 beamq=6 I=0.00015258758552579152
beamp=9 beamq=6 I=0.0005626153013311127
beamp=10 beamq=6 I=0.00010293615228727576
beamp=11 beamq=6 I=0.0004383236440181216
beamp=12 beamq=6 I=0.0
beamp=13 beamq=6 I=0.0006031696902085665
beamp=14 beamq=6 I=6.060837633585659e-5
beamp=15 beamq=6 I=0.0002511867453303944
beamp=16 beamq=6 I=5.0865512057905e-5
beamp=17 beamq=6 I=0.00023689280214103686
beamp=18 beamq=6 I=0.0
beamp=19 beamq=6 I=0.00038022553902408425
beamp=20 beamq=6 I=4.088697987590962e-5
beamp=21 beamq=6 I=0.0001805267674154154
beamp=22 beamq=6 I=3.8808924221379026e-5
beamp=23 beamq=6 I=0.0001913741294400963
beamp=24 beamq=6 I=0.0
beamp=25 beamq=6 I=0.00034241426878211953
beamp=26 beamq=6 I=3.880859877762324e-5
beamp=27 beamq=6 I=0.0001805267653022786
beamp=28 beamq=6 I=4.0885716096405574e-5
beamp=29 beamq=6 I=0.00021251924062563356
beamp=30 beamq=6 I=0.0
beamp=31 beamq=6 I=0.0004238704959480424
beamp=32 beamq=6 I=5.086413800694125e-5
beamp=33 beamq=6 I=0.0002511867448533317
beamp=34 beamq=6 I=6.0610811110649936e-5
beamp=35 beamq=6 I=0.0003371132449581026
beamp=36 beamq=6 I=0.0
beamp=37 beamq=6 I=0.0007842576482665065
beamp=38 beamq=6 I=0.00010293271752959363
beamp=39 beamq=6 I=0.0005626153147816793
beamp=40 beamq=6 I=0.00015258872042667025
beamp=41 beamq=6 I=0.0009741147353937287
beamp=42 beamq=6 I=0.0
beamp=43 beamq=6 I=0.0032997943709025404
beamp=44 beamq=6 I=0.0005694684133651507
beamp=45 beamq=6 I=0.004562659200291853
beamp=46 beamq=6 I=0.0022390532676402172
beamp=47 beamq=6 I=0.04454764526485903
beamp=0 beamq=7 I=0.015790114663093678
beamp=1 beamq=7 I=0.010131681069049839
beamp=2 beamq=7 I=0.002239054617161564
beamp=3 beamq=7 I=0.0025316889611270246
beamp=4 beamq=7 I=0.0005694651350359425
beamp=5 beamq=7 I=0.00019050283388013833
beamp=6 beamq=7 I=1.1064509045667173e-16
beamp=7 beamq=7 I=0.00022154607159536162
beamp=8 beamq=7 I=0.00015258767883315333
beamp=9 beamq=7 I=0.000312178514467788
beamp=10 beamq=7 I=0.00010293493199014122
beamp=11 beamq=7 I=4.527644451092554e-5
beamp=12 beamq=7 I=2.0927360683496246e-16
beamp=13 beamq=7 I=7.667051302312909e-5
beamp=14 beamq=7 I=6.060643459446507e-5
beamp=15 beamq=7 I=0.0001393760694088805
beamp=16 beamq=7 I=5.086511697306018e-5
beamp=17 beamq=7 I=2.4469959789949583e-5
beamp=18 beamq=7 I=1.5665366139699932e-15
beamp=19 beamq=7 I=4.833304822674824e-5
beamp=20 beamq=7 I=4.0886055893543484e-5
beamp=21 beamq=7 I=0.00010016798020078281
beamp=22 beamq=7 I=3.880816517330529e-5
beamp=23 beamq=7 I=1.9767801024933194e-5
beamp=24 beamq=7 I=7.414361731632642e-17
beamp=25 beamq=7 I=4.352559390431314e-5
beamp=26 beamq=7 I=3.880774461369485e-5
beamp=27 beamq=7 I=0.00010016922946374994
beamp=28 beamq=7 I=4.088583253442551e-5
beamp=29 beamq=7 I=2.1951540245332642e-5
beamp=30 beamq=7 I=8.94658786435252e-16
beamp=31 beamq=7 I=5.387785402107115e-5
beamp=32 beamq=7 I=5.086318676726169e-5
beamp=33 beamq=7 I=0.00013937682981904294
beamp=34 beamq=7 I=6.060831586005613e-5
beamp=35 beamq=7 I=3.482216259646372e-5
beamp=36 beamq=7 I=3.671153731126438e-16
beamp=37 beamq=7 I=9.968915432150767e-5
beamp=38 beamq=7 I=0.00010293545789834817
beamp=39 beamq=7 I=0.00031217667310898495
beamp=40 beamq=7 I=0.0001525898758789614
beamp=41 beamq=7 I=0.00010062172734034549
beamp=42 beamq=7 I=5.394015357709896e-14
beamp=43 beamq=7 I=0.0004194500122518863
beamp=44 beamq=7 I=0.0005694661110705389
beamp=45 beamq=7 I=0.00253170955659892
beamp=46 beamq=7 I=0.0022390585082392367
beamp=47 beamq=7 I=0.004601498309480213
beamp=0 beamq=8 I=0.10091149402973867
beamp=1 beamq=8 I=0.06242537870162738
beamp=2 beamq=8 I=0.0022390537521735734
beamp=3 beamq=8 I=0.004009114798283476
beamp=4 beamq=8 I=0.0005694660438758945
beamp=5 beamq=8 I=0.0011076008577940817
beamp=6 beamq=8 I=4.083828183028733e-16
beamp=7 beamq=8 I=0.0013650416349138771
beamp=8 beamq=8 I=0.00015258770969284072
beamp=9 beamq=8 I=0.0004943591967661511
beamp=10 beamq=8 I=0.00010293600148711469
beamp=11 beamq=8 I=0.00026324111799030036
beamp=12 beamq=8 I=1.2513500074103529e-16
beamp=13 beamq=8 I=0.0004724002303365443
beamp=14 beamq=8 I=6.060860093907867e-5
beamp=15 beamq=8 I=0.00022071252823752634
beamp=16 beamq=8 I=5.086272788318661e-5
beamp=17 beamq=8 I=0.00014227258415608275
beamp=18 beamq=8 I=6.632155039274871e-16
beamp=19 beamq=8 I=0.00029779704974456896
beamp=20 beamq=8 I=4.088642464851945e-5
beamp=21 beamq=8 I=0.00015862562320876912
beamp=22 beamq=8 I=3.880826860718554e-5
beamp=23 beamq=8 I=0.00011493207643174294
beamp=24 beamq=8 I=1.7391054597572693e-15
beamp=25 beamq=8 I=0.0002681773139854909
beamp=26 beamq=8 I=3.880821022828934e-5
beamp=27 beamq=8 I=0.00015862258970268507
beamp=28 beamq=8 I=4.0886525520816074e-5
beamp=29 beamq=8 I=0.00012762854950861972
beamp=30 beamq=8 I=8.847541478386918e-16
beamp=31 beamq=8 I=0.00033197408087326486
beamp=32 beamq=8 I=5.08637518923292e-5
beamp=33 beamq=8 I=0.00022071254483780792
beamp=34 beamq=8 I=6.061102182695848e-5
beamp=35 beamq=8 I=0.0002024612719676522
beamp=36 beamq=8 I=1.5900954236762927e-14
beamp=37 beamq=8 I=0.0006142244499305855
beamp=38 beamq=8 I=0.0001029377134645819
beamp=39 beamq=8 I=0.0004943565587209361
beamp=40 beamq=8 I=0.00015258887605953727
beamp=41 beamq=8 I=0.0005850175239113388
beamp=42 beamq=8 I=2.5842410532097198e-15
beamp=43 beamq=8 I=0.00258439462404407
beamp=44 beamq=8 I=0.0005694728991163109
beamp=45 beamq=8 I=0.004009101826196003
beamp=46 beamq=8 I=0.0022390349955620885
beamp=47 beamq=8 I=0.02675370944560697
beamp=0 beamq=9 I=0.0005313725249537499
beamp=1 beamq=9 I=0.0011262721130556638
beamp=2 beamq=9 I=0.002239055783053264
beamp=3 beamq=9 I=0.0006340576259798791
beamp=4 beamq=9 I=0.0005694663773777202
beamp=5 beamq=9 I=0.00016120463290371817
beamp=6 beamq=9 I=0.0
beamp=7 beamq=9 I=2.462798700976808e-5
beamp=8 beamq=9 I=0.00015258806606187873
beamp=9 beamq=9 I=7.81847634955341e-5
beamp=10 beamq=9 I=0.00010293644160248213
beamp=11 beamq=9 I=3.8313675900141625e-5
beamp=12 beamq=9 I=0.0
beamp=13 beamq=9 I=8.523247995479615e-6
beamp=14 beamq=9 I=6.060755280704742e-5
beamp=15 beamq=9 I=3.490658883919104e-5
beamp=16 beamq=9 I=5.086430377814837e-5
beamp=17 beamq=9 I=2.0706561944372533e-5
beamp=18 beamq=9 I=0.0
beamp=19 beamq=9 I=5.372568833510026e-6
beamp=20 beamq=9 I=4.088622396522437e-5
beamp=21 beamq=9 I=2.508720906839529e-5
beamp=22 beamq=9 I=3.880794707277788e-5
beamp=23 beamq=9 I=1.6728061108480106e-5
beamp=24 beamq=9 I=0.0
beamp=25 beamq=9 I=4.83850165846001e-6
beamp=26 beamq=9 I=3.880852539917647e-5
beamp=27 beamq=9 I=2.5087208141560904e-5
beamp=28 beamq=9 I=4.0885873772417e-5
beamp=29 beamq=9 I=1.857624862921879e-5
beamp=30 beamq=9 I=0.0
beamp=31 beamq=9 I=5.990359052879568e-6
beamp=32 beamq=9 I=5.0862655156524737e-5
beamp=33 beamq=9 I=3.490659371576671e-5
beamp=34 beamq=9 I=6.0609775311168865e-5
beamp=35 beamq=9 I=2.9466049785817205e-5
beamp=36 beamq=9 I=0.0
beamp=37 beamq=9 I=1.1082007727946526e-5
beamp=38 beamq=9 I=0.00010293512021343208
beamp=39 beamq=9 I=7.818478555972142e-5
beamp=40 beamq=9 I=0.00015259074521959158
beamp=41 beamq=9 I=8.51438648811436e-5
beamp=42 beamq=9 I=0.0
beamp=43 beamq=9 I=4.662782460071604e-5
beamp=44 beamq=9 I=0.0005694657097211795
beamp=45 beamq=9 I=0.0006340576422406564
beamp=46 beamq=9 I=0.002239058833248559
beamp=47 beamq=9 I=0.003893830197674225
beamp=0 beamq=10 I=0.06306070524788049
beamp=1 beamq=10 I=0.04311931395256097
beamp=2 beamq=10 I=0.0022390563234809683
beamp=3 beamq=10 I=0.0033644884617908067
beamp=4 beamq=10 I=0.00056946510603505
beamp=5 beamq=10 I=0.0005352407839363004
beamp=6 beamq=10 I=1.5565980940555426e-15
beamp=7 beamq=10 I=0.0009428806785558201
beamp=8 beamq=10 I=0.00015258782204613633
beamp=9 beamq=10 I=0.0004148707741923942
beamp=10 beamq=10 I=0.00010293544675443621
beamp=11 beamq=10 I=0.0001272085069789421
beamp=12 beamq=10 I=2.1254880089767908e-16
beamp=13 beamq=10 I=0.000326302368648967
beamp=14 beamq=10 I=6.0607243469783686e-5
beamp=15 beamq=10 I=0.00018522433122194093
beamp=16 beamq=10 I=5.0863615358745504e-5
beamp=17 beamq=10 I=6.875497197392211e-5
beamp=18 beamq=10 I=3.5823846782541874e-16
beamp=19 beamq=10 I=0.00020570107060567037
beamp=20 beamq=10 I=4.08866619912824e-5
beamp=21 beamq=10 I=0.00013311967695562595
beamp=22 beamq=10 I=3.880821227137672e-5
beamp=23 beamq=10 I=5.553995009291207e-5
beamp=24 beamq=10 I=5.179324128144295e-16
beamp=25 beamq=10 I=0.0001852396432785702
beamp=26 beamq=10 I=3.880852071060465e-5
beamp=27 beamq=10 I=0.0001331201139972693
beamp=28 beamq=10 I=4.088692883970613e-5
beamp=29 beamq=10 I=6.167659339320747e-5
beamp=30 beamq=10 I=4.009384151360447e-14
beamp=31 beamq=10 I=0.000229298961489024
beamp=32 beamq=10 I=5.0861551918728235e-5
beamp=33 beamq=10 I=0.00018522256248442272
beamp=34 beamq=10 I=6.061175106720306e-5
beamp=35 beamq=10 I=9.783994080796302e-5
beamp=36 beamq=10 I=1.3034730268525936e-14
beamp=37 beamq=10 I=0.0004242723655309545
beamp=38 beamq=10 I=0.00010293391586699245
beamp=39 beamq=10 I=0.0004148720802716576
beamp=40 beamq=10 I=0.00015258690281498544
beamp=41 beamq=10 I=0.00028270813675881174
beamp=42 beamq=10 I=1.857681037354767e-14
beamp=43 beamq=10 I=0.0017851357557747134
beamp=44 beamq=10 I=0.0005694540382269746
beamp=45 beamq=10 I=0.003364498932091103
beamp=46 beamq=10 I=0.0022390681888969045
beamp=47 beamq=10 I=0.012928657784298695
beamp=0 beamq=11 I=0.0077392634905502355
beamp=1 beamq=11 I=0.0053155501065108544
beamp=2 beamq=11 I=0.002239054950298491
beamp=3 beamq=11 I=5.237229237962827e-5
beamp=4 beamq=11 I=0.0005694660501198752
beamp=5 beamq=11 I=0.000313838562947009
beamp=6 beamq=11 I=4.1056251642047437e-16
beamp=7 beamq=11 I=0.0001162337834645266
beamp=8 beamq=11 I=0.0001525876067231788
beamp=9 beamq=11 I=6.45811080839538e-6
beamp=10 beamq=11 I=0.00010293589140232129
beamp=11 beamq=11 I=7.459034784812338e-5
beamp=12 beamq=11 I=2.371353439133139e-16
beamp=13 beamq=11 I=4.02256695135347e-5
beamp=14 beamq=11 I=6.060518108083914e-5
beamp=15 beamq=11 I=2.883351031128566e-6
beamp=16 beamq=11 I=5.086631002891393e-5
beamp=17 beamq=11 I=4.031306775007839e-5
beamp=18 beamq=11 I=9.875274787722135e-16
beamp=19 beamq=11 I=2.5357552769651722e-5
beamp=20 beamq=11 I=4.088687739008341e-5
beamp=21 beamq=11 I=2.072195810647148e-6
beamp=22 beamq=11 I=3.8808474021469956e-5
beamp=23 beamq=11 I=3.256674716243725e-5
beamp=24 beamq=11 I=7.00620478878237e-16
beamp=25 beamq=11 I=2.283528825467238e-5
beamp=26 beamq=11 I=3.8807097486070834e-5
beamp=27 beamq=11 I=2.072065217309897e-6
beamp=28 beamq=11 I=4.0885321830364725e-5
beamp=29 beamq=11 I=3.616492711411111e-5
beamp=30 beamq=11 I=2.6103183742125224e-14
beamp=31 beamq=11 I=2.8268314051187997e-5
beamp=32 beamq=11 I=5.085886182669064e-5
beamp=33 beamq=11 I=2.8833174798649472e-6
beamp=34 beamq=11 I=6.060693986996412e-5
beamp=35 beamq=11 I=5.736544066801229e-5
beamp=36 beamq=11 I=5.468689782339835e-14
beamp=37 beamq=11 I=5.2299703062786715e-5
beamp=38 beamq=11 I=0.0001029356305031593
beamp=39 beamq=11 I=6.458167050952954e-6
beamp=40 beamq=11 I=0.00015258925499033458
beamp=41 beamq=11 I=0.00016576490885383935
beamp=42 beamq=11 I=1.5678128102771895e-14
beamp=43 beamq=11 I=0.000220062113412172
beamp=44 beamq=11 I=0.0005694588253845355
beamp=45 beamq=11 I=5.2370723007715534e-5
beamp=46 beamq=11 I=0.0022390507779449275
beamp=47 beamq=11 I=0.007580656960889042
beamp=0 beamq=12 I=0.03255208333333333
beamp=1 beamq=12 I=0.02516069639473873
beamp=2 beamq=12 I=0.002239054729166659
beamp=3 beamq=12 I=0.0026727438793273306
beamp=4 beamq=12 I=0.0005694655181264212
beamp=5 beamq=12 I=0.00018901781166566264
beamp=6 beamq=12 I=0.0
beamp=7 beamq=12 I=0.0005501841182514052
beamp=8 beamq=12 I=0.00015258783515050947
beamp=9 beamq=12 I=0.0003295724084669142
beamp=10 beamq=12 I=0.00010293559346472296
beamp=11 beamq=12 I=4.492325427731909e-5
beamp=12 beamq=12 I=0.0
beamp=13 beamq=12 I=0.00019040304917906237
beamp=14 beamq=12 I=6.06084491973808e-5
beamp=15 beamq=12 I=0.00014714179133008392
beamp=16 beamq=12 I=5.08645806253742e-5
beamp=17 beamq=12 I=2.4280237522831567e-5
beamp=18 beamq=12 I=0.0
beamp=19 beamq=12 I=0.00012002749915330352
beamp=20 beamq=12 I=4.088679667995478e-5
beamp=21 beamq=12 I=0.00010575013346870745
beamp=22 beamq=12 I=3.880787757673506e-5
beamp=23 beamq=12 I=1.9613638150322875e-5
beamp=24 beamq=12 I=0.0
beamp=25 beamq=12 I=0.00010809167084836909
beamp=26 beamq=12 I=3.880856330423853e-5
beamp=27 beamq=12 I=0.00010575013346870745
beamp=28 beamq=12 I=4.088541924072675e-5
beamp=29 beamq=12 I=2.1780001769151847e-5
beamp=30 beamq=12 I=0.0
beamp=31 beamq=12 I=0.000133804518804604
beamp=32 beamq=12 I=5.086406092146056e-5
beamp=33 beamq=12 I=0.00014714179133008392
beamp=34 beamq=12 I=6.061113516561172e-5
beamp=35 beamq=12 I=3.455278956928226e-5
beamp=36 beamq=12 I=0.0
beamp=37 beamq=12 I=0.00024756710214569806
beamp=38 beamq=12 I=0.00010293486122655525
beamp=39 beamq=12 I=0.0003295724084669142
beamp=40 beamq=12 I=0.00015258872041473955
beamp=41 beamq=12 I=9.983738713944469e-5
beamp=42 beamq=12 I=0.0
beamp=43 beamq=12 I=0.0010416461303848319
beamp=44 beamq=12 I=0.0005694653064936721
beamp=45 beamq=12 I=0.00267274387932733
beamp=46 beamq=12 I=0.0022390607989041197
beamp=47 beamq=12 I=0.004565673168697434
beamp=0 beamq=13 I=0.017671649243387846
beamp=1 beamq=13 I=0.012483152805935958
beamp=2 beamq=13 I=0.0022390581083040666
beamp=3 beamq=13 I=4.028148496342123e-5
beamp=4 beamq=13 I=0.00056946655516991
beamp=5 beamq=13 I=0.00039372046517278144
beamp=6 beamq=13 I=6.549958962073313e-15
beamp=7 beamq=13 I=0.0002729674610819064
beamp=8 beamq=13 I=0.00015258895238262214
beamp=9 beamq=13 I=4.967385323565673e-6
beamp=10 beamq=13 I=0.00010293722134407373
beamp=11 beamq=13 I=9.357246721191189e-5
beamp=12 beamq=13 I=4.072952279985988e-15
beamp=13 beamq=13 I=9.446957034141808e-5
beamp=14 beamq=13 I=6.060989822982374e-5
beamp=15 beamq=13 I=2.2176773793253023e-6
beamp=16 beamq=13 I=5.085597978643636e-5
beamp=17 beamq=13 I=5.056908908870234e-5
beamp=18 beamq=13 I=2.8800023708456615e-15
beamp=19 beamq=13 I=5.955078033085941e-5
beamp=20 beamq=13 I=4.08838774489028e-5
beamp=21 beamq=13 I=1.5936626009786474e-6
beamp=22 beamq=13 I=3.880987295487523e-5
beamp=23 beamq=13 I=4.0854975277356486e-5
beamp=24 beamq=13 I=7.200909428924558e-16
beamp=25 beamq=13 I=5.3627982661793265e-5
beamp=26 beamq=13 I=3.880703443914674e-5
beamp=27 beamq=13 I=1.5936821063919526e-6
beamp=28 beamq=13 I=4.088946596855211e-5
beamp=29 beamq=13 I=4.5367530195103256e-5
beamp=30 beamq=13 I=1.2435008354324631e-14
beamp=31 beamq=13 I=6.639545420641329e-5
beamp=32 beamq=13 I=5.0864504858681986e-5
beamp=33 beamq=13 I=2.217536239304534e-6
beamp=34 beamq=13 I=6.060763993584259e-5
beamp=35 beamq=13 I=7.196906330644589e-5
beamp=36 beamq=13 I=6.979074888170446e-14
beamp=37 beamq=13 I=0.00012282566565596252
beamp=38 beamq=13 I=0.00010293559847180316
beamp=39 beamq=13 I=4.966470005432201e-6
beamp=40 beamq=13 I=0.00015258572707292298
beamp=41 beamq=13 I=0.00020794826467914864
beamp=42 beamq=13 I=4.3925450389995186e-13
beamp=43 beamq=13 I=0.0005168095105277499
beamp=44 beamq=13 I=0.00056946237227219
beamp=45 beamq=13 I=4.028430213883585e-5
beamp=46 beamq=13 I=0.0022390551089157638
beamp=47 beamq=13 I=0.009510188974441917
beamp=0 beamq=14 I=0.01251021356606909
beamp=1 beamq=14 I=0.011279342091309725
beamp=2 beamq=14 I=0.002239053207417035
beamp=3 beamq=14 I=0.0019810030310983256
beamp=4 beamq=14 I=0.0005694660635781891
beamp=5 beamq=14 I=6.970353284885207e-5
beamp=6 beamq=14 I=6.003317779233278e-15
beamp=7 beamq=14 I=0.00024664275203678646
beamp=8 beamq=14 I=0.0001525855413496045
beamp=9 beamq=14 I=0.000244275640336847
beamp=10 beamq=14 I=0.000102937711471787
beamp=11 beamq=14 I=1.6566587229917925e-5
beamp=12 beamq=14 I=3.618524750670371e-15
beamp=13 beamq=14 I=8.535387184412059e-5
beamp=14 beamq=14 I=6.059826084976501e-5
beamp=15 beamq=14 I=0.00010905993653556386
beamp=16 beamq=14 I=5.086860490529397e-5
beamp=17 beamq=14 I=8.951769686138642e-6
beamp=18 beamq=14 I=8.407129520905202e-15
beamp=19 beamq=14 I=5.3808006534006054e-5
beamp=20 beamq=14 I=4.088615446720831e-5
beamp=21 beamq=14 I=7.838055969837211e-5
beamp=22 beamq=14 I=3.880807743196752e-5
beamp=23 beamq=14 I=7.233263750158677e-6
beamp=24 beamq=14 I=7.518309614919689e-15
beamp=25 beamq=14 I=4.8454657253801494e-5
beamp=26 beamq=14 I=3.8804606496026107e-5
beamp=27 beamq=14 I=7.838020041296943e-5
beamp=28 beamq=14 I=4.088498325692637e-5
beamp=29 beamq=14 I=8.033748115455123e-6
beamp=30 beamq=14 I=6.547903495454643e-15
beamp=31 beamq=14 I=5.9988419755439665e-5
beamp=32 beamq=14 I=5.085579617627933e-5
beamp=33 beamq=14 I=0.00010905862977123845
beamp=34 beamq=14 I=6.060519636346129e-5
beamp=35 beamq=14 I=1.2738789417680417e-5
beamp=36 beamq=14 I=2.409548978167993e-14
beamp=37 beamq=14 I=0.0001109776421087329
beamp=38 beamq=14 I=0.0001029385895488806
beamp=39 beamq=14 I=0.0002442631812745826
beamp=40 beamq=14 I=0.0001525890798183532
beamp=41 beamq=14 I=3.681631654679462e-5
beamp=42 beamq=14 I=1.370778942467778e-13
beamp=43 beamq=14 I=0.00046696833137784834
beamp=44 beamq=14 I=0.0005694692113674101
beamp=45 beamq=14 I=0.001980995102669874
beamp=46 beamq=14 I=0.0022390951381351526
beamp=47 beamq=14 I=0.0016836156990423096
beamp=0 beamq=15 I=0.0227342072558208
beamp=1 beamq=15 I=0.017686518066011153
beamp=2 beamq=15 I=0.0022390553290317734
beamp=3 beamq=15 I=0.0002830830683475852
beamp=4 beamq=15 I=0.0005694656092011153
beamp=5 beamq=15 I=0.0003473361580085368
beamp=6 beamq=15 I=0.0
beamp=7 beamq=15 I=0.0003867469309261079
beamp=8 beamq=15 I=0.00015258804961566246
beamp=9 beamq=15 I=3.490658883919104e-5
beamp=10 beamq=15 I=0.00010293618832575033
beamp=11 beamq=15 I=8.255111955938659e-5
beamp=12 beamq=15 I=0.0
beamp=13 beamq=15 I=0.00013384233757735416
beamp=14 beamq=15 I=6.060777735295501e-5
beamp=15 beamq=15 I=1.5584491247015775e-5
beamp=16 beamq=15 I=5.086416851353098e-5
beamp=17 beamq=15 I=4.4614705889826914e-5
beamp=18 beamq=15 I=0.0
beamp=19 beamq=15 I=8.437144158632836e-5
beamp=20 beamq=15 I=4.088602960062523e-5
beamp=21 beamq=15 I=1.1200500050813275e-5
beamp=22 beamq=15 I=3.8808326445110796e-5
beamp=23 beamq=15 I=3.604212824400972e-5
beamp=24 beamq=15 I=0.0
beamp=25 beamq=15 I=7.598244431717994e-5
beamp=26 beamq=15 I=3.880847584012486e-5
beamp=27 beamq=15 I=1.1200503338086615e-5
beamp=28 beamq=15 I=4.088554806182651e-5
beamp=29 beamq=15 I=4.0025399126575584e-5
beamp=30 beamq=15 I=0.0
beamp=31 beamq=15 I=9.405801483748332e-5
beamp=32 beamq=15 I=5.0861929306275866e-5
beamp=33 beamq=15 I=1.558449063634342e-5
beamp=34 beamq=15 I=6.0609699031305275e-5
beamp=35 beamq=15 I=6.349044542436496e-5
beamp=36 beamq=15 I=0.0
beamp=37 beamq=15 I=0.0001740253548301246
beamp=38 beamq=15 I=0.00010293411766340204
beamp=39 beamq=15 I=3.490659371576671e-5
beamp=40 beamq=15 I=0.00015258894910133832
beamp=41 beamq=15 I=0.00018345798372601703
beamp=42 beamq=15 I=0.0
beamp=43 beamq=15 I=0.0007322167915320475
beamp=44 beamq=15 I=0.0005694656638578338
beamp=45 beamq=15 I=0.00028308307712210655
beamp=46 beamq=15 I=0.002239055893138364
beamp=47 beamq=15 I=0.008389798567307668
beamp=0 beamq=16 I=0.0032551303355350435
beamp=1 beamq=16 I=0.0029726145922353243
beamp=2 beamq=16 I=0.0022390536399148004
beamp=3 beamq=16 I=0.0013363618964836966
beamp=4 beamq=16 I=0.000569465834540616
beamp=5 beamq=16 I=0.0001230652549814259
beamp=6 beamq=16 I=2.4904575652897237e-15
beamp=7 beamq=16 I=6.50018391284907e-5
beamp=8 beamq=16 I=0.00015258841023130536
beamp=9 beamq=16 I=0.00016478253813230733
beamp=10 beamq=16 I=0.00010293180676838575
beamp=11 beamq=16 I=2.9246948891565668e-5
beamp=12 beamq=16 I=7.228014483236695e-15
beamp=13 beamq=16 I=2.2492571879204007e-5
beamp=14 beamq=16 I=6.061721418150884e-5
beamp=15 beamq=16 I=7.356974682795969e-5
beamp=16 beamq=16 I=5.085864253302076e-5
beamp=17 beamq=16 I=1.580853798975052e-5
beamp=18 beamq=16 I=2.965744692653057e-16
beamp=19 beamq=16 I=1.4180256821526507e-5
beamp=20 beamq=16 I=4.088352494965712e-5
beamp=21 beamq=16 I=5.2874590147068646e-5
beamp=22 beamq=16 I=3.8807251580625184e-5
beamp=23 beamq=16 I=1.2770304227335025e-5
beamp=24 beamq=16 I=1.7798985664970363e-16
beamp=25 beamq=16 I=1.2770639250150721e-5
beamp=26 beamq=16 I=3.8807528516200805e-5
beamp=27 beamq=16 I=5.287364931487012e-5
beamp=28 beamq=16 I=4.089092667875257e-5
beamp=29 beamq=16 I=1.4177424476366423e-5
beamp=30 beamq=16 I=1.8336930642885253e-14
beamp=31 beamq=16 I=1.5803431357524154e-5
beamp=32 beamq=16 I=5.085806345964085e-5
beamp=33 beamq=16 I=7.356670819655785e-5
beamp=34 beamq=16 I=6.05968110681865e-5
beamp=35 beamq=16 I=2.2495073256016657e-5
beamp=36 beamq=16 I=3.683147717659559e-14
beamp=37 beamq=16 I=2.9248345369617906e-5
beamp=38 beamq=16 I=0.00010294560889971129
beamp=39 beamq=16 I=0.00016477769503351098
beamp=40 beamq=16 I=0.0001525924197343046
beamp=41 beamq=16 I=6.498899259502142e-5
beamp=42 beamq=16 I=1.6554773321862207e-13
beamp=43 beamq=16 I=0.0001230653028879447
beamp=44 beamq=16 I=0.0005695153642533992
beamp=45 beamq=16 I=0.001336235110153113
beamp=46 beamq=16 I=0.002239064658524869
beamp=47 beamq=16 I=0.002972767486681665
beamp=0 beamq=17 I=0.02134563806895894
beamp=1 beamq=17 I=0.018889463499510373
beamp=2 beamq=17 I=0.002239055955923138
beamp=3 beamq=17 I=0.0006156890838920819
beamp=4 beamq=17 I=0.0005694636315646602
beamp=5 beamq=17 I=0.0002144080781195143
beamp=6 beamq=17 I=8.052787404637153e-15
beamp=7 beamq=17 I=0.0004130540025678623
beamp=8 beamq=17 I=0.0001525859905026524
beamp=9 beamq=17 I=7.592095059282408e-5
beamp=10 beamq=17 I=0.00010293494134961578
beamp=11 beamq=17 I=5.095889829162702e-5
beamp=12 beamq=17 I=3.831717296607963e-15
beamp=13 beamq=17 I=0.00014294559261832034
beamp=14 beamq=17 I=6.061385536708078e-5
beamp=15 beamq=17 I=3.389555773727307e-5
beamp=16 beamq=17 I=5.087124402789684e-5
beamp=17 beamq=17 I=2.753861701205775e-5
beamp=18 beamq=17 I=4.54608229677698e-15
beamp=19 beamq=17 I=9.00990378370961e-5
beamp=20 beamq=17 I=4.0887609880444713e-5
beamp=21 beamq=17 I=2.436036536320905e-5
beamp=22 beamq=17 I=3.8805149970183026e-5
beamp=23 beamq=17 I=2.2250332760580164e-5
beamp=24 beamq=17 I=8.479364490647049e-15
beamp=25 beamq=17 I=8.114914447525526e-5
beamp=26 beamq=17 I=3.8807985123074345e-5
beamp=27 beamq=17 I=2.4361567083078398e-5
beamp=28 beamq=17 I=4.088340637914119e-5
beamp=29 beamq=17 I=2.4713330469343804e-5
beamp=30 beamq=17 I=3.5178407676734095e-14
beamp=31 beamq=17 I=0.00010046354466311768
beamp=32 beamq=17 I=5.088400919515043e-5
beamp=33 beamq=17 I=3.389662101903985e-5
beamp=34 beamq=17 I=6.0607096340195496e-5
beamp=35 beamq=17 I=3.917876915668977e-5
beamp=36 beamq=17 I=3.749773070536056e-14
beamp=37 beamq=17 I=0.00018586804232851296
beamp=38 beamq=17 I=0.00010291973165433329
beamp=39 beamq=17 I=7.592406088878279e-5
beamp=40 beamq=17 I=0.00015258713405736854
beamp=41 beamq=17 I=0.00011323862069018778
beamp=42 beamq=17 I=8.297383414749883e-14
beamp=43 beamq=17 I=0.0007820284792686581
beamp=44 beamq=17 I=0.0005694265470245752
beamp=45 beamq=17 I=0.0006157551175418783
beamp=46 beamq=17 I=0.0022392195113510706
beamp=47 beamq=17 I=0.005179113116761198
beamp=0 beamq=18 I=0.002561186466409649
beamp=1 beamq=18 I=0.00025532969761890106
beamp=2 beamq=18 I=0.0022390546973533954
beamp=3 beamq=18 I=0.0007828285508765526
beamp=4 beamq=18 I=0.0005694673010092535
beamp=5 beamq=18 I=0.00026029921009004917
beamp=6 beamq=18 I=0.0
beamp=7 beamq=18 I=5.583444397297043e-6
beamp=8 beamq=18 I=0.00015258766548381002
beamp=9 beamq=18 I=9.652951933976075e-5
beamp=10 beamq=18 I=0.00010293647274055602
beamp=11 beamq=18 I=6.186568959324376e-5
beamp=12 beamq=18 I=0.0
beamp=13 beamq=18 I=1.932270571441139e-6
beamp=14 beamq=18 I=6.060694157381344e-5
beamp=15 beamq=18 I=4.309683231958813e-5
beamp=16 beamq=18 I=5.0863473326587984e-5
beamp=17 beamq=18 I=3.3435353170046546e-5
beamp=18 beamq=18 I=0.0
beamp=19 beamq=18 I=1.218002448945028e-6
beamp=20 beamq=18 I=4.088605526116649e-5
beamp=21 beamq=18 I=3.097349742102856e-5
beamp=22 beamq=18 I=3.8808780429457026e-5
beamp=23 beamq=18 I=2.7010644785975687e-5
beamp=24 beamq=18 I=0.0
beamp=25 beamq=18 I=1.0969331152688635e-6
beamp=26 beamq=18 I=3.880765594881022e-5
beamp=27 beamq=18 I=3.097349530789178e-5
beamp=28 beamq=18 I=4.088526260077802e-5
beamp=29 beamq=18 I=2.9995151526508246e-5
beamp=30 beamq=18 I=0.0
beamp=31 beamq=18 I=1.358212890264834e-6
beamp=32 beamq=18 I=5.0862236281885925e-5
beamp=33 beamq=18 I=4.309683184252544e-5
beamp=34 beamq=18 I=6.0607567544734046e-5
beamp=35 beamq=18 I=4.757912614593587e-5
beamp=36 beamq=18 I=0.0
beamp=37 beamq=18 I=2.512486436496695e-6
beamp=38 beamq=18 I=0.00010293436183936354
beamp=39 beamq=18 I=9.652953279032737e-5
beamp=40 beamq=18 I=0.0001525891310379169
beamp=41 beamq=18 I=0.0001374861425708868
beamp=42 beamq=18 I=0.0
beamp=43 beamq=18 I=1.0570449025302641e-5
beamp=44 beamq=18 I=0.0005694650283020691
beamp=45 beamq=18 I=0.0007828285626910451
beamp=46 beamq=18 I=0.002239056027023795
beamp=47 beamq=18 I=0.006287457244768689
beamp=0 beamq=19 I=0.015402958434545234
beamp=1 beamq=19 I=0.01613568099988952
beamp=2 beamq=19 I=0.0022390597026821415
beamp=3 beamq=19 I=0.000938027399295786
beamp=4 beamq=19 I=0.0005694625727018575
beamp=5 beamq=19 I=7.40586525249419e-5
beamp=6 beamq=19 I=1.6776334553318673e-14
beamp=7 beamq=19 I=0.0003528351364346172
beamp=8 beamq=19 I=0.0001525866636619909
beamp=9 beamq=19 I=0.00011566727105803573
beamp=10 beamq=19 I=0.00010293581899887142
beamp=11 beamq=19 I=1.7601478570823605e-5
beamp=12 beamq=19 I=6.995193360468064e-15
beamp=13 beamq=19 I=0.00012210804697700497
beamp=14 beamq=19 I=6.060799932080963e-5
beamp=15 beamq=19 I=5.164128514023283e-5
beamp=16 beamq=19 I=5.0870541470601686e-5
beamp=17 beamq=19 I=9.513955396555133e-6
beamp=18 beamq=19 I=3.014093333282332e-15
beamp=19 beamq=19 I=7.69751141721842e-5
beamp=20 beamq=19 I=4.088599888285497e-5
beamp=21 beamq=19 I=3.711489164965479e-5
beamp=22 beamq=19 I=3.88070780915755e-5
beamp=23 beamq=19 I=7.684319863283219e-6
beamp=24 beamq=19 I=1.7553684923445518e-15
beamp=25 beamq=19 I=6.931918127677288e-5
beamp=26 beamq=19 I=3.880849943311941e-5
beamp=27 beamq=19 I=3.711537387285299e-5
beamp=28 beamq=19 I=4.088720264184859e-5
beamp=29 beamq=19 I=8.53417153618349e-6
beamp=30 beamq=19 I=1.9074052594903837e-15
beamp=31 beamq=19 I=8.580669236461666e-5
beamp=32 beamq=19 I=5.085907748537652e-5
beamp=33 beamq=19 I=5.16412791566019e-5
beamp=34 beamq=19 I=6.060514154300668e-5
beamp=35 beamq=19 I=1.35389369438534e-5
beamp=36 beamq=19 I=8.257871021826364e-15
beamp=37 beamq=19 I=0.0001587716607185934
beamp=38 beamq=19 I=0.000102937126381851
beamp=39 beamq=19 I=0.00011566683321057036
beamp=40 beamq=19 I=0.00015258647826527435
beamp=41 beamq=19 I=3.9118500792036224e-5
beamp=42 beamq=19 I=2.6058855684552247e-14
beamp=43 beamq=19 I=0.0006680107746008786
beamp=44 beamq=19 I=0.0005694813462420725
beamp=45 beamq=19 I=0.0009380173474389017
beamp=46 beamq=19 I=0.002239025531091729
beamp=47 beamq=19 I=0.0017888613618879789
beamp=0 beamq=20 I=0.0065731408757577926
beamp=1 beamq=20 I=0.0018064602438111013
beamp=2 beamq=20 I=0.0022390559615693808
beamp=3 beamq=20 I=0.00035807950629319647
beamp=4 beamq=20 I=0.0005694668803995722
beamp=5 beamq=20 I=0.00038687473114580953
beamp=6 beamq=20 I=1.0073548260015422e-14
beamp=7 beamq=20 I=3.950147794492589e-5
beamp=8 beamq=20 I=0.00015258782912281254
beamp=9 beamq=20 I=4.415505278928905e-5
beamp=10 beamq=20 I=0.00010293544004946364
beamp=11 beamq=20 I=9.194652095761456e-5
beamp=12 beamq=20 I=3.406201825225293e-16
beamp=13 beamq=20 I=1.3669976742601231e-5
beamp=14 beamq=20 I=6.060632609149984e-5
beamp=15 beamq=20 I=1.9713588692112614e-5
beamp=16 beamq=20 I=5.08612917465137e-5
beamp=17 beamq=20 I=4.9696633301581796e-5
beamp=18 beamq=20 I=5.728201477965081e-17
beamp=19 beamq=20 I=8.616714906530273e-6
beamp=20 beamq=20 I=4.088635481767383e-5
beamp=21 beamq=20 I=1.416816771906652e-5
beamp=22 beamq=20 I=3.880979750976928e-5
beamp=23 beamq=20 I=4.014714723685353e-5
beamp=24 beamq=20 I=4.704082175871482e-16
beamp=25 beamq=20 I=7.760517238761989e-6
beamp=26 beamq=20 I=3.880748535499386e-5
beamp=27 beamq=20 I=1.4168044818011965e-5
beamp=28 beamq=20 I=4.088537835350945e-5
beamp=29 beamq=20 I=4.458157631721555e-5
beamp=30 beamq=20 I=3.146806455458136e-15
beamp=31 beamq=20 I=9.604280026542156e-6
beamp=32 beamq=20 I=5.0858262993489176e-5
beamp=33 beamq=20 I=1.9713969360347314e-5
beamp=34 beamq=20 I=6.06086319982928e-5
beamp=35 beamq=20 I=7.071328659166208e-5
beamp=36 beamq=20 I=9.333173701479383e-16
beamp=37 beamq=20 I=1.7775130691592722e-5
beamp=38 beamq=20 I=0.00010293143129939992
beamp=39 beamq=20 I=4.4153371046102394e-5
beamp=40 beamq=20 I=0.00015259020959830266
beamp=41 beamq=20 I=0.00020433631661021545
beamp=42 beamq=20 I=3.1713500821377763e-14
beamp=43 beamq=20 I=7.478982281548872e-5
beamp=44 beamq=20 I=0.0005694719954625377
beamp=45 beamq=20 I=0.00035807609871104274
beamp=46 beamq=20 I=0.0022390795428646384
beamp=47 beamq=20 I=0.009344884701252925
beamp=0 beamq=21 I=0.008421875054566964
beamp=1 beamq=21 I=0.010888247997324615
beamp=2 beamq=21 I=0.002239055507463476
beamp=3 beamq=21 I=0.00118579646649703
beamp=4 beamq=21 I=0.0005694660375700714
beamp=5 beamq=21 I=4.5596047419142345e-6
beamp=6 beamq=21 I=0.0
beamp=7 beamq=21 I=0.00023808956577086286
beamp=8 beamq=21 I=0.00015258804786247125
beamp=9 beamq=21 I=0.00014621894049809264
beamp=10 beamq=21 I=0.0001029361484538368
beamp=11 beamq=21 I=1.083669954827532e-6
beamp=12 beamq=21 I=0.0
beamp=13 beamq=21 I=8.239627784075945e-5
beamp=14 beamq=21 I=6.060732355791781e-5
beamp=15 beamq=21 I=6.528129830688104e-5
beamp=16 beamq=21 I=5.0863758248287e-5
beamp=17 beamq=21 I=5.857212269157365e-7
beamp=18 beamq=21 I=0.0
beamp=19 beamq=21 I=5.1942354221206496e-5
beamp=20 beamq=21 I=4.088655906150024e-5
beamp=21 beamq=21 I=4.691735500497266e-5
beamp=22 beamq=21 I=3.880875712456323e-5
beamp=23 beamq=21 I=4.73109091269714e-7
beamp=24 beamq=21 I=0.0
beamp=25 beamq=21 I=4.6776182329217046e-5
beamp=26 beamq=21 I=3.8807627004291826e-5
beamp=27 beamq=21 I=4.691740165043883e-5
beamp=28 beamq=21 I=4.088730884208327e-5
beamp=29 beamq=21 I=5.253862295002697e-7
beamp=30 beamq=21 I=0.0
beamp=31 beamq=21 I=5.790435503588637e-5
beamp=32 beamq=21 I=5.086261189059668e-5
beamp=33 beamq=21 I=6.528131801110681e-5
beamp=34 beamq=21 I=6.0607925295087374e-5
beamp=35 beamq=21 I=8.33507687920405e-7
beamp=36 beamq=21 I=0.0
beamp=37 beamq=21 I=0.00010713352478744742
beamp=38 beamq=21 I=0.00010293541362836564
beamp=39 beamq=21 I=0.00014621896441642613
beamp=40 beamq=21 I=0.0001525906023927324
beamp=41 beamq=21 I=2.4084863350670384e-6
beamp=42 beamq=21 I=0.0
beamp=43 beamq=21 I=0.0004507718757172037
beamp=44 beamq=21 I=0.0005694652453552544
beamp=45 beamq=21 I=0.001185796517356604
beamp=46 beamq=21 I=0.0022390625235484667
beamp=47 beamq=21 I=0.00011013582227660233
beamp=0 beamq=22 I=0.011114904247208542
beamp=1 beamq=22 I=0.0054628368218217985
beamp=2 beamq=22 I=0.002239051936681435
beamp=3 beamq=22 I=9.107077412167314e-5
beamp=4 beamq=22 I=0.0005694658306036517
beamp=5 beamq=22 I=0.0004317950439808256
beamp=6 beamq=22 I=2.7656190416484406e-16
beamp=7 beamq=22 I=0.00011945487912858847
beamp=8 beamq=22 I=0.00015258703298569486
beamp=9 beamq=22 I=1.1229901796436949e-5
beamp=10 beamq=22 I=0.00010293671439242508
beamp=11 beamq=22 I=0.00010262549131858159
beamp=12 beamq=22 I=1.050637080228974e-15
beamp=13 beamq=22 I=4.1338770021185245e-5
beamp=14 beamq=22 I=6.060567857054724e-5
beamp=15 beamq=22 I=5.013527937618111e-6
beamp=16 beamq=22 I=5.0866165035233916e-5
beamp=17 beamq=22 I=5.546663852945786e-5
beamp=18 beamq=22 I=3.1193400004218366e-15
beamp=19 beamq=22 I=2.605783589253964e-5
beamp=20 beamq=22 I=4.0884548945079e-5
beamp=21 beamq=22 I=3.603164037068406e-6
beamp=22 beamq=22 I=3.880882363064288e-5
beamp=23 beamq=22 I=4.480671764639441e-5
beamp=24 beamq=22 I=1.9743773311866235e-15
beamp=25 beamq=22 I=2.3467882841729952e-5
beamp=26 beamq=22 I=3.8807518265077124e-5
beamp=27 beamq=22 I=3.603352303669077e-6
beamp=28 beamq=22 I=4.088537789330484e-5
beamp=29 beamq=22 I=4.975422112078463e-5
beamp=30 beamq=22 I=1.1766349251989456e-14
beamp=31 beamq=22 I=2.90551952154127e-5
beamp=32 beamq=22 I=5.08666933271595e-5
beamp=33 beamq=22 I=5.013561532309821e-6
beamp=34 beamq=22 I=6.060082142764394e-5
beamp=35 beamq=22 I=7.892615572981057e-5
beamp=36 beamq=22 I=6.133918965927261e-15
beamp=37 beamq=22 I=5.37482472697718e-5
beamp=38 beamq=22 I=0.00010293580437938706
beamp=39 beamq=22 I=1.1230310893347891e-5
beamp=40 beamq=22 I=0.00015258437674885866
beamp=41 beamq=22 I=0.00022806942110347014
beamp=42 beamq=22 I=1.1695514710053737e-14
beamp=43 beamq=22 I=0.00022616373003017713
beamp=44 beamq=22 I=0.0005694635962880121
beamp=45 beamq=22 I=9.107165392842161e-5
beamp=46 beamq=22 I=0.002239034687749171
beamp=47 beamq=22 I=0.010429821612325552
beamp=0 beamq=23 I=0.003876576291431316
beamp=1 beamq=23 I=0.005271415923438669
beamp=2 beamq=23 I=0.0022390586048791463
beamp=3 beamq=23 I=0.0013192386456980008
beamp=4 beamq=23 I=0.000569466073725712
beamp=5 beamq=23 I=5.2966400289428835e-5
beamp=6 beamq=23 I=5.032505083953549e-16
beamp=7 beamq=23 I=0.00011526964654491752
beamp=8 beamq=23 I=0.00015258816018684076
beamp=9 beamq=23 I=0.00016267357807260167
beamp=10 beamq=23 I=0.0001029356810579104
beamp=11 beamq=23 I=1.2589449525590668e-5
beamp=12 beamq=23 I=1.9059483628211063e-15
beamp=13 beamq=23 I=3.989151366329297e-5
beamp=14 beamq=23 I=6.060661303998982e-5
beamp=15 beamq=23 I=7.262754301432409e-5
beamp=16 beamq=23 I=5.086710954218091e-5
beamp=17 beamq=23 I=6.801596440900496e-6
beamp=18 beamq=23 I=4.3590800095684905e-15
beamp=19 beamq=23 I=2.5145785098132993e-5
beamp=20 beamq=23 I=4.088750152737505e-5
beamp=21 beamq=23 I=5.219733516567764e-5
beamp=22 beamq=23 I=3.881011690695473e-5
beamp=23 beamq=23 I=5.495729605993279e-6
beamp=24 beamq=23 I=3.0492282599344405e-15
beamp=25 beamq=23 I=2.2644844926554553e-5
beamp=26 beamq=23 I=3.8807317585577034e-5
beamp=27 beamq=23 I=5.219788449446083e-5
beamp=28 beamq=23 I=4.088560771868188e-5
beamp=29 beamq=23 I=6.102920901767123e-6
beamp=30 beamq=23 I=5.7654709276442704e-15
beamp=31 beamq=23 I=2.803392738529368e-5
beamp=32 beamq=23 I=5.085769771389978e-5
beamp=33 beamq=23 I=7.262953108653765e-5
beamp=34 beamq=23 I=6.0612863871402894e-5
beamp=35 beamq=23 I=9.681149981687932e-6
beamp=36 beamq=23 I=5.0902591784291365e-14
beamp=37 beamq=23 I=5.18666534486792e-5
beamp=38 beamq=23 I=0.00010293308099078909
beamp=39 beamq=23 I=0.0001626722287288326
beamp=40 beamq=23 I=0.00015259117287330843
beamp=41 beamq=23 I=2.7976956855046048e-5
beamp=42 beamq=23 I=2.5408119799380975e-14
beamp=43 beamq=23 I=0.00021823451030573757
beamp=44 beamq=23 I=0.0005694680158529434
beamp=45 beamq=23 I=0.0013192595520779458
beamp=46 beamq=23 I=0.0022390476886482175
beamp=47 beamq=23 I=0.0012793821994321196
beamp=0 beamq=24 I=0.013020833333333332
beamp=1 beamq=24 I=0.00891790935835798
beamp=2 beamq=24 I=0.0022390537810085273
beamp=3 beamq=24 I=0.0
beamp=4 beamq=24 I=0.0005694669042174527
beamp=5 beamq=24 I=0.000369199449666565
beamp=6 beamq=24 I=0.0
beamp=7 beamq=24 I=0.00019500650961741013
beamp=8 beamq=24 I=0.00015258702272341357
beamp=9 beamq=24 I=0.0
beamp=10 beamq=24 I=0.00010293611738111139
beamp=11 beamq=24 I=8.774699828677252e-5
beamp=12 beamq=24 I=0.0
beamp=13 beamq=24 I=6.748649876473613e-5
beamp=14 beamq=24 I=6.060675412563928e-5
beamp=15 beamq=24 I=0.0
beamp=16 beamq=24 I=5.086383706165612e-5
beamp=17 beamq=24 I=4.742439470004607e-5
beamp=18 beamq=24 I=0.0
beamp=19 beamq=24 I=4.2542164752056345e-5
beamp=20 beamq=24 I=4.088590779432613e-5
beamp=21 beamq=24 I=0.0
beamp=22 beamq=24 I=3.8808799794362125e-5
beamp=23 beamq=24 I=3.831117536446223e-5
beamp=24 beamq=24 I=0.0
beamp=25 beamq=24 I=3.831181829479806e-5
beamp=26 beamq=24 I=3.88080616332985e-5
beamp=27 beamq=24 I=0.0
beamp=28 beamq=24 I=4.088560980446924e-5
beamp=29 beamq=24 I=4.254398456247639e-5
beamp=30 beamq=24 I=0.0
beamp=31 beamq=24 I=4.7427544610776146e-5
beamp=32 beamq=24 I=5.0862050983674146e-5
beamp=33 beamq=24 I=0.0
beamp=34 beamq=24 I=6.06068984019389e-5
beamp=35 beamq=24 I=6.748769843237824e-5
beamp=36 beamq=24 I=0.0
beamp=37 beamq=24 I=8.774757170781326e-5
beamp=38 beamq=24 I=0.00010293625640722221
beamp=39 beamq=24 I=0.0
beamp=40 beamq=24 I=0.0001525903233000947
beamp=41 beamq=24 I=0.00019500393942904477
beamp=42 beamq=24 I=0.0
beamp=43 beamq=24 I=0.00036919952035326077
beamp=44 beamq=24 I=0.0005694658159637489
beamp=45 beamq=24 I=0.0
beamp=46 beamq=24 I=0.002239048374015269
beamp=47 beamq=24 I=0.008917911027617537
beamp=0 beamq=25 I=0.003876666812802542
beamp=1 beamq=25 I=0.0012794042286925792
beamp=2 beamq=25 I=0.0022390558868911484
beamp=3 beamq=25 I=0.0013192618978579724
beamp=4 beamq=25 I=0.0005694637421808709
beamp=5 beamq=25 I=0.00021823706086286429
beamp=6 beamq=25 I=7.007785916950577e-16
beamp=7 beamq=25 I=2.7976512753739405e-5
beamp=8 beamq=25 I=0.00015258768937447104
beamp=9 beamq=25 I=0.000162676675873413
beamp=10 beamq=25 I=0.00010293682189272634
beamp=11 beamq=25 I=5.186703864423245e-5
beamp=12 beamq=25 I=2.2190117401262957e-15
beamp=13 beamq=25 I=9.681674898124746e-6
beamp=14 beamq=25 I=6.060776195417021e-5
beamp=15 beamq=25 I=7.26290128075287e-5
beamp=16 beamq=25 I=5.086194716772685e-5
beamp=17 beamq=25 I=2.8035614131864234e-5
beamp=18 beamq=25 I=5.182712259933312e-17
beamp=19 beamq=25 I=6.103580401040756e-6
beamp=20 beamq=25 I=4.088684208087831e-5
beamp=21 beamq=25 I=5.219819621922689e-5
beamp=22 beamq=25 I=3.880773693341694e-5
beamp=23 beamq=25 I=2.264685973521572e-5
beamp=24 beamq=25 I=8.691687416092127e-17
beamp=25 beamq=25 I=5.4972042351862785e-6
beamp=26 beamq=25 I=3.880814219227927e-5
beamp=27 beamq=25 I=5.2198359050834065e-5
beamp=28 beamq=25 I=4.0885343286671746e-5
beamp=29 beamq=25 I=2.514687133377127e-5
beamp=30 beamq=25 I=5.096879587944876e-16
beamp=31 beamq=25 I=6.804507964775679e-6
beamp=32 beamq=25 I=5.0864222780940423e-5
beamp=33 beamq=25 I=7.263026476747239e-5
beamp=34 beamq=25 I=6.060765923407202e-5
beamp=35 beamq=25 I=3.9893359719779834e-5
beamp=36 beamq=25 I=4.846963081546127e-14
beamp=37 beamq=25 I=1.258889474260318e-5
beamp=38 beamq=25 I=0.0001029365292432035
beamp=39 beamq=25 I=0.0001626784522735529
beamp=40 beamq=25 I=0.00015258751638425825
beamp=41 beamq=25 I=0.00011527020201690147
beamp=42 beamq=25 I=4.3433703718400805e-15
beamp=43 beamq=25 I=5.296651285397126e-5
beamp=44 beamq=25 I=0.0005694606874726163
beamp=45 beamq=25 I=0.0013192435401616171
beamp=46 beamq=25 I=0.0022390612610683827
beamp=47 beamq=25 I=0.0052714587049216355
beamp=0 beamq=26 I=0.011115047949944876
beamp=1 beamq=26 I=0.010429999348965432
beamp=2 beamq=26 I=0.0022390624167420046
beamp=3 beamq=26 I=9.106892433150061e-5
beamp=4 beamq=26 I=0.0005694662424853074
beamp=5 beamq=26 I=0.00022616300727419864
beamp=6 beamq=26 I=2.0650889129512442e-15
beamp=7 beamq=26 I=0.00022807210148825333
beamp=8 beamq=26 I=0.00015258863954373264
beamp=9 beamq=26 I=1.122986300765701e-5
beamp=10 beamq=26 I=0.00010293709013915449
beamp=11 beamq=26 I=5.375170367804004e-5
beamp=12 beamq=26 I=3.3763862654819415e-15
beamp=13 beamq=26 I=7.892996402178894e-5
beamp=14 beamq=26 I=6.060559763564536e-5
beamp=15 beamq=26 I=5.0135546707706135e-6
beamp=16 beamq=26 I=5.0864377258628924e-5
beamp=17 beamq=26 I=2.9051873800011548e-5
beamp=18 beamq=26 I=3.599777088104475e-15
beamp=19 beamq=26 I=4.975604443972404e-5
beamp=20 beamq=26 I=4.088610452050057e-5
beamp=21 beamq=26 I=3.6029305832615938e-6
beamp=22 beamq=26 I=3.880933327557055e-5
beamp=23 beamq=26 I=2.3467842430728977e-5
beamp=24 beamq=26 I=2.6897248895744555e-15
beamp=25 beamq=26 I=4.4808035163275776e-5
beamp=26 beamq=26 I=3.8808608827493295e-5
beamp=27 beamq=26 I=3.6030638378068568e-6
beamp=28 beamq=26 I=4.088589969342988e-5
beamp=29 beamq=26 I=2.606334098575276e-5
beamp=30 beamq=26 I=1.4712804180990375e-14
beamp=31 beamq=26 I=5.5460925069007176e-5
beamp=32 beamq=26 I=5.085559146177511e-5
beamp=33 beamq=26 I=5.0134061826371584e-6
beamp=34 beamq=26 I=6.06088560883282e-5
beamp=35 beamq=26 I=4.134141736055387e-5
beamp=36 beamq=26 I=4.503129820710346e-14
beamp=37 beamq=26 I=0.00010262772487648519
beamp=38 beamq=26 I=0.00010293573473661461
beamp=39 beamq=26 I=1.1229025443894394e-5
beamp=40 beamq=26 I=0.00015259180895757393
beamp=41 beamq=26 I=0.00011945404939765644
beamp=42 beamq=26 I=1.8047001429435475e-13
beamp=43 beamq=26 I=0.0004318048868086639
beamp=44 beamq=26 I=0.000569460318200444
beamp=45 beamq=26 I=9.107644307431616e-5
beamp=46 beamq=26 I=0.002239106208397276
beamp=47 beamq=26 I=0.0054629882038750265
beamp=0 beamq=27 I=0.008421875054566964
beamp=1 beamq=27 I=0.00011013346170866408
beamp=2 beamq=27 I=0.0022390546234388447
beamp=3 beamq=27 I=0.001185796517356604
beamp=4 beamq=27 I=0.0005694658708758406
beamp=5 beamq=27 I=0.0004507712669117269
beamp=6 beamq=27 I=0.0
beamp=7 beamq=27 I=2.4082114773837785e-6
beamp=8 beamq=27 I=0.00015258851329865206
beamp=9 beamq=27 I=0.00014621896441642613
beamp=10 beamq=27 I=0.00010293649926179481
beamp=11 beamq=27 I=0.00010713483566143818
beamp=12 beamq=27 I=0.0
beamp=13 beamq=27 I=8.333008995412942e-7
beamp=14 beamq=27 I=6.060639821785269e-5
beamp=15 beamq=27 I=6.528131801110681e-5
beamp=16 beamq=27 I=5.086310628625973e-5
beamp=17 beamq=27 I=5.790138519979688e-5
beamp=18 beamq=27 I=0.0
beamp=19 beamq=27 I=5.253633570174291e-7
beamp=20 beamq=27 I=4.088598449031578e-5
beamp=21 beamq=27 I=4.691740165043883e-5
beamp=22 beamq=27 I=3.880920590569435e-5
beamp=23 beamq=27 I=4.677537112125853e-5
beamp=24 beamq=27 I=0.0
beamp=25 beamq=27 I=4.7309266440035487e-7
beamp=26 beamq=27 I=3.880778921496097e-5
beamp=27 beamq=27 I=4.691735500497266e-5
beamp=28 beamq=27 I=4.0885283693183066e-5
beamp=29 beamq=27 I=5.194356555224479e-5
beamp=30 beamq=27 I=0.0
beamp=31 beamq=27 I=5.854139190913824e-7
beamp=32 beamq=27 I=5.0861245518834355e-5
beamp=33 beamq=27 I=6.528129830688104e-5
beamp=34 beamq=27 I=6.0606193679324744e-5
beamp=35 beamq=27 I=8.239590880659534e-5
beamp=36 beamq=27 I=0.0
beamp=37 beamq=27 I=1.0837323633211046e-6
beamp=38 beamq=27 I=0.00010293484940528621
beamp=39 beamq=27 I=0.00014621894049809264
beamp=40 beamq=27 I=0.00015259015715299475
beamp=41 beamq=27 I=0.00023809034969390653
beamp=42 beamq=27 I=0.0
beamp=43 beamq=27 I=4.55969556237917e-6
beamp=44 beamq=27 I=0.0005694703053026582
beamp=45 beamq=27 I=0.00118579646649703
beamp=46 beamq=27 I=0.002239054582507012
beamp=47 beamq=27 I=0.010888231535270704
beamp=0 beamq=28 I=0.006573086760047087
beamp=1 beamq=28 I=0.009344829056027402
beamp=2 beamq=28 I=0.002239057145700711
beamp=3 beamq=28 I=0.0003580902454590567
beamp=4 beamq=28 I=0.0005694663543365493
beamp=5 beamq=28 I=7.478461779060301e-5
beamp=6 beamq=28 I=8.279148489461392e-15
beamp=7 beamq=28 I=0.00020434207451516416
beamp=8 beamq=28 I=0.00015258743711338703
beamp=9 beamq=28 I=4.4156038770673794e-5
beamp=10 beamq=28 I=0.00010293774080817551
beamp=11 beamq=28 I=1.7774350131353702e-5
beamp=12 beamq=28 I=6.137487798078359e-15
beamp=13 beamq=28 I=7.071551825146574e-5
beamp=14 beamq=28 I=6.0606988329960436e-5
beamp=15 beamq=28 I=1.9714735099499993e-5
beamp=16 beamq=28 I=5.085525225473194e-5
beamp=17 beamq=28 I=9.605799971936123e-6
beamp=18 beamq=28 I=7.827307234078058e-15
beamp=19 beamq=28 I=4.457949884140485e-5
beamp=20 beamq=28 I=4.0885040722639466e-5
beamp=21 beamq=28 I=1.416928693010711e-5
beamp=22 beamq=28 I=3.880870421423483e-5
beamp=23 beamq=28 I=7.75967994550104e-6
beamp=24 beamq=28 I=6.114403326822522e-15
beamp=25 beamq=28 I=4.014553725891209e-5
beamp=26 beamq=28 I=3.880524151386303e-5
beamp=27 beamq=28 I=1.416869763660037e-5
beamp=28 beamq=28 I=4.088485137621722e-5
beamp=29 beamq=28 I=8.617204635933792e-6
beamp=30 beamq=28 I=1.977810638066161e-15
beamp=31 beamq=28 I=4.9703069044444195e-5
beamp=32 beamq=28 I=5.0872149277205773e-5
beamp=33 beamq=28 I=1.9713776566541404e-5
beamp=34 beamq=28 I=6.059977289625432e-5
beamp=35 beamq=28 I=1.3671360122127987e-5
beamp=36 beamq=28 I=3.9933424767167135e-15
beamp=37 beamq=28 I=9.194480762487255e-5
beamp=38 beamq=28 I=0.00010293754536052557
beamp=39 beamq=28 I=4.415297963725544e-5
beamp=40 beamq=28 I=0.00015258580103157446
beamp=41 beamq=28 I=3.950085200581523e-5
beamp=42 beamq=28 I=9.891763695762019e-15
beamp=43 beamq=28 I=0.0003868694445436951
beamp=44 beamq=28 I=0.000569469156908258
beamp=45 beamq=28 I=0.0003580758863528335
beamp=46 beamq=28 I=0.002239036217008479
beamp=47 beamq=28 I=0.0018063961554693451
beamp=0 beamq=29 I=0.015403419071756217
beamp=1 beamq=29 I=0.001788937678718521
beamp=2 beamq=29 I=0.002239052495411615
beamp=3 beamq=29 I=0.0009380708463378719
beamp=4 beamq=29 I=0.0005694642688788498
beamp=5 beamq=29 I=0.0006680257943706526
beamp=6 beamq=29 I=5.838067298110279e-15
beamp=7 beamq=29 I=3.911808987370092e-5
beamp=8 beamq=29 I=0.00015258854224809874
beamp=9 beamq=29 I=0.00011567479507743644
beamp=10 beamq=29 I=0.00010293578711444711
beamp=11 beamq=29 I=0.00015876705809082426
beamp=12 beamq=29 I=5.507046822323299e-15
beamp=13 beamq=29 I=1.3536421794803143e-5
beamp=14 beamq=29 I=6.06014652921557e-5
beamp=15 beamq=29 I=5.164523858412653e-5
beamp=16 beamq=29 I=5.0867507215996654e-5
beamp=17 beamq=29 I=8.581920839557457e-5
beamp=18 beamq=29 I=1.450122664453888e-14
beamp=19 beamq=29 I=8.534239219735226e-6
beamp=20 beamq=29 I=4.0885163946369595e-5
beamp=21 beamq=29 I=3.711700642906144e-5
beamp=22 beamq=29 I=3.88075492702436e-5
beamp=23 beamq=29 I=6.932164019384765e-5
beamp=24 beamq=29 I=6.1982031197375474e-15
beamp=25 beamq=29 I=7.685259347212353e-6
beamp=26 beamq=29 I=3.880886960487963e-5
beamp=27 beamq=29 I=3.7117226551093705e-5
beamp=28 beamq=29 I=4.0882742328314235e-5
beamp=29 beamq=29 I=7.698526878374176e-5
beamp=30 beamq=29 I=1.4129740581418405e-14
beamp=31 beamq=29 I=9.508405668494921e-6
beamp=32 beamq=29 I=5.084982139134921e-5
beamp=33 beamq=29 I=5.164394740758981e-5
beamp=34 beamq=29 I=6.060570228282257e-5
beamp=35 beamq=29 I=0.0001221109953107744
beamp=36 beamq=29 I=2.1328571956179033e-14
beamp=37 beamq=29 I=1.7602568976338092e-5
beamp=38 beamq=29 I=0.00010294076348225275
beamp=39 beamq=29 I=0.00011567134365981984
beamp=40 beamq=29 I=0.0001525905733676862
beamp=41 beamq=29 I=0.00035284233517786975
beamp=42 beamq=29 I=5.403674921440384e-14
beamp=43 beamq=29 I=7.406034335135446e-5
beamp=44 beamq=29 I=0.0005694736786237343
beamp=45 beamq=29 I=0.0009380425065653719
beamp=46 beamq=29 I=0.0022391442725533334
beamp=47 beamq=29 I=0.01613622380598096
beamp=0 beamq=30 I=0.002561186466409649
beamp=1 beamq=30 I=0.006287474559478871
beamp=2 beamq=30 I=0.002239055544827383
beamp=3 beamq=30 I=0.0007828285626910451
beamp=4 beamq=30 I=0.0005694661094932948
beamp=5 beamq=30 I=1.057078749589543e-5
beamp=6 beamq=30 I=0.0
beamp=7 beamq=30 I=0.00013748708146812412
beamp=8 beamq=30 I=0.00015258709844129465
beamp=9 beamq=30 I=9.652953279032737e-5
beamp=10 beamq=30 I=0.00010293506378829293
beamp=11 beamq=30 I=2.5125200384592343e-6
beamp=12 beamq=30 I=0.0
beamp=13 beamq=30 I=4.758109086737872e-5
beamp=14 beamq=30 I=6.0606587631289144e-5
beamp=15 beamq=30 I=4.309683184252544e-5
beamp=16 beamq=30 I=5.086305100408581e-5
beamp=17 beamq=30 I=1.3576987737103297e-6
beamp=18 beamq=30 I=0.0
beamp=19 beamq=30 I=2.9994343439365994e-5
beamp=20 beamq=30 I=4.088650123289102e-5
beamp=21 beamq=30 I=3.097349530789178e-5
beamp=22 beamq=30 I=3.880829488778465e-5
beamp=23 beamq=30 I=1.0968780667668135e-6
beamp=24 beamq=30 I=0.0
beamp=25 beamq=30 I=2.7010513750774562e-5
beamp=26 beamq=30 I=3.8808000737877084e-5
beamp=27 beamq=30 I=3.097349742102856e-5
beamp=28 beamq=30 I=4.0885062854672184e-5
beamp=29 beamq=30 I=1.218320113214788e-6
beamp=30 beamq=30 I=0.0
beamp=31 beamq=30 I=3.343731102613203e-5
beamp=32 beamq=30 I=5.086108029212251e-5
beamp=33 beamq=30 I=4.309683231958813e-5
beamp=34 beamq=30 I=6.060701563561248e-5
beamp=35 beamq=30 I=1.9321526642810025e-6
beamp=36 beamq=30 I=0.0
beamp=37 beamq=30 I=6.186614211215694e-5
beamp=38 beamq=30 I=0.00010293498841122484
beamp=39 beamq=30 I=9.652951933976075e-5
beamp=40 beamq=30 I=0.00015259162895520328
beamp=41 beamq=30 I=5.583963021318765e-6
beamp=42 beamq=30 I=0.0
beamp=43 beamq=30 I=0.0002602978986738356
beamp=44 beamq=30 I=0.0005694697358103349
beamp=45 beamq=30 I=0.0007828285508765526
beamp=46 beamq=30 I=0.0022390528331453275
beamp=47 beamq=30 I=0.00025532701135158045
beamp=0 beamq=31 I=0.021345851298804775
beamp=1 beamq=31 I=0.005179116750641627
beamp=2 beamq=31 I=0.002239054211887588
beamp=3 beamq=31 I=0.0006156826843138387
beamp=4 beamq=31 I=0.000569466785960942
beamp=5 beamq=31 I=0.0007820220723126524
beamp=6 beamq=31 I=9.989341891285715e-17
beamp=7 beamq=31 I=0.0001132515730713099
beamp=8 beamq=31 I=0.0001525890163686398
beamp=9 beamq=31 I=7.591911041921205e-5
beamp=10 beamq=31 I=0.00010293464710396953
beamp=11 beamq=31 I=0.00018585852902628907
beamp=12 beamq=31 I=2.2474178370454158e-14
beamp=13 beamq=31 I=3.9199412369381455e-5
beamp=14 beamq=31 I=6.05979082142188e-5
beamp=15 beamq=31 I=3.389411767249105e-5
beamp=16 beamq=31 I=5.0849866125312375e-5
beamp=17 beamq=31 I=0.00010044977922417299
beamp=18 beamq=31 I=1.2587338759558845e-14
beamp=19 beamq=31 I=2.470871367932504e-5
beamp=20 beamq=31 I=4.0882275100456906e-5
beamp=21 beamq=31 I=2.4359532257620104e-5
beamp=22 beamq=31 I=3.8809160804410925e-5
beamp=23 beamq=31 I=8.114210246229264e-5
beamp=24 beamq=31 I=5.866843830771665e-15
beamp=25 beamq=31 I=2.2252112478049393e-5
beamp=26 beamq=31 I=3.880996780758408e-5
beamp=27 beamq=31 I=2.435918627648469e-5
beamp=28 beamq=31 I=4.088865191132273e-5
beamp=29 beamq=31 I=9.011110152163702e-5
beamp=30 beamq=31 I=1.0958223351445704e-14
beamp=31 beamq=31 I=2.754992996238726e-5
beamp=32 beamq=31 I=5.084473114086454e-5
beamp=33 beamq=31 I=3.389456164775795e-5
beamp=34 beamq=31 I=6.0591113318333696e-5
beamp=35 beamq=31 I=0.00014296097925490012
beamp=36 beamq=31 I=3.823774386317244e-14
beamp=37 beamq=31 I=5.095728960605728e-5
beamp=38 beamq=31 I=0.00010294431820080893
beamp=39 beamq=31 I=7.591798984848573e-5
beamp=40 beamq=31 I=0.000152585571881708
beamp=41 beamq=31 I=0.000413061949710182
beamp=42 beamq=31 I=1.7356190721463705e-13
beamp=43 beamq=31 I=0.00021441128142460385
beamp=44 beamq=31 I=0.0005694861649920192
beamp=45 beamq=31 I=0.0006157130267467105
beamp=46 beamq=31 I=0.0022389151067451884
beamp=47 beamq=31 I=0.018889463028588047
beamp=0 beamq=32 I=0.0032553561824717513
beamp=1 beamq=32 I=0.002972683944277417
beamp=2 beamq=32 I=0.0022390540332566074
beamp=3 beamq=32 I=0.0013363882080669929
beamp=4 beamq=32 I=0.000569466759677644
beamp=5 beamq=32 I=0.00012306820582109112
beamp=6 beamq=32 I=7.062673651932656e-16
beamp=7 beamq=32 I=6.500337021719466e-5
beamp=8 beamq=32 I=0.00015258766685727272
beamp=9 beamq=32 I=0.00016478908576584536
beamp=10 beamq=32 I=0.00010292897433934766
beamp=11 beamq=32 I=2.924613792560675e-5
beamp=12 beamq=32 I=4.839020171255407e-15
beamp=13 beamq=32 I=2.2493658714141524e-5
beamp=14 beamq=32 I=6.061564701044e-5
beamp=15 beamq=32 I=7.357368419327232e-5
beamp=16 beamq=32 I=5.0857708074500405e-5
beamp=17 beamq=32 I=1.5814134965366995e-5
beamp=18 beamq=32 I=1.1660232964357437e-14
beamp=19 beamq=32 I=1.4177322032213172e-5
beamp=20 beamq=32 I=4.088280873872672e-5
beamp=21 beamq=32 I=5.287737102247518e-5
beamp=22 beamq=32 I=3.8803639352353924e-5
beamp=23 beamq=32 I=1.27694329144011e-5
beamp=24 beamq=32 I=1.2033424387145053e-14
beamp=25 beamq=32 I=1.2770669129581797e-5
beamp=26 beamq=32 I=3.8809132120608766e-5
beamp=27 beamq=32 I=5.287705859975307e-5
beamp=28 beamq=32 I=4.0888799288616005e-5
beamp=29 beamq=32 I=1.4179624332212796e-5
beamp=30 beamq=32 I=3.362878913416393e-15
beamp=31 beamq=32 I=1.5810534305350912e-5
beamp=32 beamq=32 I=5.087029914144056e-5
beamp=33 beamq=32 I=7.35723196902169e-5
beamp=34 beamq=32 I=6.059472929660326e-5
beamp=35 beamq=32 I=2.250098152093985e-5
beamp=36 beamq=32 I=1.2221217238437645e-15
beamp=37 beamq=32 I=2.9248091474903002e-5
beamp=38 beamq=32 I=0.00010294848841645298
beamp=39 beamq=32 I=0.00016479082507012718
beamp=40 beamq=32 I=0.00015259010531736507
beamp=41 beamq=32 I=6.499642261208319e-5
beamp=42 beamq=32 I=9.936938786282249e-15
beamp=43 beamq=32 I=0.00012306112812615613
beamp=44 beamq=32 I=0.0005695146660996592
beamp=45 beamq=32 I=0.0013363499454447493
beamp=46 beamq=32 I=0.0022390508741241336
beamp=47 beamq=32 I=0.0029728736766774537
beamp=0 beamq=33 I=0.0227342072558208
beamp=1 beamq=33 I=0.00838980145677871
beamp=2 beamq=33 I=0.002239054926234846
beamp=3 beamq=33 I=0.00028308307712210655
beamp=4 beamq=33 I=0.000569465402705995
beamp=5 beamq=33 I=0.0007322165781330895
beamp=6 beamq=33 I=0.0
beamp=7 beamq=33 I=0.00018345949331381657
beamp=8 beamq=33 I=0.00015258802827051548
beamp=9 beamq=33 I=3.490659371576671e-5
beamp=10 beamq=33 I=0.00010293760862588574
beamp=11 beamq=33 I=0.00017402315481906735
beamp=12 beamq=33 I=0.0
beamp=13 beamq=33 I=6.34873649517376e-5
beamp=14 beamq=33 I=6.060703560862617e-5
beamp=15 beamq=33 I=1.558449063634342e-5
beamp=16 beamq=33 I=5.086271249503507e-5
beamp=17 beamq=33 I=9.405372306293108e-5
beamp=18 beamq=33 I=0.0
beamp=19 beamq=33 I=4.002276902771143e-5
beamp=20 beamq=33 I=4.0885307884797625e-5
beamp=21 beamq=33 I=1.1200503338086615e-5
beamp=22 beamq=33 I=3.880906467736744e-5
beamp=23 beamq=33 I=7.597818562955766e-5
beamp=24 beamq=33 I=0.0
beamp=25 beamq=33 I=3.604433887599368e-5
beamp=26 beamq=33 I=3.8808674211997746e-5
beamp=27 beamq=33 I=1.1200500050813275e-5
beamp=28 beamq=33 I=4.0885321975251676e-5
beamp=29 beamq=33 I=8.437569728248244e-5
beamp=30 beamq=33 I=0.0
beamp=31 beamq=33 I=4.4617973563886006e-5
beamp=32 beamq=33 I=5.085954370389606e-5
beamp=33 beamq=33 I=1.5584491247015775e-5
beamp=34 beamq=33 I=6.060540424549956e-5
beamp=35 beamq=33 I=0.00013384228718314959
beamp=36 beamq=33 I=0.0
beamp=37 beamq=33 I=8.255082409171596e-5
beamp=38 beamq=33 I=0.00010293727695162742
beamp=39 beamq=33 I=3.490658883919104e-5
beamp=40 beamq=33 I=0.00015258900830497906
beamp=41 beamq=33 I=0.0003867459457982399
beamp=42 beamq=33 I=0.0
beamp=43 beamq=33 I=0.00034733318464317186
beamp=44 beamq=33 I=0.0005694756636083301
beamp=45 beamq=33 I=0.0002830830683475852
beamp=46 beamq=33 I=0.002239062884531167
beamp=47 beamq=33 I=0.01768649954746155
beamp=0 beamq=34 I=0.012510193901045333
beamp=1 beamq=34 I=0.0016835558663100575
beamp=2 beamq=34 I=0.0022390567441735766
beamp=3 beamq=34 I=0.001980971072957697
beamp=4 beamq=34 I=0.0005694676114966624
beamp=5 beamq=34 I=0.00046696623705935183
beamp=6 beamq=34 I=3.3769870941858606e-14
beamp=7 beamq=34 I=3.6814037625607386e-5
beamp=8 beamq=34 I=0.00015258958542028103
beamp=9 beamq=34 I=0.00024426751025546456
beamp=10 beamq=34 I=0.00010293620322038902
beamp=11 beamq=34 I=0.00011098859459517902
beamp=12 beamq=34 I=1.2033605087507133e-14
beamp=13 beamq=34 I=1.2741177338808476e-5
beamp=14 beamq=34 I=6.0609446041181524e-5
beamp=15 beamq=34 I=0.00010905722663659821
beamp=16 beamq=34 I=5.0865776386443215e-5
beamp=17 beamq=34 I=5.9976568312857586e-5
beamp=18 beamq=34 I=5.944183585742298e-15
beamp=19 beamq=34 I=8.03382708541918e-6
beamp=20 beamq=34 I=4.0886329025634254e-5
beamp=21 beamq=34 I=7.837998567146143e-5
beamp=22 beamq=34 I=3.8810204563871663e-5
beamp=23 beamq=34 I=4.845849534684637e-5
beamp=24 beamq=34 I=3.5190040262543057e-15
beamp=25 beamq=34 I=7.232770902356053e-6
beamp=26 beamq=34 I=3.881078351200251e-5
beamp=27 beamq=34 I=7.837814373833234e-5
beamp=28 beamq=34 I=4.0887065232029756e-5
beamp=29 beamq=34 I=5.3810770271717505e-5
beamp=30 beamq=34 I=2.244099726646705e-14
beamp=31 beamq=34 I=8.957283855889029e-6
beamp=32 beamq=34 I=5.084431326858149e-5
beamp=33 beamq=34 I=0.00010905761928309323
beamp=34 beamq=34 I=6.062682332123643e-5
beamp=35 beamq=34 I=8.533842436250975e-5
beamp=36 beamq=34 I=4.1223218776610206e-14
beamp=37 beamq=34 I=1.656126776112435e-5
beamp=38 beamq=34 I=0.00010293460360860673
beamp=39 beamq=34 I=0.00024427131244630614
beamp=40 beamq=34 I=0.0001525931117907979
beamp=41 beamq=34 I=0.00024664298821557566
beamp=42 beamq=34 I=8.876855594625495e-14
beamp=43 beamq=34 I=6.969764743756583e-5
beamp=44 beamq=34 I=0.0005694744666997634
beamp=45 beamq=34 I=0.001980985684733481
beamp=46 beamq=34 I=0.00223905079888324
beamp=47 beamq=34 I=0.01127949763592682
beamp=0 beamq=35 I=0.017671593234206005
beamp=1 beamq=35 I=0.009510253873091503
beamp=2 beamq=35 I=0.0022390508538697
beamp=3 beamq=35 I=4.027653349424629e-5
beamp=4 beamq=35 I=0.0005694649150836164
beamp=5 beamq=35 I=0.0005167942598493036
beamp=6 beamq=35 I=2.0375501777701123e-14
beamp=7 beamq=35 I=0.00020795767383373457
beamp=8 beamq=35 I=0.00015258878563831438
beamp=9 beamq=35 I=4.965994101475083e-6
beamp=10 beamq=35 I=0.0001029380445086367
beamp=11 beamq=35 I=0.00012282804568941494
beamp=12 beamq=35 I=1.2810232656185656e-14
beamp=13 beamq=35 I=7.196970112195421e-5
beamp=14 beamq=35 I=6.0611474866089436e-5
beamp=15 beamq=35 I=2.2169017081534393e-6
beamp=16 beamq=35 I=5.085912034979288e-5
beamp=17 beamq=35 I=6.636858750448695e-5
beamp=18 beamq=35 I=6.477757873649357e-15
beamp=19 beamq=35 I=4.53688023659016e-5
beamp=20 beamq=35 I=4.088305786938127e-5
beamp=21 beamq=35 I=1.593156676392286e-6
beamp=22 beamq=35 I=3.8812313137597185e-5
beamp=23 beamq=35 I=5.362560623806668e-5
beamp=24 beamq=35 I=1.0420854355934945e-14
beamp=25 beamq=35 I=4.085754341684141e-5
beamp=26 beamq=35 I=3.880658992796288e-5
beamp=27 beamq=35 I=1.5931238187404223e-6
beamp=28 beamq=35 I=4.088825292878148e-5
beamp=29 beamq=35 I=5.955649766409223e-5
beamp=30 beamq=35 I=1.6841917490981413e-14
beamp=31 beamq=35 I=5.0581123720319e-5
beamp=32 beamq=35 I=5.087026802313066e-5
beamp=33 beamq=35 I=2.2172201126934598e-6
beamp=34 beamq=35 I=6.060267426620203e-5
beamp=35 beamq=35 I=9.446473234889519e-5
beamp=36 beamq=35 I=9.277574458821611e-15
beamp=37 beamq=35 I=9.358154036625516e-5
beamp=38 beamq=35 I=0.00010293588415438468
beamp=39 beamq=35 I=4.9664460758618196e-6
beamp=40 beamq=35 I=0.00015258587051018437
beamp=41 beamq=35 I=0.00027295584603585055
beamp=42 beamq=35 I=2.8601546948255986e-14
beamp=43 beamq=35 I=0.00039372715547774615
beamp=44 beamq=35 I=0.000569470851380115
beamp=45 beamq=35 I=4.0277215609046046e-5
beamp=46 beamq=35 I=0.0022390295498461842
beamp=47 beamq=35 I=0.01248293666668876
beamp=0 beamq=36 I=0.03255208333333333
beamp=1 beamq=36 I=0.004565664787625248
beamp=2 beamq=36 I=0.0022390570042890284
beamp=3 beamq=36 I=0.0026727438793273306
beamp=4 beamq=36 I=0.0005694657644064315
beamp=5 beamq=36 I=0.0010416491325367415
beamp=6 beamq=36 I=0.0
beamp=7 beamq=36 I=9.983637212121081e-5
beamp=8 beamq=36 I=0.00015258632680114554
beamp=9 beamq=36 I=0.0003295724084669142
beamp=10 beamq=36 I=0.00010293600934099406
beamp=11 beamq=36 I=0.0002475705093748605
beamp=12 beamq=36 I=0.0
beamp=13 beamq=36 I=3.4553937415062694e-5
beamp=14 beamq=36 I=6.061009477485735e-5
beamp=15 beamq=36 I=0.00014714179133008392
beamp=16 beamq=36 I=5.085984524676646e-5
beamp=17 beamq=36 I=0.0001338017369753921
beamp=18 beamq=36 I=0.0
beamp=19 beamq=36 I=2.1779066295825013e-5
beamp=20 beamq=36 I=4.088491365938715e-5
beamp=21 beamq=36 I=0.00010575013346870745
beamp=22 beamq=36 I=3.880807017642632e-5
beamp=23 beamq=36 I=0.00010809305693275354
beamp=24 beamq=36 I=0.0
beamp=25 beamq=36 I=1.9611499983969105e-5
beamp=26 beamq=36 I=3.880599664785959e-5
beamp=27 beamq=36 I=0.00010575013346870745
beamp=28 beamq=36 I=4.088656756427441e-5
beamp=29 beamq=36 I=0.00012003078342035767
beamp=30 beamq=36 I=0.0
beamp=31 beamq=36 I=2.427894241122811e-5
beamp=32 beamq=36 I=5.085933803844435e-5
beamp=33 beamq=36 I=0.00014714179133008392
beamp=34 beamq=36 I=6.060484412546476e-5
beamp=35 beamq=36 I=0.00019040337385959014
beamp=36 beamq=36 I=0.0
beamp=37 beamq=36 I=4.492316021651225e-5
beamp=38 beamq=36 I=0.00010293782928539692
beamp=39 beamq=36 I=0.0003295724084669142
beamp=40 beamq=36 I=0.0001525891148550336
beamp=41 beamq=36 I=0.0005501853950375761
beamp=42 beamq=36 I=0.0
beamp=43 beamq=36 I=0.0001890185422252184
beamp=44 beamq=36 I=0.0005694686545879453
beamp=45 beamq=36 I=0.00267274387932733
beamp=46 beamq=36 I=0.002239062801792202
beamp=47 beamq=36 I=0.025160725935209113
beamp=0 beamq=37 I=0.007739334829874675
beamp=1 beamq=37 I=0.0075807065102493675
beamp=2 beamq=37 I=0.0022390624192738513
beamp=3 beamq=37 I=5.23704120414986e-5
beamp=4 beamq=37 I=0.0005694655960064002
beamp=5 beamq=37 I=0.0002200655541885711
beamp=6 beamq=37 I=4.560436681789783e-15
beamp=7 beamq=37 I=0.000165763743607318
beamp=8 beamq=37 I=0.00015258742172298063
beamp=9 beamq=37 I=6.457851074664354e-6
beamp=10 beamq=37 I=0.00010293537465847116
beamp=11 beamq=37 I=5.230450144115232e-5
beamp=12 beamq=37 I=3.584248150738147e-15
beamp=13 beamq=37 I=5.7365782108768656e-5
beamp=14 beamq=37 I=6.061167465374874e-5
beamp=15 beamq=37 I=2.88327934983893e-6
beamp=16 beamq=37 I=5.086479531841028e-5
beamp=17 beamq=37 I=2.8263170238728466e-5
beamp=18 beamq=37 I=3.3539003641754974e-15
beamp=19 beamq=37 I=3.6165425837183715e-5
beamp=20 beamq=37 I=4.088546460626986e-5
beamp=21 beamq=37 I=2.072155432134203e-6
beamp=22 beamq=37 I=3.880852884900292e-5
beamp=23 beamq=37 I=2.283523758306335e-5
beamp=24 beamq=37 I=1.1768111080519745e-15
beamp=25 beamq=37 I=3.2568057784239034e-5
beamp=26 beamq=37 I=3.88080085524178e-5
beamp=27 beamq=37 I=2.0720485681219463e-6
beamp=28 beamq=37 I=4.088681692072968e-5
beamp=29 beamq=37 I=2.5359521442085907e-5
beamp=30 beamq=37 I=5.797319366461032e-16
beamp=31 beamq=37 I=4.031645435926076e-5
beamp=32 beamq=37 I=5.086252726510237e-5
beamp=33 beamq=37 I=2.883143513104297e-6
beamp=34 beamq=37 I=6.061101508606325e-5
beamp=35 beamq=37 I=4.022473020758876e-5
beamp=36 beamq=37 I=3.2582534037715416e-16
beamp=37 beamq=37 I=7.459029530015366e-5
beamp=38 beamq=37 I=0.000102936579611869
beamp=39 beamq=37 I=6.457745920637084e-6
beamp=40 beamq=37 I=0.0001525843269851482
beamp=41 beamq=37 I=0.00011623789407506135
beamp=42 beamq=37 I=8.980186837926941e-15
beamp=43 beamq=37 I=0.00031383614577054094
beamp=44 beamq=37 I=0.0005694590653432295
beamp=45 beamq=37 I=5.2372018312017856e-5
beamp=46 beamq=37 I=0.0022390603423425685
beamp=47 beamq=37 I=0.00531556754996234
beamp=0 beamq=38 I=0.06306049979426209
beamp=1 beamq=38 I=0.012928519207398258
beamp=2 beamq=38 I=0.002239047091992129
beamp=3 beamq=38 I=0.003364493943050494
beamp=4 beamq=38 I=0.0005694644846991513
beamp=5 beamq=38 I=0.0017851279042908844
beamp=6 beamq=38 I=3.4443657416967824e-14
beamp=7 beamq=38 I=0.0002827046494123668
beamp=8 beamq=38 I=0.00015258598961423987
beamp=9 beamq=38 I=0.00041487095006603877
beamp=10 beamq=38 I=0.00010293405708098264
beamp=11 beamq=38 I=0.00042427077114295253
beamp=12 beamq=38 I=6.60843811675175e-15
beamp=13 beamq=38 I=9.783613776382257e-5
beamp=14 beamq=38 I=6.060861075754077e-5
beamp=15 beamq=38 I=0.00018522510573837264
beamp=16 beamq=38 I=5.086427440203745e-5
beamp=17 beamq=38 I=0.00022929684854901332
beamp=18 beamq=38 I=8.540124987396758e-15
beamp=19 beamq=38 I=6.167436979432182e-5
beamp=20 beamq=38 I=4.0884328267944664e-5
beamp=21 beamq=38 I=0.00013312030316418074
beamp=22 beamq=38 I=3.880856542429107e-5
beamp=23 beamq=38 I=0.00018523645959132517
beamp=24 beamq=38 I=3.5190040262543057e-15
beamp=25 beamq=38 I=5.55389016762278e-5
beamp=26 beamq=38 I=3.8805707065586363e-5
beamp=27 beamq=38 I=0.00013311956670818348
beamp=28 beamq=38 I=4.0884359393467694e-5
beamp=29 beamq=38 I=0.00020569693113949895
beamp=30 beamq=38 I=2.4380092851957374e-15
beamp=31 beamq=38 I=6.874102667975529e-5
beamp=32 beamq=38 I=5.086783083768943e-5
beamp=33 beamq=38 I=0.00018522302841263296
beamp=34 beamq=38 I=6.060451072374599e-5
beamp=35 beamq=38 I=0.0003263019466909611
beamp=36 beamq=38 I=4.8747988429474286e-15
beamp=37 beamq=38 I=0.0001272129635403726
beamp=38 beamq=38 I=0.00010293420685910607
beamp=39 beamq=38 I=0.0004148721206484697
beamp=40 beamq=38 I=0.0001525826465801738
beamp=41 beamq=38 I=0.0009428785472903146
beamp=42 beamq=38 I=1.2942211683140506e-14
beamp=43 beamq=38 I=0.0005352344853922436
beamp=44 beamq=38 I=0.0005694640204352717
beamp=45 beamq=38 I=0.0033644851695165644
beamp=46 beamq=38 I=0.002239036118265724
beamp=47 beamq=38 I=0.043119155097452636
beamp=0 beamq=39 I=0.0005313725249537499
beamp=1 beamq=39 I=0.003893838726566473
beamp=2 beamq=39 I=0.0022390559202786556
beamp=3 beamq=39 I=0.0006340576422406564
beamp=4 beamq=39 I=0.000569465163222711
beamp=5 beamq=39 I=4.6627657010050144e-5
beamp=6 beamq=39 I=0.0
beamp=7 beamq=39 I=8.514519317707737e-5
beamp=8 beamq=39 I=0.00015258913486973852
beamp=9 beamq=39 I=7.818478555972142e-5
beamp=10 beamq=39 I=0.00010293721954465467
beamp=11 beamq=39 I=1.1081881601512016e-5
beamp=12 beamq=39 I=0.0
beamp=13 beamq=39 I=2.9462925855273806e-5
beamp=14 beamq=39 I=6.061009652864414e-5
beamp=15 beamq=39 I=3.490659371576671e-5
beamp=16 beamq=39 I=5.0860104804732456e-5
beamp=17 beamq=39 I=5.989447998364003e-6
beamp=18 beamq=39 I=0.0
beamp=19 beamq=39 I=1.85765990366621e-5
beamp=20 beamq=39 I=4.088444437767817e-5
beamp=21 beamq=39 I=2.5087208141560904e-5
beamp=22 beamq=39 I=3.880796322859431e-5
beamp=23 beamq=39 I=4.839289846734119e-6
beamp=24 beamq=39 I=0.0
beamp=25 beamq=39 I=1.6728355813302683e-5
beamp=26 beamq=39 I=3.880716508018235e-5
beamp=27 beamq=39 I=2.508720906839529e-5
beamp=28 beamq=39 I=4.08854738413374e-5
beamp=29 beamq=39 I=5.373626170882668e-6
beamp=30 beamq=39 I=0.0
beamp=31 beamq=39 I=2.0706362868287777e-5
beamp=32 beamq=39 I=5.086054926542854e-5
beamp=33 beamq=39 I=3.490658883919104e-5
beamp=34 beamq=39 I=6.060530873209684e-5
beamp=35 beamq=39 I=8.523653820133135e-6
beamp=36 beamq=39 I=0.0
beamp=37 beamq=39 I=3.831479364736543e-5
beamp=38 beamq=39 I=0.00010293817161373068
beamp=39 beamq=39 I=7.81847634955341e-5
beamp=40 beamq=39 I=0.00015259044728738001
beamp=41 beamq=39 I=2.462730257301701e-5
beamp=42 beamq=39 I=0.0
beamp=43 beamq=39 I=0.00016120616355794423
beamp=44 beamq=39 I=0.0005694715593774236
beamp=45 beamq=39 I=0.0006340576259798791
beamp=46 beamq=39 I=0.0022390487280108595
beamp=47 beamq=39 I=0.0011262709094466265
beamp=0 beamq=40 I=0.10091090993929765
beamp=1 beamq=40 I=0.026753569715543803
beamp=2 beamq=40 I=0.0022390457961692233
beamp=3 beamq=40 I=0.004009126055301809
beamp=4 beamq=40 I=0.0005694660094866038
beamp=5 beamq=40 I=0.0025843840617527526
beamp=6 beamq=40 I=2.566545970252946e-14
beamp=7 beamq=40 I=0.0005850183052013637
beamp=8 beamq=40 I=0.00015258786699658852
beamp=9 beamq=40 I=0.000494356372718829
beamp=10 beamq=40 I=0.00010293627376959288
beamp=11 beamq=40 I=0.0006142257595901312
beamp=12 beamq=40 I=3.400283888367143e-15
beamp=13 beamq=40 I=0.00020246220654691546
beamp=14 beamq=40 I=6.060908778529233e-5
beamp=15 beamq=40 I=0.00022071089127783338
beamp=16 beamq=40 I=5.085344804792647e-5
beamp=17 beamq=40 I=0.0003319796286041758
beamp=18 beamq=40 I=3.008661028647275e-15
beamp=19 beamq=40 I=0.0001276274800560495
beamp=20 beamq=40 I=4.0881898251949605e-5
beamp=21 beamq=40 I=0.00015862365416983935
beamp=22 beamq=40 I=3.880718374963159e-5
beamp=23 beamq=40 I=0.0002681819776798863
beamp=24 beamq=40 I=4.478839174537619e-15
beamp=25 beamq=40 I=0.00011492828557628154
beamp=26 beamq=40 I=3.880772015734454e-5
beamp=27 beamq=40 I=0.0001586248613135996
beamp=28 beamq=40 I=4.088702390097447e-5
beamp=29 beamq=40 I=0.0002977997914880747
beamp=30 beamq=40 I=1.5085092101967585e-14
beamp=31 beamq=40 I=0.00014226653499093715
beamp=32 beamq=40 I=5.0868016520451634e-5
beamp=33 beamq=40 I=0.00022070991701423468
beamp=34 beamq=40 I=6.060596974301347e-5
beamp=35 beamq=40 I=0.00047240643799502174
beamp=36 beamq=40 I=8.558195023604848e-15
beamp=37 beamq=40 I=0.0002632458376203938
beamp=38 beamq=40 I=0.0001029355348886345
beamp=39 beamq=40 I=0.0004943548673516533
beamp=40 beamq=40 I=0.0001525823486686885
beamp=41 beamq=40 I=0.0013650345947080998
beamp=42 beamq=40 I=3.0681882454257806e-14
beamp=43 beamq=40 I=0.0011075888436918465
beamp=44 beamq=40 I=0.000569467131743137
beamp=45 beamq=40 I=0.004009052240247163
beamp=46 beamq=40 I=0.0022390487589939913
beamp=47 beamq=40 I=0.062424979553553486
beamp=0 beamq=41 I=0.01579024428801784
beamp=1 beamq=41 I=0.004601528292929579
beamp=2 beamq=41 I=0.002239049773994383
beamp=3 beamq=41 I=0.0025316982761504877
beamp=4 beamq=41 I=0.0005694620294439006
beamp=5 beamq=41 I=0.00041945165617741215
beamp=6 beamq=41 I=6.4134398385211804e-15
beamp=7 beamq=41 I=0.00010062143578149468
beamp=8 beamq=41 I=0.00015258605875727104
beamp=9 beamq=41 I=0.00031218011720569394
beamp=10 beamq=41 I=0.00010293969646207163
beamp=11 beamq=41 I=9.968822826230306e-5
beamp=12 beamq=41 I=1.4919751270663546e-15
beamp=13 beamq=41 I=3.481862547048275e-5
beamp=14 beamq=41 I=6.06106692686507e-5
beamp=15 beamq=41 I=0.00013937705805005922
beamp=16 beamq=41 I=5.084749098617157e-5
beamp=17 beamq=41 I=5.388463713467785e-5
beamp=18 beamq=41 I=4.4312246291292966e-15
beamp=19 beamq=41 I=2.1952345841228376e-5
beamp=20 beamq=41 I=4.088574385410235e-5
beamp=21 beamq=41 I=0.00010016946133335938
beamp=22 beamq=41 I=3.8808642196818176e-5
beamp=23 beamq=41 I=4.352640198371789e-5
beamp=24 beamq=41 I=5.381482658222321e-15
beamp=25 beamq=41 I=1.976945745437176e-5
beamp=26 beamq=41 I=3.880630597258765e-5
beamp=27 beamq=41 I=0.00010017033027159183
beamp=28 beamq=41 I=4.0886270013700785e-5
beamp=29 beamq=41 I=4.833090048898898e-5
beamp=30 beamq=41 I=3.021366522856089e-14
beamp=31 beamq=41 I=2.4476889681316087e-5
beamp=32 beamq=41 I=5.087165363007478e-5
beamp=33 beamq=41 I=0.00013937573584057588
beamp=34 beamq=41 I=6.061142371354388e-5
beamp=35 beamq=41 I=7.667124165152388e-5
beamp=36 beamq=41 I=1.0812499803200074e-14
beamp=37 beamq=41 I=4.527360710724927e-5
beamp=38 beamq=41 I=0.00010293766837811221
beamp=39 beamq=41 I=0.0003121852744619338
beamp=40 beamq=41 I=0.0001525872046559783
beamp=41 beamq=41 I=0.00022155676300763795
beamp=42 beamq=41 I=1.33604087898589e-14
beamp=43 beamq=41 I=0.00019050368251559438
beamp=44 beamq=41 I=0.0005694699901186409
beamp=45 beamq=41 I=0.0025317136011966408
beamp=46 beamq=41 I=0.0022390536889671346
beamp=47 beamq=41 I=0.010131813159216737
beamp=0 beamq=42 I=0.1406679773033101
beamp=1 beamq=42 I=0.04454763888738859
beamp=2 beamq=42 I=0.002239055441427828
beamp=3 beamq=42 I=0.004562659200291853
beamp=4 beamq=42 I=0.0005694652324019424
beamp=5 beamq=42 I=0.0032997919684847167
beamp=6 beamq=42 I=0.0
beamp=7 beamq=42 I=0.0009741172781109039
beamp=8 beamq=42 I=0.00015258883377607596
beamp=9 beamq=42 I=0.0005626153147816793
beamp=10 beamq=42 I=0.00010293553846470948
beamp=11 beamq=42 I=0.0007842553531826355
beamp=12 beamq=42 I=0.0
beamp=13 beamq=42 I=0.0003371281520474571
beamp=14 beamq=42 I=6.061251304823711e-5
beamp=15 beamq=42 I=0.0002511867448533317
beamp=16 beamq=42 I=5.085598173507924e-5
beamp=17 beamq=42 I=0.0004238684702960885
beamp=18 beamq=42 I=0.0
beamp=19 beamq=42 I=0.00021250313530180872
beamp=20 beamq=42 I=4.088432596321477e-5
beamp=21 beamq=42 I=0.0001805267653022786
beamp=22 beamq=42 I=3.8808868199189324e-5
beamp=23 beamq=42 I=0.0003424103270851538
beamp=24 beamq=42 I=0.0
beamp=25 beamq=42 I=0.00019137679511155656
beamp=26 beamq=42 I=3.880256209397557e-5
beamp=27 beamq=42 I=0.0001805267674154154
beamp=28 beamq=42 I=4.0885406930404716e-5
beamp=29 beamq=42 I=0.0003802379432065201
beamp=30 beamq=42 I=0.0
beamp=31 beamq=42 I=0.0002369077017175635
beamp=32 beamq=42 I=5.085673178407888e-5
beamp=33 beamq=42 I=0.0002511867453303944
beamp=34 beamq=42 I=6.0597100764772126e-5
beamp=35 beamq=42 I=0.0006031915705336138
beamp=36 beamq=42 I=0.0
beamp=37 beamq=42 I=0.00043831835448641037
beamp=38 beamq=42 I=0.00010294468054162934
beamp=39 beamq=42 I=0.0005626153013311127
beamp=40 beamq=42 I=0.0001525924488347376
beamp=41 beamq=42 I=0.0017429126335677004
beamp=42 beamq=42 I=0.0
beamp=43 beamq=42 I=0.001844259406870201
beamp=44 beamq=42 I=0.0005694720893645552
beamp=45 beamq=42 I=0.00456265918847736
beamp=46 beamq=42 I=0.002239050921010577
beamp=47 beamq=42 I=0.07970566289460192
beamp=0 beamq=43 I=0.11132376590058857
beamp=1 beamq=43 I=0.030628522490709305
beamp=2 beamq=43 I=0.0022390565966644935
beamp=3 beamq=43 I=0.008140672395564607
beamp=4 beamq=43 I=0.0005694664972558913
beamp=5 beamq=43 I=0.0024371536286655975
beamp=6 beamq=43 I=3.675908409403692e-15
beamp=7 beamq=43 I=0.0006697491954540085
beamp=8 beamq=43 I=0.00015258798653171467
beamp=9 beamq=43 I=0.0010038151793826217
beamp=10 beamq=43 I=0.00010293458174072256
beamp=11 beamq=43 I=0.0005792376813957439
beamp=12 beamq=43 I=3.936851026021167e-15
beamp=13 beamq=43 I=0.00023178517793235708
beamp=14 beamq=43 I=6.0611992833800504e-5
beamp=15 beamq=43 I=0.0004481676853479056
beamp=16 beamq=43 I=5.0848160587125756e-5
beamp=17 beamq=43 I=0.0003130510109357453
beamp=18 beamq=43 I=3.3070989703965397e-15
beamp=19 beamq=43 I=0.00014610975180646128
beamp=20 beamq=43 I=4.0884610588564996e-5
beamp=21 beamq=43 I=0.00032209567934048393
beamp=22 beamq=43 I=3.881150445141235e-5
beamp=23 beamq=43 I=0.00025289595958197806
beamp=24 beamq=43 I=8.027613585444755e-16
beamp=25 beamq=43 I=0.00013157700569834833
beamp=26 beamq=43 I=3.880815025291584e-5
beamp=27 beamq=43 I=0.0003220992482535311
beamp=28 beamq=43 I=4.0886010428464124e-5
beamp=29 beamq=43 I=0.00028082977868782247
beamp=30 beamq=43 I=2.2248641731031915e-14
beamp=31 beamq=43 I=0.00016287923382585825
beamp=32 beamq=43 I=5.086695596057524e-5
beamp=33 beamq=43 I=0.00044816513380658825
beamp=34 beamq=43 I=6.06055566933421e-5
beamp=35 beamq=43 I=0.00044549967481453793
beamp=36 beamq=43 I=2.4050427628886002e-14
beamp=37 beamq=43 I=0.00030136569071847655
beamp=38 beamq=43 I=0.00010293328267921216
beamp=39 beamq=43 I=0.001003810332846123
beamp=40 beamq=43 I=0.00015258815558147367
beamp=41 beamq=43 I=0.0012872763103711406
beamp=42 beamq=43 I=6.705575855142873e-15
beamp=43 beamq=43 I=0.0012680109872167812
beamp=44 beamq=43 I=0.00056946771452248
beamp=45 beamq=43 I=0.008140652782749853
beamp=46 beamq=43 I=0.0022390439327518584
beamp=47 beamq=43 I=0.058868625853002766
beamp=0 beamq=44 I=0.17571852981616534
beamp=1 beamq=44 I=0.06359146421378993
beamp=2 beamq=44 I=0.0022390535397471788
beamp=3 beamq=44 I=0.004987396028645548
beamp=4 beamq=44 I=0.0005694664239555168
beamp=5 beamq=44 I=0.003797388594393116
beamp=6 beamq=44 I=9.960655708805368e-16
beamp=7 beamq=44 I=0.001390548990423521
beamp=8 beamq=44 I=0.00015258949070359103
beamp=9 beamq=44 I=0.0006149897135434635
beamp=10 beamq=44 I=0.00010293688225708532
beamp=11 beamq=44 I=0.0009025126432520003
beamp=12 beamq=44 I=1.39256734037659e-15
beamp=13 beamq=44 I=0.00048123618821077223
beamp=14 beamq=44 I=6.061052738178981e-5
beamp=15 beamq=44 I=0.0002745706617152151
beamp=16 beamq=44 I=5.083935132869112e-5
beamp=17 beamq=44 I=0.0004878099798588015
beamp=18 beamq=44 I=1.3995243043167052e-15
beamp=19 beamq=44 I=0.0003033473945274154
beamp=20 beamq=44 I=4.0884234125388724e-5
beamp=21 beamq=44 I=0.00019733309063580838
beamp=22 beamq=44 I=3.880935343800266e-5
beamp=23 beamq=44 I=0.0003940535871638947
beamp=24 beamq=44 I=2.794079348676185e-16
beamp=25 beamq=44 I=0.00027318315591167287
beamp=26 beamq=44 I=3.880601877073211e-5
beamp=27 beamq=44 I=0.00019733469678381702
beamp=28 beamq=44 I=4.088839530677259e-5
beamp=29 beamq=44 I=0.00043758815053275796
beamp=30 beamq=44 I=1.0583620207079332e-15
beamp=31 beamq=44 I=0.00033815255167399515
beamp=32 beamq=44 I=5.0862120638042276e-5
beamp=33 beamq=44 I=0.0002745673184006
beamp=34 beamq=44 I=6.060571581141315e-5
beamp=35 beamq=44 I=0.0006941291440043754
beamp=36 beamq=44 I=2.3692076223334282e-15
beamp=37 beamq=44 I=0.0006257201310750853
beamp=38 beamq=44 I=0.00010294272121037509
beamp=39 beamq=44 I=0.0006149937056573484
beamp=40 beamq=44 I=0.00015259371102488477
beamp=41 beamq=44 I=0.002005735454647814
beamp=42 beamq=44 I=3.026053438497563e-15
beamp=43 beamq=44 I=0.002632672994032006
beamp=44 beamq=44 I=0.0005694741182850433
beamp=45 beamq=44 I=0.004987427573617893
beamp=46 beamq=44 I=0.0022390256601587132
beamp=47 beamq=44 I=0.09172484602720983
beamp=0 beamq=45 I=0.5672708603683088
beamp=1 beamq=45 I=0.18810717092555973
beamp=2 beamq=45 I=0.002239051668087235
beamp=3 beamq=45 I=0.029969989337411414
beamp=4 beamq=45 I=0.000569465675042563
beamp=5 beamq=45 I=0.011144832171996733
beamp=6 beamq=45 I=0.0
beamp=7 beamq=45 I=0.004113327625399626
beamp=8 beamq=45 I=0.00015258605621285552
beamp=9 beamq=45 I=0.0036955586726440236
beamp=10 beamq=45 I=0.00010293227799563778
beamp=11 beamq=45 I=0.0026487672911769036
beamp=12 beamq=45 I=0.0
beamp=13 beamq=45 I=0.0014235472965757963
beamp=14 beamq=45 I=6.0622971136599675e-5
beamp=15 beamq=45 I=0.0016499290852551034
beamp=16 beamq=45 I=5.0837497255115205e-5
beamp=17 beamq=45 I=0.0014316396303221549
beamp=18 beamq=45 I=0.0
beamp=19 beamq=45 I=0.000897319321619935
beamp=20 beamq=45 I=4.0883008396004305e-5
beamp=21 beamq=45 I=0.001185796517356604
beamp=22 beamq=45 I=3.88051772319014e-5
beamp=23 beamq=45 I=0.001156485929050986
beamp=24 beamq=45 I=0.0
beamp=25 beamq=45 I=0.000808093384464535
beamp=26 beamq=45 I=3.8802687441988587e-5
beamp=27 beamq=45 I=0.00118579646649703
beamp=28 beamq=45 I=4.089069996436861e-5
beamp=29 beamq=45 I=0.0012841747173151555
beamp=30 beamq=45 I=0.0
beamp=31 beamq=45 I=0.0010003743591061073
beamp=32 beamq=45 I=5.085985956762367e-5
beamp=33 beamq=45 I=0.0016499290710381258
beamp=34 beamq=45 I=6.05923069888288e-5
beamp=35 beamq=45 I=0.0020372477062502703
beamp=36 beamq=45 I=0.0
beamp=37 beamq=45 I=0.0018508339820094244
beamp=38 beamq=45 I=0.00010294141572929927
beamp=39 beamq=45 I=0.0036955586659133018
beamp=40 beamq=45 I=0.00015259106111557236
beamp=41 beamq=45 I=0.005886578678504038
beamp=42 beamq=45 I=0.0
beamp=43 beamq=45 I=0.007787537356465334
beamp=44 beamq=45 I=0.0005694770008826556
beamp=45 beamq=45 I=0.029969989294038095
beamp=46 beamq=45 I=0.0022390222568939217
beamp=47 beamq=45 I=0.2692014148280879
beamp=0 beamq=46 I=0.1997719965905707
beamp=1 beamq=46 I=0.08053002300704702
beamp=2 beamq=46 I=0.0022390530714719446
beamp=3 beamq=46 I=0.0052543957879807295
beamp=4 beamq=46 I=0.0005694623127788206
beamp=5 beamq=46 I=0.00398093209748413
beamp=6 beamq=46 I=2.4019595629605945e-16
beamp=7 beamq=46 I=0.0017609212183036511
beamp=8 beamq=46 I=0.0001525875652907241
beamp=9 beamq=46 I=0.0006479123844699806
beamp=10 beamq=46 I=0.00010293702620041596
beamp=11 beamq=46 I=0.0009461417335387995
beamp=12 beamq=46 I=5.430045880531568e-17
beamp=13 beamq=46 I=0.0006093822928990912
beamp=14 beamq=46 I=6.060737106226725e-5
beamp=15 beamq=46 I=0.00028926784980253363
beamp=16 beamq=46 I=5.085286261073453e-5
beamp=17 beamq=46 I=0.000511336849192755
beamp=18 beamq=46 I=1.393741892730116e-15
beamp=19 beamq=46 I=0.00038416491478298487
beamp=20 beamq=46 I=4.0886182395556606e-5
beamp=21 beamq=46 I=0.0002078943654439976
beamp=22 beamq=46 I=3.880952291787383e-5
beamp=23 beamq=46 I=0.00041309660043950026
beamp=24 beamq=46 I=1.1688602921204141e-15
beamp=25 beamq=46 I=0.0003459579009258354
beamp=26 beamq=46 I=3.8808043243439095e-5
beamp=27 beamq=46 I=0.00020789410304040645
beamp=28 beamq=46 I=4.088412011585101e-5
beamp=29 beamq=46 I=0.0004587596162800257
beamp=30 beamq=46 I=7.23257716737924e-15
beamp=31 beamq=46 I=0.0004282333650440387
beamp=32 beamq=46 I=5.084592783206173e-5
beamp=33 beamq=46 I=0.00028926375808039143
beamp=34 beamq=46 I=6.060889933293951e-5
beamp=35 beamq=46 I=0.0007276628369215258
beamp=36 beamq=46 I=3.8402892700341765e-14
beamp=37 beamq=46 I=0.0007923741591878121
beamp=38 beamq=46 I=0.00010294020192997151
beamp=39 beamq=46 I=0.0006479056197390472
beamp=40 beamq=46 I=0.00015259214535942592
beamp=41 beamq=46 I=0.002102657394902609
beamp=42 beamq=46 I=2.726858813982084e-14
beamp=43 beamq=46 I=0.003333926529253615
beamp=44 beamq=46 I=0.0005694789261222796
beamp=45 beamq=46 I=0.0052543202344691245
beamp=46 beamq=46 I=0.002239043777467746
beamp=47 beamq=46 I=0.09615773915978235
beamp=0 beamq=47 I=6.6297688389243925
beamp=1 beamq=47 I=2.535455527698786
beamp=2 beamq=47 I=0.002239065795319991
beamp=3 beamq=47 I=0.3070912304061063
beamp=4 beamq=47 I=0.0005694635119662228
beamp=5 beamq=47 I=0.11764414368001874
beamp=6 beamq=47 I=5.970791714058713e-16
beamp=7 beamq=47 I=0.055442361391947276
beamp=8 beamq=47 I=0.00015258821824410573
beamp=9 beamq=47 I=0.03786699126520194
beamp=10 beamq=47 I=0.00010293865386128243
beamp=11 beamq=47 I=0.027960312034694915
beamp=12 beamq=47 I=2.4369702581137722e-15
beamp=13 beamq=47 I=0.01918689978967473
beamp=14 beamq=47 I=6.059571689125831e-5
beamp=15 beamq=47 I=0.01690620699398457
beamp=16 beamq=47 I=5.084502944545124e-5
beamp=17 beamq=47 I=0.015111507738599964
beamp=18 beamq=47 I=7.196132163102043e-15
beamp=19 beamq=47 I=0.012095087616096626
beamp=20 beamq=47 I=4.087575871641536e-5
beamp=21 beamq=47 I=0.012150425861641077
beamp=22 beamq=47 I=3.8808773565882295e-5
beamp=23 beamq=47 I=0.012207589514503205
beamp=24 beamq=47 I=3.0923252962907393e-15
beamp=25 beamq=47 I=0.010892237888196332
beamp=26 beamq=47 I=3.880730538469298e-5
beamp=27 beamq=47 I=0.012150431826957984
beamp=28 beamq=47 I=4.088699193587008e-5
beamp=29 beamq=47 I=0.013556380410511448
beamp=30 beamq=47 I=1.7623932189204474e-15
beamp=31 beamq=47 I=0.013483320595434087
beamp=32 beamq=47 I=5.0828289032823115e-5
beamp=33 beamq=47 I=0.01690626324191966
beamp=34 beamq=47 I=6.058451242367629e-5
beamp=35 beamq=47 I=0.02150429383882699
beamp=36 beamq=47 I=8.069939257130421e-14
beamp=37 beamq=47 I=0.024947359069925668
beamp=38 beamq=47 I=0.0001029500188780179
beamp=39 beamq=47 I=0.037867049451691726
beamp=40 beamq=47 I=0.00015259818067809916
beamp=41 beamq=47 I=0.06213811583489755
beamp=42 beamq=47 I=1.5749165932614957e-15
beamp=43 beamq=47 I=0.10496711479691952
beamp=44 beamq=47 I=0.0005694766207090213
beamp=45 beamq=47 I=0.30709197207339556
beamp=46 beamq=47 I=0.0022390302075650957
beamp=47 beamq=47 I=2.8416582571273747
Copying data from CPU to GPU...
Running kernel...
Copying data back from GPU to CPU...
Done.
