[Choosing CUDA device...]
NVIDIA A40
[Creating frb kernel...]
[Done creating frb kernel]
CHORD FRB beamformer
Compiling kernel...
Allocating input data...
Setting up input data...
Tbarmin = 0
Tbarmax = 4080
Fbar_in_min = 0
Fbar_in_max = 32
Ttildemin = 0
Ttildemax = 42
Fbar_out_min = 0
Fbar_out_max = 32
num_threads = 32
num_warps = 24
num_blocks = 32
dish_grid = [(0, 0), (1, 0), (2, 0), (3, 0), (4, 0), (5, 0), (6, 0), (7, 0), (8, 0), (9, 0), (10, 0), (11, 0), (12, 0), (13, 0), (14, 0), (15, 0), (16, 0), (17, 0), (18, 0), (19, 0), (20, 0), (21, 0), (22, 0), (23, 0), (0, 1), (1, 1), (2, 1), (3, 1), (4, 1), (5, 1), (6, 1), (7, 1), (8, 1), (9, 1), (10, 1), (11, 1), (12, 1), (13, 1), (14, 1), (15, 1), (16, 1), (17, 1), (18, 1), (19, 1), (20, 1), (21, 1), (22, 1), (23, 1), (0, 2), (1, 2), (2, 2), (3, 2), (4, 2), (5, 2), (6, 2), (7, 2), (8, 2), (9, 2), (10, 2), (11, 2), (12, 2), (13, 2), (14, 2), (15, 2), (16, 2), (17, 2), (18, 2), (19, 2), (20, 2), (21, 2), (22, 2), (23, 2), (0, 3), (1, 3), (2, 3), (3, 3), (4, 3), (5, 3), (6, 3), (7, 3), (8, 3), (9, 3), (10, 3), (11, 3), (12, 3), (13, 3), (14, 3), (15, 3), (16, 3), (17, 3), (18, 3), (19, 3), (20, 3), (21, 3), (22, 3), (23, 3), (0, 4), (1, 4), (2, 4), (3, 4), (4, 4), (5, 4), (6, 4), (7, 4), (8, 4), (9, 4), (10, 4), (11, 4), (12, 4), (13, 4), (14, 4), (15, 4), (16, 4), (17, 4), (18, 4), (19, 4), (20, 4), (21, 4), (22, 4), (23, 4), (0, 5), (1, 5), (2, 5), (3, 5), (4, 5), (5, 5), (6, 5), (7, 5), (8, 5), (9, 5), (10, 5), (11, 5), (12, 5), (13, 5), (14, 5), (15, 5), (16, 5), (17, 5), (18, 5), (19, 5), (20, 5), (21, 5), (22, 5), (23, 5), (0, 6), (1, 6), (2, 6), (3, 6), (4, 6), (5, 6), (6, 6), (7, 6), (8, 6), (9, 6), (10, 6), (11, 6), (12, 6), (13, 6), (14, 6), (15, 6), (16, 6), (17, 6), (18, 6), (19, 6), (20, 6), (21, 6), (22, 6), (23, 6), (0, 7), (1, 7), (2, 7), (3, 7), (4, 7), (5, 7), (6, 7), (7, 7), (8, 7), (9, 7), (10, 7), (11, 7), (12, 7), (13, 7), (14, 7), (15, 7), (16, 7), (17, 7), (18, 7), (19, 7), (20, 7), (21, 7), (22, 7), (23, 7), (0, 8), (1, 8), (2, 8), (3, 8), (4, 8), (5, 8), (6, 8), (7, 8), (8, 8), (9, 8), (10, 8), (11, 8), (12, 8), (13, 8), (14, 8), (15, 8), (16, 8), (17, 8), (18, 8), (19, 8), (20, 8), (21, 8), (22, 8), (23, 8), (0, 9), (1, 9), (2, 9), (3, 9), (4, 9), (5, 9), (6, 9), (7, 9), (8, 9), (9, 9), (10, 9), (11, 9), (12, 9), (13, 9), (14, 9), (15, 9), (16, 9), (17, 9), (18, 9), (19, 9), (20, 9), (21, 9), (22, 9), (23, 9), (0, 10), (1, 10), (2, 10), (3, 10), (4, 10), (5, 10), (6, 10), (7, 10), (8, 10), (9, 10), (10, 10), (11, 10), (12, 10), (13, 10), (14, 10), (15, 10), (16, 10), (17, 10), (18, 10), (19, 10), (20, 10), (21, 10), (22, 10), (23, 10), (0, 11), (1, 11), (2, 11), (3, 11), (4, 11), (5, 11), (6, 11), (7, 11), (8, 11), (9, 11), (10, 11), (11, 11), (12, 11), (13, 11), (14, 11), (15, 11), (16, 11), (17, 11), (18, 11), (19, 11), (20, 11), (21, 11), (22, 11), (23, 11), (0, 12), (1, 12), (2, 12), (3, 12), (4, 12), (5, 12), (6, 12), (7, 12), (8, 12), (9, 12), (10, 12), (11, 12), (12, 12), (13, 12), (14, 12), (15, 12), (16, 12), (17, 12), (18, 12), (19, 12), (20, 12), (21, 12), (22, 12), (23, 12), (0, 13), (1, 13), (2, 13), (3, 13), (4, 13), (5, 13), (6, 13), (7, 13), (8, 13), (9, 13), (10, 13), (11, 13), (12, 13), (13, 13), (14, 13), (15, 13), (16, 13), (17, 13), (18, 13), (19, 13), (20, 13), (21, 13), (22, 13), (23, 13), (0, 14), (1, 14), (2, 14), (3, 14), (4, 14), (5, 14), (6, 14), (7, 14), (8, 14), (9, 14), (10, 14), (11, 14), (12, 14), (13, 14), (14, 14), (15, 14), (16, 14), (17, 14), (18, 14), (19, 14), (20, 14), (21, 14), (22, 14), (23, 14), (0, 15), (1, 15), (2, 15), (3, 15), (4, 15), (5, 15), (6, 15), (7, 15), (8, 15), (9, 15), (10, 15), (11, 15), (12, 15), (13, 15), (14, 15), (15, 15), (16, 15), (17, 15), (18, 15), (19, 15), (20, 15), (21, 15), (22, 15), (23, 15), (0, 16), (1, 16), (2, 16), (3, 16), (4, 16), (5, 16), (6, 16), (7, 16), (8, 16), (9, 16), (10, 16), (11, 16), (12, 16), (13, 16), (14, 16), (15, 16), (16, 16), (17, 16), (18, 16), (19, 16), (20, 16), (21, 16), (22, 16), (23, 16), (0, 17), (1, 17), (2, 17), (3, 17), (4, 17), (5, 17), (6, 17), (7, 17), (8, 17), (9, 17), (10, 17), (11, 17), (12, 17), (13, 17), (14, 17), (15, 17), (16, 17), (17, 17), (18, 17), (19, 17), (20, 17), (21, 17), (22, 17), (23, 17), (0, 18), (1, 18), (2, 18), (3, 18), (4, 18), (5, 18), (6, 18), (7, 18), (8, 18), (9, 18), (10, 18), (11, 18), (12, 18), (13, 18), (14, 18), (15, 18), (16, 18), (17, 18), (18, 18), (19, 18), (20, 18), (21, 18), (22, 18), (23, 18), (0, 19), (1, 19), (2, 19), (3, 19), (4, 19), (5, 19), (6, 19), (7, 19), (8, 19), (9, 19), (10, 19), (11, 19), (12, 19), (13, 19), (14, 19), (15, 19), (16, 19), (17, 19), (18, 19), (19, 19), (20, 19), (21, 19), (22, 19), (23, 19), (0, 20), (1, 20), (2, 20), (3, 20), (4, 20), (5, 20), (6, 20), (7, 20), (8, 20), (9, 20), (10, 20), (11, 20), (12, 20), (13, 20), (14, 20), (15, 20), (16, 20), (17, 20), (18, 20), (19, 20), (20, 20), (21, 20), (22, 20), (23, 20), (0, 21), (1, 21), (2, 21), (3, 21), (4, 21), (5, 21), (6, 21), (7, 21), (8, 21), (9, 21), (10, 21), (11, 21), (12, 21), (13, 21), (14, 21), (15, 21), (16, 21), (17, 21), (18, 21), (19, 21), (20, 21), (21, 21), (22, 21), (23, 21), (0, 22), (1, 22), (2, 22), (3, 22), (4, 22), (5, 22), (6, 22), (7, 22), (8, 22), (9, 22), (10, 22), (11, 22), (12, 22), (13, 22), (14, 22), (15, 22), (16, 22), (17, 22), (18, 22), (19, 22), (20, 22), (21, 22), (22, 22), (23, 22), (0, 23), (1, 23), (2, 23), (3, 23), (4, 23), (5, 23), (6, 23), (7, 23), (8, 23), (9, 23), (10, 23), (11, 23), (12, 23), (13, 23), (14, 23), (15, 23), (16, 23), (17, 23), (18, 23), (19, 23), (20, 23), (21, 23), (22, 23), (23, 23)]
freq = 12
polr = 0
time = 14125
Fvalue = -1.1594405f0 - 1.8685707f0im
Evalue = -1 - 2im
dish=0 E=Int4x8(6, 7, -8, -8, -8, -8, -8, -8)
dish=1 E=Int4x8(6, 7, 6, 7, -8, -8, -8, -8)
dish=2 E=Int4x8(6, 7, 6, 7, 6, 7, -8, -8)
dish=3 E=Int4x8(6, 7, 6, 7, 6, 7, 6, 7)
dish=4 E=Int4x8(6, 7, -8, -8, -8, -8, -8, -8)
dish=5 E=Int4x8(6, 7, 6, 7, -8, -8, -8, -8)
dish=6 E=Int4x8(6, 7, 6, 7, 6, 7, -8, -8)
dish=7 E=Int4x8(6, 7, 6, 7, 6, 7, 6, 7)
dish=8 E=Int4x8(6, 7, -8, -8, -8, -8, -8, -8)
dish=9 E=Int4x8(6, 7, 6, 7, -8, -8, -8, -8)
dish=10 E=Int4x8(6, 7, 6, 7, 6, 7, -8, -8)
dish=11 E=Int4x8(6, 7, 6, 7, 6, 7, 6, 7)
dish=12 E=Int4x8(6, 7, -8, -8, -8, -8, -8, -8)
dish=13 E=Int4x8(6, 7, 6, 7, -8, -8, -8, -8)
dish=14 E=Int4x8(6, 7, 6, 7, 6, 7, -8, -8)
dish=15 E=Int4x8(6, 7, 6, 7, 6, 7, 6, 7)
dish=16 E=Int4x8(6, 7, -8, -8, -8, -8, -8, -8)
dish=17 E=Int4x8(6, 7, 6, 7, -8, -8, -8, -8)
dish=18 E=Int4x8(6, 7, 6, 7, 6, 7, -8, -8)
dish=19 E=Int4x8(6, 7, 6, 7, 6, 7, 6, 7)
dish=20 E=Int4x8(6, 7, -8, -8, -8, -8, -8, -8)
dish=21 E=Int4x8(6, 7, 6, 7, -8, -8, -8, -8)
dish=22 E=Int4x8(6, 7, 6, 7, 6, 7, -8, -8)
dish=23 E=Int4x8(6, 7, 6, 7, 6, 7, 6, 7)
dish=24 E=Int4x8(6, 7, -8, -8, -8, -8, -8, -8)
dish=25 E=Int4x8(6, 7, 6, 7, -8, -8, -8, -8)
dish=26 E=Int4x8(6, 7, 6, 7, 6, 7, -8, -8)
dish=27 E=Int4x8(6, 7, 6, 7, 6, 7, 6, 7)
dish=28 E=Int4x8(6, 7, -8, -8, -8, -8, -8, -8)
dish=29 E=Int4x8(6, 7, 6, 7, -8, -8, -8, -8)
dish=30 E=Int4x8(6, 7, 6, 7, 6, 7, -8, -8)
dish=31 E=Int4x8(6, 7, 6, 7, 6, 7, 6, 7)
dish=32 E=Int4x8(6, 7, -8, -8, -8, -8, -8, -8)
dish=33 E=Int4x8(6, 7, 6, 7, -8, -8, -8, -8)
dish=34 E=Int4x8(6, 7, 6, 7, 6, 7, -8, -8)
dish=35 E=Int4x8(6, 7, 6, 7, 6, 7, 6, 7)
dish=36 E=Int4x8(6, 7, -8, -8, -8, -8, -8, -8)
dish=37 E=Int4x8(6, 7, 6, 7, -8, -8, -8, -8)
dish=38 E=Int4x8(6, 7, 6, 7, 6, 7, -8, -8)
dish=39 E=Int4x8(6, 7, 6, 7, 6, 7, 6, 7)
dish=40 E=Int4x8(6, 7, -8, -8, -8, -8, -8, -8)
dish=41 E=Int4x8(6, 7, 6, 7, -8, -8, -8, -8)
dish=42 E=Int4x8(6, 7, 6, 7, 6, 7, -8, -8)
dish=43 E=Int4x8(6, 7, 6, 7, 6, 7, 6, 7)
dish=44 E=Int4x8(6, 7, -8, -8, -8, -8, -8, -8)
dish=45 E=Int4x8(6, 7, 6, 7, -8, -8, -8, -8)
dish=46 E=Int4x8(6, 7, 6, 7, 6, 7, -8, -8)
dish=47 E=Int4x8(6, 7, 6, 7, 6, 7, 6, 7)
dish=48 E=Int4x8(6, 7, -8, -8, -8, -8, -8, -8)
dish=49 E=Int4x8(6, 7, 6, 7, -8, -8, -8, -8)
dish=50 E=Int4x8(6, 7, 6, 7, 6, 7, -8, -8)
dish=51 E=Int4x8(6, 7, 6, 7, 6, 7, 6, 7)
dish=52 E=Int4x8(6, 7, -8, -8, -8, -8, -8, -8)
dish=53 E=Int4x8(6, 7, 6, 7, -8, -8, -8, -8)
dish=54 E=Int4x8(6, 7, 6, 7, 6, 7, -8, -8)
dish=55 E=Int4x8(6, 7, 6, 7, 6, 7, 6, 7)
dish=56 E=Int4x8(6, 7, -8, -8, -8, -8, -8, -8)
dish=57 E=Int4x8(6, 7, 6, 7, -8, -8, -8, -8)
dish=58 E=Int4x8(6, 7, 6, 7, 6, 7, -8, -8)
dish=59 E=Int4x8(6, 7, 6, 7, 6, 7, 6, 7)
dish=60 E=Int4x8(6, 7, -8, -8, -8, -8, -8, -8)
dish=61 E=Int4x8(6, 7, 6, 7, -8, -8, -8, -8)
dish=62 E=Int4x8(6, 7, 6, 7, 6, 7, -8, -8)
dish=63 E=Int4x8(6, 7, 6, 7, 6, 7, 6, 7)
dish=64 E=Int4x8(6, 7, -8, -8, -8, -8, -8, -8)
dish=65 E=Int4x8(6, 7, 6, 7, -8, -8, -8, -8)
dish=66 E=Int4x8(6, 7, 6, 7, 6, 7, -8, -8)
dish=67 E=Int4x8(6, 7, 6, 7, 6, 7, 6, 7)
dish=68 E=Int4x8(6, 7, -8, -8, -8, -8, -8, -8)
dish=69 E=Int4x8(6, 7, 6, 7, -8, -8, -8, -8)
dish=70 E=Int4x8(6, 7, 6, 7, 6, 7, -8, -8)
dish=71 E=Int4x8(6, 7, 6, 7, 6, 7, 6, 7)
dish=72 E=Int4x8(6, 7, -8, -8, -8, -8, -8, -8)
dish=73 E=Int4x8(6, 7, 6, 7, -8, -8, -8, -8)
dish=74 E=Int4x8(6, 7, 6, 7, 6, 7, -8, -8)
dish=75 E=Int4x8(6, 7, 6, 7, 6, 7, 6, 7)
dish=76 E=Int4x8(6, 7, -8, -8, -8, -8, -8, -8)
dish=77 E=Int4x8(6, 7, 6, 7, -8, -8, -8, -8)
dish=78 E=Int4x8(6, 7, 6, 7, 6, 7, -8, -8)
dish=79 E=Int4x8(6, 7, 6, 7, 6, 7, 6, 7)
dish=80 E=Int4x8(6, 7, -8, -8, -8, -8, -8, -8)
dish=81 E=Int4x8(6, 7, 6, 7, -8, -8, -8, -8)
dish=82 E=Int4x8(6, 7, 6, 7, 6, 7, -8, -8)
dish=83 E=Int4x8(6, 7, 6, 7, 6, 7, 6, 7)
dish=84 E=Int4x8(6, 7, -8, -8, -8, -8, -8, -8)
dish=85 E=Int4x8(6, 7, 6, 7, -8, -8, -8, -8)
dish=86 E=Int4x8(6, 7, 6, 7, 6, 7, -8, -8)
dish=87 E=Int4x8(6, 7, 6, 7, 6, 7, 6, 7)
dish=88 E=Int4x8(6, 7, -8, -8, -8, -8, -8, -8)
dish=89 E=Int4x8(6, 7, 6, 7, -8, -8, -8, -8)
dish=90 E=Int4x8(6, 7, 6, 7, 6, 7, -8, -8)
dish=91 E=Int4x8(6, 7, 6, 7, 6, 7, 6, 7)
dish=92 E=Int4x8(6, 7, -8, -8, -8, -8, -8, -8)
dish=93 E=Int4x8(6, 7, 6, 7, -8, -8, -8, -8)
dish=94 E=Int4x8(6, 7, 6, 7, 6, 7, -8, -8)
dish=95 E=Int4x8(6, 7, 6, 7, 6, 7, 6, 7)
dish=96 E=Int4x8(6, 7, -8, -8, -8, -8, -8, -8)
dish=97 E=Int4x8(6, 7, 6, 7, -8, -8, -8, -8)
dish=98 E=Int4x8(6, 7, 6, 7, 6, 7, -8, -8)
dish=99 E=Int4x8(6, 7, 6, 7, 6, 7, 6, 7)
dish=100 E=Int4x8(6, 7, -8, -8, -8, -8, -8, -8)
dish=101 E=Int4x8(6, 7, 6, 7, -8, -8, -8, -8)
dish=102 E=Int4x8(6, 7, 6, 7, 6, 7, -8, -8)
dish=103 E=Int4x8(6, 7, 6, 7, 6, 7, 6, 7)
dish=104 E=Int4x8(6, 7, -8, -8, -8, -8, -8, -8)
dish=105 E=Int4x8(6, 7, 6, 7, -8, -8, -8, -8)
dish=106 E=Int4x8(6, 7, 6, 7, 6, 7, -8, -8)
dish=107 E=Int4x8(6, 7, 6, 7, 6, 7, 6, 7)
dish=108 E=Int4x8(6, 7, -8, -8, -8, -8, -8, -8)
dish=109 E=Int4x8(6, 7, 6, 7, -8, -8, -8, -8)
dish=110 E=Int4x8(6, 7, 6, 7, 6, 7, -8, -8)
dish=111 E=Int4x8(6, 7, 6, 7, 6, 7, 6, 7)
dish=112 E=Int4x8(6, 7, -8, -8, -8, -8, -8, -8)
dish=113 E=Int4x8(6, 7, 6, 7, -8, -8, -8, -8)
dish=114 E=Int4x8(6, 7, 6, 7, 6, 7, -8, -8)
dish=115 E=Int4x8(6, 7, 6, 7, 6, 7, 6, 7)
dish=116 E=Int4x8(6, 7, -8, -8, -8, -8, -8, -8)
dish=117 E=Int4x8(6, 7, 6, 7, -8, -8, -8, -8)
dish=118 E=Int4x8(6, 7, 6, 7, 6, 7, -8, -8)
dish=119 E=Int4x8(6, 7, 6, 7, 6, 7, 6, 7)
dish=120 E=Int4x8(6, 7, -8, -8, -8, -8, -8, -8)
dish=121 E=Int4x8(6, 7, 6, 7, -8, -8, -8, -8)
dish=122 E=Int4x8(6, 7, 6, 7, 6, 7, -8, -8)
dish=123 E=Int4x8(6, 7, 6, 7, 6, 7, 6, 7)
dish=124 E=Int4x8(6, 7, -8, -8, -8, -8, -8, -8)
dish=125 E=Int4x8(6, 7, 6, 7, -8, -8, -8, -8)
dish=126 E=Int4x8(6, 7, 6, 7, 6, 7, -8, -8)
dish=127 E=Int4x8(6, 7, 6, 7, 6, 7, 6, 7)
dish=128 E=Int4x8(6, 7, -8, -8, -8, -8, -8, -8)
dish=129 E=Int4x8(6, 7, 6, 7, -8, -8, -8, -8)
dish=130 E=Int4x8(6, 7, 6, 7, 6, 7, -8, -8)
dish=131 E=Int4x8(6, 7, 6, 7, 6, 7, 6, 7)
dish=132 E=Int4x8(6, 7, -8, -8, -8, -8, -8, -8)
dish=133 E=Int4x8(6, 7, 6, 7, -8, -8, -8, -8)
dish=134 E=Int4x8(6, 7, 6, 7, 6, 7, -8, -8)
dish=135 E=Int4x8(6, 7, 6, 7, 6, 7, 6, 7)
dish=136 E=Int4x8(6, 7, -8, -8, -8, -8, -8, -8)
dish=137 E=Int4x8(6, 7, 6, 7, -8, -8, -8, -8)
dish=138 E=Int4x8(6, 7, 6, 7, 6, 7, -8, -8)
dish=139 E=Int4x8(6, 7, 6, 7, 6, 7, 6, 7)
dish=140 E=Int4x8(6, 7, -8, -8, -8, -8, -8, -8)
dish=141 E=Int4x8(6, 7, 6, 7, -8, -8, -8, -8)
dish=142 E=Int4x8(6, 7, 6, 7, 6, 7, -8, -8)
dish=143 E=Int4x8(6, 7, 6, 7, 6, 7, 6, 7)
dish=144 E=Int4x8(6, 7, -8, -8, -8, -8, -8, -8)
dish=145 E=Int4x8(6, 7, 6, 7, -8, -8, -8, -8)
dish=146 E=Int4x8(6, 7, 6, 7, 6, 7, -8, -8)
dish=147 E=Int4x8(6, 7, 6, 7, 6, 7, 6, 7)
dish=148 E=Int4x8(6, 7, -8, -8, -8, -8, -8, -8)
dish=149 E=Int4x8(6, 7, 6, 7, -8, -8, -8, -8)
dish=150 E=Int4x8(6, 7, 6, 7, 6, 7, -8, -8)
dish=151 E=Int4x8(6, 7, 6, 7, 6, 7, 6, 7)
dish=152 E=Int4x8(6, 7, -8, -8, -8, -8, -8, -8)
dish=153 E=Int4x8(6, 7, 6, 7, -8, -8, -8, -8)
dish=154 E=Int4x8(6, 7, 6, 7, 6, 7, -8, -8)
dish=155 E=Int4x8(6, 7, 6, 7, 6, 7, 6, 7)
dish=156 E=Int4x8(6, 7, -8, -8, -8, -8, -8, -8)
dish=157 E=Int4x8(6, 7, 6, 7, -8, -8, -8, -8)
dish=158 E=Int4x8(6, 7, 6, 7, 6, 7, -8, -8)
dish=159 E=Int4x8(6, 7, 6, 7, 6, 7, 6, 7)
dish=160 E=Int4x8(6, 7, -8, -8, -8, -8, -8, -8)
dish=161 E=Int4x8(6, 7, 6, 7, -8, -8, -8, -8)
dish=162 E=Int4x8(6, 7, 6, 7, 6, 7, -8, -8)
dish=163 E=Int4x8(6, 7, 6, 7, 6, 7, 6, 7)
dish=164 E=Int4x8(6, 7, -8, -8, -8, -8, -8, -8)
dish=165 E=Int4x8(6, 7, 6, 7, -8, -8, -8, -8)
dish=166 E=Int4x8(6, 7, 6, 7, 6, 7, -8, -8)
dish=167 E=Int4x8(6, 7, 6, 7, 6, 7, 6, 7)
dish=168 E=Int4x8(6, 7, -8, -8, -8, -8, -8, -8)
dish=169 E=Int4x8(6, 7, 6, 7, -8, -8, -8, -8)
dish=170 E=Int4x8(6, 7, 6, 7, 6, 7, -8, -8)
dish=171 E=Int4x8(6, 7, 6, 7, 6, 7, 6, 7)
dish=172 E=Int4x8(6, 7, -8, -8, -8, -8, -8, -8)
dish=173 E=Int4x8(6, 7, 6, 7, -8, -8, -8, -8)
dish=174 E=Int4x8(6, 7, 6, 7, 6, 7, -8, -8)
dish=175 E=Int4x8(6, 7, 6, 7, 6, 7, 6, 7)
dish=176 E=Int4x8(6, 7, -8, -8, -8, -8, -8, -8)
dish=177 E=Int4x8(6, 7, 6, 7, -8, -8, -8, -8)
dish=178 E=Int4x8(6, 7, 6, 7, 6, 7, -8, -8)
dish=179 E=Int4x8(6, 7, 6, 7, 6, 7, 6, 7)
dish=180 E=Int4x8(6, 7, -8, -8, -8, -8, -8, -8)
dish=181 E=Int4x8(6, 7, 6, 7, -8, -8, -8, -8)
dish=182 E=Int4x8(6, 7, 6, 7, 6, 7, -8, -8)
dish=183 E=Int4x8(6, 7, 6, 7, 6, 7, 6, 7)
dish=184 E=Int4x8(6, 7, -8, -8, -8, -8, -8, -8)
dish=185 E=Int4x8(6, 7, 6, 7, -8, -8, -8, -8)
dish=186 E=Int4x8(6, 7, 6, 7, 6, 7, -8, -8)
dish=187 E=Int4x8(6, 7, 6, 7, 6, 7, 6, 7)
dish=188 E=Int4x8(6, 7, -8, -8, -8, -8, -8, -8)
dish=189 E=Int4x8(6, 7, 6, 7, -8, -8, -8, -8)
dish=190 E=Int4x8(6, 7, 6, 7, 6, 7, -8, -8)
dish=191 E=Int4x8(6, 7, 6, 7, 6, 7, 6, 7)
dish=192 E=Int4x8(6, 7, -8, -8, -8, -8, -8, -8)
dish=193 E=Int4x8(6, 7, 6, 7, -8, -8, -8, -8)
dish=194 E=Int4x8(6, 7, 6, 7, 6, 7, -8, -8)
dish=195 E=Int4x8(6, 7, 6, 7, 6, 7, 6, 7)
dish=196 E=Int4x8(6, 7, -8, -8, -8, -8, -8, -8)
dish=197 E=Int4x8(6, 7, 6, 7, -8, -8, -8, -8)
dish=198 E=Int4x8(6, 7, 6, 7, 6, 7, -8, -8)
dish=199 E=Int4x8(6, 7, 6, 7, 6, 7, 6, 7)
dish=200 E=Int4x8(6, 7, -8, -8, -8, -8, -8, -8)
dish=201 E=Int4x8(6, 7, 6, 7, -8, -8, -8, -8)
dish=202 E=Int4x8(6, 7, 6, 7, 6, 7, -8, -8)
dish=203 E=Int4x8(6, 7, 6, 7, 6, 7, 6, 7)
dish=204 E=Int4x8(6, 7, -8, -8, -8, -8, -8, -8)
dish=205 E=Int4x8(6, 7, 6, 7, -8, -8, -8, -8)
dish=206 E=Int4x8(6, 7, 6, 7, 6, 7, -8, -8)
dish=207 E=Int4x8(6, 7, 6, 7, 6, 7, 6, 7)
dish=208 E=Int4x8(6, 7, -8, -8, -8, -8, -8, -8)
dish=209 E=Int4x8(6, 7, 6, 7, -8, -8, -8, -8)
dish=210 E=Int4x8(6, 7, 6, 7, 6, 7, -8, -8)
dish=211 E=Int4x8(6, 7, 6, 7, 6, 7, 6, 7)
dish=212 E=Int4x8(6, 7, -8, -8, -8, -8, -8, -8)
dish=213 E=Int4x8(6, 7, 6, 7, -8, -8, -8, -8)
dish=214 E=Int4x8(6, 7, 6, 7, 6, 7, -8, -8)
dish=215 E=Int4x8(6, 7, 6, 7, 6, 7, 6, 7)
dish=216 E=Int4x8(6, 7, -8, -8, -8, -8, -8, -8)
dish=217 E=Int4x8(6, 7, 6, 7, -8, -8, -8, -8)
dish=218 E=Int4x8(6, 7, 6, 7, 6, 7, -8, -8)
dish=219 E=Int4x8(6, 7, 6, 7, 6, 7, 6, 7)
dish=220 E=Int4x8(6, 7, -8, -8, -8, -8, -8, -8)
dish=221 E=Int4x8(6, 7, 6, 7, -8, -8, -8, -8)
dish=222 E=Int4x8(6, 7, 6, 7, 6, 7, -8, -8)
dish=223 E=Int4x8(6, 7, 6, 7, 6, 7, 6, 7)
dish=224 E=Int4x8(6, 7, -8, -8, -8, -8, -8, -8)
dish=225 E=Int4x8(6, 7, 6, 7, -8, -8, -8, -8)
dish=226 E=Int4x8(6, 7, 6, 7, 6, 7, -8, -8)
dish=227 E=Int4x8(6, 7, 6, 7, 6, 7, 6, 7)
dish=228 E=Int4x8(6, 7, -8, -8, -8, -8, -8, -8)
dish=229 E=Int4x8(6, 7, 6, 7, -8, -8, -8, -8)
dish=230 E=Int4x8(6, 7, 6, 7, 6, 7, -8, -8)
dish=231 E=Int4x8(6, 7, 6, 7, 6, 7, 6, 7)
dish=232 E=Int4x8(6, 7, -8, -8, -8, -8, -8, -8)
dish=233 E=Int4x8(6, 7, 6, 7, -8, -8, -8, -8)
dish=234 E=Int4x8(6, 7, 6, 7, 6, 7, -8, -8)
dish=235 E=Int4x8(6, 7, 6, 7, 6, 7, 6, 7)
dish=236 E=Int4x8(6, 7, -8, -8, -8, -8, -8, -8)
dish=237 E=Int4x8(6, 7, 6, 7, -8, -8, -8, -8)
dish=238 E=Int4x8(6, 7, 6, 7, 6, 7, -8, -8)
dish=239 E=Int4x8(6, 7, 6, 7, 6, 7, 6, 7)
dish=240 E=Int4x8(6, 7, -8, -8, -8, -8, -8, -8)
dish=241 E=Int4x8(6, 7, 6, 7, -8, -8, -8, -8)
dish=242 E=Int4x8(6, 7, 6, 7, 6, 7, -8, -8)
dish=243 E=Int4x8(6, 7, 6, 7, 6, 7, 6, 7)
dish=244 E=Int4x8(6, 7, -8, -8, -8, -8, -8, -8)
dish=245 E=Int4x8(6, 7, 6, 7, -8, -8, -8, -8)
dish=246 E=Int4x8(6, 7, 6, 7, 6, 7, -8, -8)
dish=247 E=Int4x8(6, 7, 6, 7, 6, 7, 6, 7)
dish=248 E=Int4x8(6, 7, -8, -8, -8, -8, -8, -8)
dish=249 E=Int4x8(6, 7, 6, 7, -8, -8, -8, -8)
dish=250 E=Int4x8(6, 7, 6, 7, 6, 7, -8, -8)
dish=251 E=Int4x8(6, 7, 6, 7, 6, 7, 6, 7)
dish=252 E=Int4x8(6, 7, -8, -8, -8, -8, -8, -8)
dish=253 E=Int4x8(6, 7, 6, 7, -8, -8, -8, -8)
dish=254 E=Int4x8(6, 7, 6, 7, 6, 7, -8, -8)
dish=255 E=Int4x8(6, 7, 6, 7, 6, 7, 6, 7)
dish=256 E=Int4x8(6, 7, -8, -8, -8, -8, -8, -8)
dish=257 E=Int4x8(6, 7, 6, 7, -8, -8, -8, -8)
dish=258 E=Int4x8(6, 7, 6, 7, 6, 7, -8, -8)
dish=259 E=Int4x8(6, 7, 6, 7, 6, 7, 6, 7)
dish=260 E=Int4x8(6, 7, -8, -8, -8, -8, -8, -8)
dish=261 E=Int4x8(6, 7, 6, 7, -8, -8, -8, -8)
dish=262 E=Int4x8(6, 7, 6, 7, 6, 7, -8, -8)
dish=263 E=Int4x8(6, 7, 6, 7, 6, 7, 6, 7)
dish=264 E=Int4x8(6, 7, -8, -8, -8, -8, -8, -8)
dish=265 E=Int4x8(6, 7, 6, 7, -8, -8, -8, -8)
dish=266 E=Int4x8(6, 7, 6, 7, 6, 7, -8, -8)
dish=267 E=Int4x8(6, 7, 6, 7, 6, 7, 6, 7)
dish=268 E=Int4x8(6, 7, -8, -8, -8, -8, -8, -8)
dish=269 E=Int4x8(6, 7, 6, 7, -8, -8, -8, -8)
dish=270 E=Int4x8(6, 7, 6, 7, 6, 7, -8, -8)
dish=271 E=Int4x8(6, 7, 6, 7, 6, 7, 6, 7)
dish=272 E=Int4x8(6, 7, -8, -8, -8, -8, -8, -8)
dish=273 E=Int4x8(6, 7, 6, 7, -8, -8, -8, -8)
dish=274 E=Int4x8(6, 7, 6, 7, 6, 7, -8, -8)
dish=275 E=Int4x8(6, 7, 6, 7, 6, 7, 6, 7)
dish=276 E=Int4x8(6, 7, -8, -8, -8, -8, -8, -8)
dish=277 E=Int4x8(6, 7, 6, 7, -8, -8, -8, -8)
dish=278 E=Int4x8(6, 7, 6, 7, 6, 7, -8, -8)
dish=279 E=Int4x8(6, 7, 6, 7, 6, 7, 6, 7)
dish=280 E=Int4x8(6, 7, -8, -8, -8, -8, -8, -8)
dish=281 E=Int4x8(6, 7, 6, 7, -8, -8, -8, -8)
dish=282 E=Int4x8(6, 7, 6, 7, 6, 7, -8, -8)
dish=283 E=Int4x8(6, 7, 6, 7, 6, 7, 6, 7)
dish=284 E=Int4x8(6, 7, -8, -8, -8, -8, -8, -8)
dish=285 E=Int4x8(6, 7, 6, 7, -8, -8, -8, -8)
dish=286 E=Int4x8(6, 7, 6, 7, 6, 7, -8, -8)
dish=287 E=Int4x8(6, 7, 6, 7, 6, 7, 6, 7)
dish=288 E=Int4x8(6, 7, -8, -8, -8, -8, -8, -8)
dish=289 E=Int4x8(6, 7, 6, 7, -8, -8, -8, -8)
dish=290 E=Int4x8(6, 7, 6, 7, 6, 7, -8, -8)
dish=291 E=Int4x8(6, 7, 6, 7, 6, 7, 6, 7)
dish=292 E=Int4x8(6, 7, -8, -8, -8, -8, -8, -8)
dish=293 E=Int4x8(6, 7, 6, 7, -8, -8, -8, -8)
dish=294 E=Int4x8(6, 7, 6, 7, 6, 7, -8, -8)
dish=295 E=Int4x8(6, 7, 6, 7, 6, 7, 6, 7)
dish=296 E=Int4x8(6, 7, -8, -8, -8, -8, -8, -8)
dish=297 E=Int4x8(6, 7, 6, 7, -8, -8, -8, -8)
dish=298 E=Int4x8(6, 7, 6, 7, 6, 7, -8, -8)
dish=299 E=Int4x8(6, 7, 6, 7, 6, 7, 6, 7)
dish=300 E=Int4x8(6, 7, -8, -8, -8, -8, -8, -8)
dish=301 E=Int4x8(6, 7, 6, 7, -8, -8, -8, -8)
dish=302 E=Int4x8(6, 7, 6, 7, 6, 7, -8, -8)
dish=303 E=Int4x8(6, 7, 6, 7, 6, 7, 6, 7)
dish=304 E=Int4x8(6, 7, -8, -8, -8, -8, -8, -8)
dish=305 E=Int4x8(6, 7, 6, 7, -8, -8, -8, -8)
dish=306 E=Int4x8(6, 7, 6, 7, 6, 7, -8, -8)
dish=307 E=Int4x8(6, 7, 6, 7, 6, 7, 6, 7)
dish=308 E=Int4x8(6, 7, -8, -8, -8, -8, -8, -8)
dish=309 E=Int4x8(6, 7, 6, 7, -8, -8, -8, -8)
dish=310 E=Int4x8(6, 7, 6, 7, 6, 7, -8, -8)
dish=311 E=Int4x8(6, 7, 6, 7, 6, 7, 6, 7)
dish=312 E=Int4x8(6, 7, -8, -8, -8, -8, -8, -8)
dish=313 E=Int4x8(6, 7, 6, 7, -8, -8, -8, -8)
dish=314 E=Int4x8(6, 7, 6, 7, 6, 7, -8, -8)
dish=315 E=Int4x8(6, 7, 6, 7, 6, 7, 6, 7)
dish=316 E=Int4x8(6, 7, -8, -8, -8, -8, -8, -8)
dish=317 E=Int4x8(6, 7, 6, 7, -8, -8, -8, -8)
dish=318 E=Int4x8(6, 7, 6, 7, 6, 7, -8, -8)
dish=319 E=Int4x8(6, 7, 6, 7, 6, 7, 6, 7)
dish=320 E=Int4x8(6, 7, -8, -8, -8, -8, -8, -8)
dish=321 E=Int4x8(6, 7, 6, 7, -8, -8, -8, -8)
dish=322 E=Int4x8(6, 7, 6, 7, 6, 7, -8, -8)
dish=323 E=Int4x8(6, 7, 6, 7, 6, 7, 6, 7)
dish=324 E=Int4x8(6, 7, -8, -8, -8, -8, -8, -8)
dish=325 E=Int4x8(6, 7, 6, 7, -8, -8, -8, -8)
dish=326 E=Int4x8(6, 7, 6, 7, 6, 7, -8, -8)
dish=327 E=Int4x8(6, 7, 6, 7, 6, 7, 6, 7)
dish=328 E=Int4x8(6, 7, -8, -8, -8, -8, -8, -8)
dish=329 E=Int4x8(6, 7, 6, 7, -8, -8, -8, -8)
dish=330 E=Int4x8(6, 7, 6, 7, 6, 7, -8, -8)
dish=331 E=Int4x8(6, 7, 6, 7, 6, 7, 6, 7)
dish=332 E=Int4x8(6, 7, -8, -8, -8, -8, -8, -8)
dish=333 E=Int4x8(6, 7, 6, 7, -8, -8, -8, -8)
dish=334 E=Int4x8(6, 7, 6, 7, 6, 7, -8, -8)
dish=335 E=Int4x8(6, 7, 6, 7, 6, 7, 6, 7)
dish=336 E=Int4x8(6, 7, -8, -8, -8, -8, -8, -8)
dish=337 E=Int4x8(6, 7, 6, 7, -8, -8, -8, -8)
dish=338 E=Int4x8(6, 7, 6, 7, 6, 7, -8, -8)
dish=339 E=Int4x8(6, 7, 6, 7, 6, 7, 6, 7)
dish=340 E=Int4x8(6, 7, -8, -8, -8, -8, -8, -8)
dish=341 E=Int4x8(6, 7, 6, 7, -8, -8, -8, -8)
dish=342 E=Int4x8(6, 7, 6, 7, 6, 7, -8, -8)
dish=343 E=Int4x8(6, 7, 6, 7, 6, 7, 6, 7)
dish=344 E=Int4x8(6, 7, -8, -8, -8, -8, -8, -8)
dish=345 E=Int4x8(6, 7, 6, 7, -8, -8, -8, -8)
dish=346 E=Int4x8(6, 7, 6, 7, 6, 7, -8, -8)
dish=347 E=Int4x8(6, 7, 6, 7, 6, 7, 6, 7)
dish=348 E=Int4x8(6, 7, -8, -8, -8, -8, -8, -8)
dish=349 E=Int4x8(6, 7, 6, 7, -8, -8, -8, -8)
dish=350 E=Int4x8(6, 7, 6, 7, 6, 7, -8, -8)
dish=351 E=Int4x8(6, 7, 6, 7, 6, 7, 6, 7)
dish=352 E=Int4x8(6, 7, -8, -8, -8, -8, -8, -8)
dish=353 E=Int4x8(6, 7, 6, 7, -8, -8, -8, -8)
dish=354 E=Int4x8(6, 7, 6, 7, 6, 7, -8, -8)
dish=355 E=Int4x8(6, 7, 6, 7, 6, 7, 6, 7)
dish=356 E=Int4x8(6, 7, -8, -8, -8, -8, -8, -8)
dish=357 E=Int4x8(6, 7, 6, 7, -8, -8, -8, -8)
dish=358 E=Int4x8(6, 7, 6, 7, 6, 7, -8, -8)
dish=359 E=Int4x8(6, 7, 6, 7, 6, 7, 6, 7)
dish=360 E=Int4x8(6, 7, -8, -8, -8, -8, -8, -8)
dish=361 E=Int4x8(6, 7, 6, 7, -8, -8, -8, -8)
dish=362 E=Int4x8(6, 7, 6, 7, 6, 7, -8, -8)
dish=363 E=Int4x8(6, 7, 6, 7, 6, 7, 6, 7)
dish=364 E=Int4x8(6, 7, -8, -8, -8, -8, -8, -8)
dish=365 E=Int4x8(6, 7, 6, 7, -8, -8, -8, -8)
dish=366 E=Int4x8(6, 7, 6, 7, 6, 7, -8, -8)
dish=367 E=Int4x8(6, 7, 6, 7, 6, 7, 6, 7)
dish=368 E=Int4x8(6, 7, -8, -8, -8, -8, -8, -8)
dish=369 E=Int4x8(6, 7, 6, 7, -8, -8, -8, -8)
dish=370 E=Int4x8(6, 7, 6, 7, 6, 7, -8, -8)
dish=371 E=Int4x8(6, 7, 6, 7, 6, 7, 6, 7)
dish=372 E=Int4x8(6, 7, -8, -8, -8, -8, -8, -8)
dish=373 E=Int4x8(6, 7, 6, 7, -8, -8, -8, -8)
dish=374 E=Int4x8(6, 7, 6, 7, 6, 7, -8, -8)
dish=375 E=Int4x8(6, 7, 6, 7, 6, 7, 6, 7)
dish=376 E=Int4x8(6, 7, -8, -8, -8, -8, -8, -8)
dish=377 E=Int4x8(6, 7, 6, 7, -8, -8, -8, -8)
dish=378 E=Int4x8(6, 7, 6, 7, 6, 7, -8, -8)
dish=379 E=Int4x8(6, 7, 6, 7, 6, 7, 6, 7)
dish=380 E=Int4x8(6, 7, -8, -8, -8, -8, -8, -8)
dish=381 E=Int4x8(6, 7, 6, 7, -8, -8, -8, -8)
dish=382 E=Int4x8(6, 7, 6, 7, 6, 7, -8, -8)
dish=383 E=Int4x8(6, 7, 6, 7, 6, 7, 6, 7)
dish=384 E=Int4x8(6, 7, -8, -8, -8, -8, -8, -8)
dish=385 E=Int4x8(6, 7, 6, 7, -8, -8, -8, -8)
dish=386 E=Int4x8(6, 7, 6, 7, 6, 7, -8, -8)
dish=387 E=Int4x8(6, 7, 6, 7, 6, 7, 6, 7)
dish=388 E=Int4x8(6, 7, -8, -8, -8, -8, -8, -8)
dish=389 E=Int4x8(6, 7, 6, 7, -8, -8, -8, -8)
dish=390 E=Int4x8(6, 7, 6, 7, 6, 7, -8, -8)
dish=391 E=Int4x8(6, 7, 6, 7, 6, 7, 6, 7)
dish=392 E=Int4x8(6, 7, -8, -8, -8, -8, -8, -8)
dish=393 E=Int4x8(6, 7, 6, 7, -8, -8, -8, -8)
dish=394 E=Int4x8(6, 7, 6, 7, 6, 7, -8, -8)
dish=395 E=Int4x8(6, 7, 6, 7, 6, 7, 6, 7)
dish=396 E=Int4x8(6, 7, -8, -8, -8, -8, -8, -8)
dish=397 E=Int4x8(6, 7, 6, 7, -8, -8, -8, -8)
dish=398 E=Int4x8(6, 7, 6, 7, 6, 7, -8, -8)
dish=399 E=Int4x8(6, 7, 6, 7, 6, 7, 6, 7)
dish=400 E=Int4x8(6, 7, -8, -8, -8, -8, -8, -8)
dish=401 E=Int4x8(6, 7, 6, 7, -8, -8, -8, -8)
dish=402 E=Int4x8(6, 7, 6, 7, 6, 7, -8, -8)
dish=403 E=Int4x8(6, 7, 6, 7, 6, 7, 6, 7)
dish=404 E=Int4x8(6, 7, -8, -8, -8, -8, -8, -8)
dish=405 E=Int4x8(6, 7, 6, 7, -8, -8, -8, -8)
dish=406 E=Int4x8(6, 7, 6, 7, 6, 7, -8, -8)
dish=407 E=Int4x8(6, 7, 6, 7, 6, 7, 6, 7)
dish=408 E=Int4x8(6, 7, -8, -8, -8, -8, -8, -8)
dish=409 E=Int4x8(6, 7, 6, 7, -8, -8, -8, -8)
dish=410 E=Int4x8(6, 7, 6, 7, 6, 7, -8, -8)
dish=411 E=Int4x8(6, 7, 6, 7, 6, 7, 6, 7)
dish=412 E=Int4x8(6, 7, -8, -8, -8, -8, -8, -8)
dish=413 E=Int4x8(6, 7, 6, 7, -8, -8, -8, -8)
dish=414 E=Int4x8(6, 7, 6, 7, 6, 7, -8, -8)
dish=415 E=Int4x8(6, 7, 6, 7, 6, 7, 6, 7)
dish=416 E=Int4x8(6, 7, -8, -8, -8, -8, -8, -8)
dish=417 E=Int4x8(6, 7, 6, 7, -8, -8, -8, -8)
dish=418 E=Int4x8(6, 7, 6, 7, 6, 7, -8, -8)
dish=419 E=Int4x8(6, 7, 6, 7, 6, 7, 6, 7)
dish=420 E=Int4x8(6, 7, -8, -8, -8, -8, -8, -8)
dish=421 E=Int4x8(6, 7, 6, 7, -8, -8, -8, -8)
dish=422 E=Int4x8(6, 7, 6, 7, 6, 7, -8, -8)
dish=423 E=Int4x8(6, 7, 6, 7, 6, 7, 6, 7)
dish=424 E=Int4x8(6, 7, -8, -8, -8, -8, -8, -8)
dish=425 E=Int4x8(6, 7, 6, 7, -8, -8, -8, -8)
dish=426 E=Int4x8(6, 7, 6, 7, 6, 7, -8, -8)
dish=427 E=Int4x8(6, 7, 6, 7, 6, 7, 6, 7)
dish=428 E=Int4x8(6, 7, -8, -8, -8, -8, -8, -8)
dish=429 E=Int4x8(6, 7, 6, 7, -8, -8, -8, -8)
dish=430 E=Int4x8(6, 7, 6, 7, 6, 7, -8, -8)
dish=431 E=Int4x8(6, 7, 6, 7, 6, 7, 6, 7)
dish=432 E=Int4x8(6, 7, -8, -8, -8, -8, -8, -8)
dish=433 E=Int4x8(6, 7, 6, 7, -8, -8, -8, -8)
dish=434 E=Int4x8(6, 7, 6, 7, 6, 7, -8, -8)
dish=435 E=Int4x8(6, 7, 6, 7, 6, 7, 6, 7)
dish=436 E=Int4x8(6, 7, -8, -8, -8, -8, -8, -8)
dish=437 E=Int4x8(6, 7, 6, 7, -8, -8, -8, -8)
dish=438 E=Int4x8(6, 7, 6, 7, 6, 7, -8, -8)
dish=439 E=Int4x8(6, 7, 6, 7, 6, 7, 6, 7)
dish=440 E=Int4x8(6, 7, -8, -8, -8, -8, -8, -8)
dish=441 E=Int4x8(6, 7, 6, 7, -8, -8, -8, -8)
dish=442 E=Int4x8(6, 7, 6, 7, 6, 7, -8, -8)
dish=443 E=Int4x8(6, 7, 6, 7, 6, 7, 6, 7)
dish=444 E=Int4x8(6, 7, -8, -8, -8, -8, -8, -8)
dish=445 E=Int4x8(6, 7, 6, 7, -8, -8, -8, -8)
dish=446 E=Int4x8(6, 7, 6, 7, 6, 7, -8, -8)
dish=447 E=Int4x8(6, 7, 6, 7, 6, 7, 6, 7)
dish=448 E=Int4x8(6, 7, -8, -8, -8, -8, -8, -8)
dish=449 E=Int4x8(6, 7, 6, 7, -8, -8, -8, -8)
dish=450 E=Int4x8(6, 7, 6, 7, 6, 7, -8, -8)
dish=451 E=Int4x8(6, 7, 6, 7, 6, 7, 6, 7)
dish=452 E=Int4x8(6, 7, -8, -8, -8, -8, -8, -8)
dish=453 E=Int4x8(6, 7, 6, 7, -8, -8, -8, -8)
dish=454 E=Int4x8(6, 7, 6, 7, 6, 7, -8, -8)
dish=455 E=Int4x8(6, 7, 6, 7, 6, 7, 6, 7)
dish=456 E=Int4x8(6, 7, -8, -8, -8, -8, -8, -8)
dish=457 E=Int4x8(6, 7, 6, 7, -8, -8, -8, -8)
dish=458 E=Int4x8(6, 7, 6, 7, 6, 7, -8, -8)
dish=459 E=Int4x8(6, 7, 6, 7, 6, 7, 6, 7)
dish=460 E=Int4x8(6, 7, -8, -8, -8, -8, -8, -8)
dish=461 E=Int4x8(6, 7, 6, 7, -8, -8, -8, -8)
dish=462 E=Int4x8(6, 7, 6, 7, 6, 7, -8, -8)
dish=463 E=Int4x8(6, 7, 6, 7, 6, 7, 6, 7)
dish=464 E=Int4x8(6, 7, -8, -8, -8, -8, -8, -8)
dish=465 E=Int4x8(6, 7, 6, 7, -8, -8, -8, -8)
dish=466 E=Int4x8(6, 7, 6, 7, 6, 7, -8, -8)
dish=467 E=Int4x8(6, 7, 6, 7, 6, 7, 6, 7)
dish=468 E=Int4x8(6, 7, -8, -8, -8, -8, -8, -8)
dish=469 E=Int4x8(6, 7, 6, 7, -8, -8, -8, -8)
dish=470 E=Int4x8(6, 7, 6, 7, 6, 7, -8, -8)
dish=471 E=Int4x8(6, 7, 6, 7, 6, 7, 6, 7)
dish=472 E=Int4x8(6, 7, -8, -8, -8, -8, -8, -8)
dish=473 E=Int4x8(6, 7, 6, 7, -8, -8, -8, -8)
dish=474 E=Int4x8(6, 7, 6, 7, 6, 7, -8, -8)
dish=475 E=Int4x8(6, 7, 6, 7, 6, 7, 6, 7)
dish=476 E=Int4x8(6, 7, -8, -8, -8, -8, -8, -8)
dish=477 E=Int4x8(6, 7, 6, 7, -8, -8, -8, -8)
dish=478 E=Int4x8(6, 7, 6, 7, 6, 7, -8, -8)
dish=479 E=Int4x8(6, 7, 6, 7, 6, 7, 6, 7)
dish=480 E=Int4x8(6, 7, -8, -8, -8, -8, -8, -8)
dish=481 E=Int4x8(6, 7, 6, 7, -8, -8, -8, -8)
dish=482 E=Int4x8(6, 7, 6, 7, 6, 7, -8, -8)
dish=483 E=Int4x8(6, 7, 6, 7, 6, 7, 6, 7)
dish=484 E=Int4x8(6, 7, -8, -8, -8, -8, -8, -8)
dish=485 E=Int4x8(6, 7, 6, 7, -8, -8, -8, -8)
dish=486 E=Int4x8(6, 7, 6, 7, 6, 7, -8, -8)
dish=487 E=Int4x8(6, 7, 6, 7, 6, 7, 6, 7)
dish=488 E=Int4x8(6, 7, -8, -8, -8, -8, -8, -8)
dish=489 E=Int4x8(6, 7, 6, 7, -8, -8, -8, -8)
dish=490 E=Int4x8(6, 7, 6, 7, 6, 7, -8, -8)
dish=491 E=Int4x8(6, 7, 6, 7, 6, 7, 6, 7)
dish=492 E=Int4x8(6, 7, -8, -8, -8, -8, -8, -8)
dish=493 E=Int4x8(6, 7, 6, 7, -8, -8, -8, -8)
dish=494 E=Int4x8(6, 7, 6, 7, 6, 7, -8, -8)
dish=495 E=Int4x8(6, 7, 6, 7, 6, 7, 6, 7)
dish=496 E=Int4x8(6, 7, -8, -8, -8, -8, -8, -8)
dish=497 E=Int4x8(6, 7, 6, 7, -8, -8, -8, -8)
dish=498 E=Int4x8(6, 7, 6, 7, 6, 7, -8, -8)
dish=499 E=Int4x8(6, 7, 6, 7, 6, 7, 6, 7)
dish=500 E=Int4x8(6, 7, -8, -8, -8, -8, -8, -8)
dish=501 E=Int4x8(6, 7, 6, 7, -8, -8, -8, -8)
dish=502 E=Int4x8(6, 7, 6, 7, 6, 7, -8, -8)
dish=503 E=Int4x8(6, 7, 6, 7, 6, 7, 6, 7)
dish=504 E=Int4x8(6, 7, -8, -8, -8, -8, -8, -8)
dish=505 E=Int4x8(6, 7, 6, 7, -8, -8, -8, -8)
dish=506 E=Int4x8(6, 7, 6, 7, 6, 7, -8, -8)
dish=507 E=Int4x8(6, 7, 6, 7, 6, 7, 6, 7)
dish=508 E=Int4x8(6, 7, -8, -8, -8, -8, -8, -8)
dish=509 E=Int4x8(6, 7, 6, 7, -8, -8, -8, -8)
dish=510 E=Int4x8(6, 7, 6, 7, 6, 7, -8, -8)
dish=511 E=Int4x8(6, 7, 6, 7, 6, 7, 6, 7)
dstime = 147
beamp=0 beamq=0 I=6.666666666666666
beamp=1 beamq=0 I=2.685776816556104
beamp=2 beamq=0 I=0.0011195271151803504
beamp=3 beamq=0 I=0.323402009398607
beamp=4 beamq=0 I=0.0002847338259513335
beamp=5 beamq=0 I=0.11119071269760722
beamp=6 beamq=0 I=0.0
beamp=7 beamq=0 I=0.05872939023091202
beamp=8 beamq=0 I=7.62937497395854e-5
beamp=9 beamq=0 I=0.03987826142449662
beamp=10 beamq=0 I=5.146367366725438e-5
beamp=11 beamq=0 I=0.026426545372258418
beamp=12 beamq=0 I=0.0
beamp=13 beamq=0 I=0.020324405619941432
beamp=14 beamq=0 I=3.0307652268838374e-5
beamp=15 beamq=0 I=0.017804156750940155
beamp=16 beamq=0 I=2.5428180558907067e-5
beamp=17 beamq=0 I=0.014282493379064032
beamp=18 beamq=0 I=0.0
beamp=19 beamq=0 I=0.01281227636112914
beamp=20 beamq=0 I=2.0442180025420645e-5
beamp=21 beamq=0 I=0.012795766149713603
beamp=22 beamq=0 I=1.9400959477101273e-5
beamp=23 beamq=0 I=0.011537913880846434
beamp=24 beamq=0 I=0.0
beamp=25 beamq=0 I=0.011538012443429795
beamp=26 beamq=0 I=1.9404751005817063e-5
beamp=27 beamq=0 I=0.012795766149713603
beamp=28 beamq=0 I=2.0445313043495018e-5
beamp=29 beamq=0 I=0.012812556796331448
beamp=30 beamq=0 I=0.0
beamp=31 beamq=0 I=0.014282682185804797
beamp=32 beamq=0 I=2.5437354006747243e-5
beamp=33 beamq=0 I=0.017804156750940155
beamp=34 beamq=0 I=3.03059856030268e-5
beamp=35 beamq=0 I=0.02032470697023177
beamp=36 beamq=0 I=0.0
beamp=37 beamq=0 I=0.026426480730229532
beamp=38 beamq=0 I=5.146079500769241e-5
beamp=39 beamq=0 I=0.03987826142449662
beamp=40 beamq=0 I=7.628750780684865e-5
beamp=41 beamq=0 I=0.0587294866890552
beamp=42 beamq=0 I=0.0
beamp=43 beamq=0 I=0.11119048175603419
beamp=44 beamq=0 I=0.00028472160557346446
beamp=45 beamq=0 I=0.32340200939860697
beamp=46 beamq=0 I=0.0011195347080656703
beamp=47 beamq=0 I=2.6857776076456084
beamp=0 beamq=1 I=3.3148830688343978
beamp=1 beamq=1 I=1.4208279145653382
beamp=2 beamq=1 I=0.0011195271326349598
beamp=3 beamq=1 I=0.1535456241866804
beamp=4 beamq=1 I=0.000284733199570287
beamp=5 beamq=1 I=0.052483699512512916
beamp=6 beamq=1 I=1.4868251667470484e-17
beamp=7 beamq=1 I=0.03106899452872689
beamp=8 beamq=1 I=7.629357468804243e-5
beamp=9 beamq=1 I=0.018933503873469676
beamp=10 beamq=1 I=5.1466987867838575e-5
beamp=11 beamq=1 I=0.012473728656011734
beamp=12 beamq=1 I=4.212577191011387e-18
beamp=13 beamq=1 I=0.01075201354974734
beamp=14 beamq=1 I=3.030846450369019e-5
beamp=15 beamq=1 I=0.008453103393653693
beamp=16 beamq=1 I=2.5434688052345223e-5
beamp=17 beamq=1 I=0.0067415440746083745
beamp=18 beamq=1 I=5.082197683525802e-19
beamp=19 beamq=1 I=0.006777937442104686
beamp=20 beamq=1 I=2.0445301398025662e-5
beamp=21 beamq=1 I=0.0060752050894933235
beamp=22 beamq=1 I=1.9402736179302094e-5
beamp=23 beamq=1 I=0.005446064240464938
beamp=24 beamq=1 I=2.541098841762901e-19
beamp=25 beamq=1 I=0.0061038302445462975
beamp=26 beamq=1 I=1.9405360885497265e-5
beamp=27 beamq=1 I=0.006075205413570532
beamp=28 beamq=1 I=2.0443242443087017e-5
beamp=29 beamq=1 I=0.006047722659054495
beamp=30 beamq=1 I=4.924084866704999e-18
beamp=31 beamq=1 I=0.007555817806128606
beamp=32 beamq=1 I=2.5439127606991015e-5
beamp=33 beamq=1 I=0.008453104415440796
beamp=34 beamq=1 I=3.0313376407591046e-5
beamp=35 beamq=1 I=0.009593577971969799
beamp=36 beamq=1 I=2.4739008946140595e-16
beamp=37 beamq=1 I=0.013980122120728331
beamp=38 beamq=1 I=5.1459251856330946e-5
beamp=39 beamq=1 I=0.01893350573697426
beamp=40 beamq=1 I=7.628805639003062e-5
beamp=41 beamq=1 I=0.027721220339796272
beamp=42 beamq=1 I=1.3143353773681827e-15
beamp=43 beamq=1 I=0.058821937867027274
beamp=44 beamq=1 I=0.0002847279689624128
beamp=45 beamq=1 I=0.15354569835793774
beamp=46 beamq=1 I=0.0011195382075116819
beamp=47 beamq=1 I=1.2677276207477677
beamp=0 beamq=2 I=0.09988619634252506
beamp=1 beamq=2 I=0.04807903226332473
beamp=2 beamq=2 I=0.0011195276658858891
beamp=3 beamq=2 I=0.0026272081826378296
beamp=4 beamq=2 I=0.000284732903277676
beamp=5 beamq=2 I=0.0016669669947568366
beamp=6 beamq=2 I=2.787303085098151e-17
beamp=7 beamq=2 I=0.0010513355636729278
beamp=8 beamq=2 I=7.62940164791611e-5
beamp=9 beamq=2 I=0.00032395722002682964
beamp=10 beamq=2 I=5.1468407257409805e-5
beamp=11 beamq=2 I=0.0003961859580328556
beamp=12 beamq=2 I=2.7556805217339903e-17
beamp=13 beamq=2 I=0.00036383518557784006
beamp=14 beamq=2 I=3.0303276354561784e-5
beamp=15 beamq=2 I=0.00014463495501841687
beamp=16 beamq=2 I=2.54320882376398e-5
beamp=17 beamq=2 I=0.000214121513028518
beamp=18 beamq=2 I=5.877279276681838e-17
beamp=19 beamq=2 I=0.00022935763995463867
beamp=20 beamq=2 I=2.044318020517057e-5
beamp=21 beamq=2 I=0.00010394847750549248
beamp=22 beamq=2 I=1.9404561208975897e-5
beamp=23 beamq=2 I=0.00017297530230202067
beamp=24 beamq=2 I=4.122227009970928e-17
beamp=25 beamq=2 I=0.00020654540210022137
beamp=26 beamq=2 I=1.9403899974465486e-5
beamp=27 beamq=2 I=0.00010394841562843776
beamp=28 beamq=2 I=2.044236749810505e-5
beamp=29 beamq=2 I=0.0001920859839654074
beamp=30 beamq=2 I=4.287116090369765e-17
beamp=31 beamq=2 I=0.0002556804526323657
beamp=32 beamq=2 I=2.543101163058416e-5
beamp=33 beamq=2 I=0.00014463515745229003
beamp=34 beamq=2 I=3.0304683481307616e-5
beamp=35 beamq=2 I=0.00030470778644395725
beamp=36 beamq=2 I=2.7647155398380363e-17
beamp=37 beamq=2 I=0.00047307138839546606
beamp=38 beamq=2 I=5.1467002297110934e-5
beamp=39 beamq=2 I=0.0003239576295762631
beamp=40 beamq=2 I=7.629438978375364e-5
beamp=41 beamq=2 I=0.0008804686482621829
beamp=42 beamq=2 I=5.262898045606719e-18
beamp=43 beamq=2 I=0.0019904602295600774
beamp=44 beamq=2 I=0.0002847329853196361
beamp=45 beamq=2 I=0.002627207921747541
beamp=46 beamq=2 I=0.0011195266610282755
beamp=47 beamq=2 I=0.04026505824338619
beamp=0 beamq=3 I=0.2836354301841544
beamp=1 beamq=3 I=0.13460050219000858
beamp=2 beamq=3 I=0.0011195271826145148
beamp=3 beamq=3 I=0.014984994647019047
beamp=4 beamq=3 I=0.0002847329428184957
beamp=5 beamq=3 I=0.003893799412248088
beamp=6 beamq=3 I=0.0
beamp=7 beamq=3 I=0.002943286986266512
beamp=8 beamq=3 I=7.629344475680434e-5
beamp=9 beamq=3 I=0.0018477793329566509
beamp=10 beamq=3 I=5.146699480082691e-5
beamp=11 beamq=3 I=0.0009254341955194023
beamp=12 beamq=3 I=0.0
beamp=13 beamq=3 I=0.001018582614318851
beamp=14 beamq=3 I=3.03051365502409e-5
beamp=15 beamq=3 I=0.0008249645355190629
beamp=16 beamq=3 I=2.5432504146326177e-5
beamp=17 beamq=3 I=0.0005001592382390108
beamp=18 beamq=3 I=0.0
beamp=19 beamq=3 I=0.0006420964823922581
beamp=20 beamq=3 I=2.044393015689881e-5
beamp=21 beamq=3 I=0.000592898233248515
beamp=22 beamq=3 I=1.9403712324490046e-5
beamp=23 beamq=3 I=0.0004040461804946496
beamp=24 beamq=3 I=0.0
beamp=25 beamq=3 I=0.0005782437523197935
beamp=26 beamq=3 I=1.9403985702324285e-5
beamp=27 beamq=3 I=0.000592898258678302
beamp=28 beamq=3 I=2.0443183876688148e-5
beamp=29 beamq=3 I=0.000448684402609168
beamp=30 beamq=3 I=0.0
beamp=31 beamq=3 I=0.0007157928260249865
beamp=32 beamq=3 I=2.543439751691628e-5
beamp=33 beamq=3 I=0.0008249645426275517
beamp=34 beamq=3 I=3.030706426935e-5
beamp=35 beamq=3 I=0.0007117574923582389
beamp=36 beamq=3 I=0.0
beamp=37 beamq=3 I=0.0013243859423562549
beamp=38 beamq=3 I=5.1464117767329594e-5
beamp=39 beamq=3 I=0.0018477793363220118
beamp=40 beamq=3 I=7.629212257920034e-5
beamp=41 beamq=3 I=0.0020566530750257307
beamp=42 beamq=3 I=0.0
beamp=43 beamq=3 I=0.005572420298996119
beamp=44 beamq=3 I=0.0002847299226464582
beamp=45 beamq=3 I=0.014984994668705707
beamp=46 beamq=3 I=0.001119538044037228
beamp=47 beamq=3 I=0.0940535539777462
beamp=0 beamq=4 I=0.08785934143428949
beamp=1 beamq=4 I=0.04586244851319517
beamp=2 beamq=4 I=0.0011195274614373605
beamp=3 beamq=4 I=0.00249370571201505
beamp=4 beamq=4 I=0.00028473273935332834
beamp=5 beamq=4 I=0.0013163394220905822
beamp=6 beamq=4 I=5.646886315028669e-19
beamp=7 beamq=4 I=0.00100286575323134
beamp=8 beamq=4 I=7.629402739965023e-5
beamp=9 beamq=4 I=0.0003074953550412751
beamp=10 beamq=4 I=5.1468117990889346e-5
beamp=11 beamq=4 I=0.00031285242286723544
beamp=12 beamq=4 I=1.7494053803958815e-16
beamp=13 beamq=4 I=0.0003470609220788568
beamp=14 beamq=4 I=3.0303389929707505e-5
beamp=15 beamq=4 I=0.0001372851822769186
beamp=16 beamq=4 I=2.543224192337588e-5
beamp=17 beamq=4 I=0.0001690840736451963
beamp=18 beamq=4 I=7.265961559273688e-16
beamp=19 beamq=4 I=0.0002187825952434063
beamp=20 beamq=4 I=2.044335555607877e-5
beamp=21 beamq=4 I=9.866611507890246e-5
beamp=22 beamq=4 I=1.9404383384509048e-5
beamp=23 beamq=4 I=0.00013659237382911466
beamp=24 beamq=4 I=1.2479618756213357e-16
beamp=25 beamq=4 I=0.00019702389200002967
beamp=26 beamq=4 I=1.940391450825506e-5
beamp=27 beamq=4 I=9.866607699464099e-5
beamp=28 beamq=4 I=2.044264345129303e-5
beamp=29 beamq=4 I=0.00015168307257493
beamp=30 beamq=4 I=8.89949283248518e-16
beamp=31 beamq=4 I=0.00024389278032925271
beamp=32 beamq=4 I=2.5431499440518006e-5
beamp=33 beamq=4 I=0.00013728515035557268
beamp=34 beamq=4 I=3.030481737582703e-5
beamp=35 beamq=4 I=0.00024061507405419034
beamp=36 beamq=4 I=1.5461174730548494e-16
beamp=37 beamq=4 I=0.0004512592418551809
beamp=38 beamq=4 I=5.146743827425101e-5
beamp=39 beamq=4 I=0.00030749542244526667
beamp=40 beamq=4 I=7.629450084658618e-5
beamp=41 beamq=4 I=0.0006952709500106709
beamp=42 beamq=4 I=1.9199413471097474e-16
beamp=43 beamq=4 I=0.0018986961764602427
beamp=44 beamq=4 I=0.0002847339132824296
beamp=45 beamq=4 I=0.0024937125220154664
beamp=46 beamq=4 I=0.001119531844168087
beamp=47 beamq=4 I=0.03179578373985504
beamp=0 beamq=5 I=0.05566207444033437
beamp=1 beamq=5 I=0.029434455506982767
beamp=2 beamq=5 I=0.00111952763348882
beamp=3 beamq=5 I=0.00407035406351914
beamp=4 beamq=5 I=0.000284733052851713
beamp=5 beamq=5 I=0.0006340110420690321
beamp=6 beamq=5 I=5.2369223685575874e-17
beamp=7 beamq=5 I=0.0006436375447067337
beamp=8 beamq=5 I=7.629404635233168e-5
beamp=9 beamq=5 I=0.0005019100957473928
beamp=10 beamq=5 I=5.146766875744822e-5
beamp=11 beamq=5 I=0.00015068349522462217
beamp=12 beamq=5 I=4.8156646494564485e-17
beamp=13 beamq=5 I=0.0002227431130965463
beamp=14 beamq=5 I=3.030479203569658e-5
beamp=15 beamq=5 I=0.00022408274245528585
beamp=16 beamq=5 I=2.5430961087912358e-5
beamp=17 beamq=5 I=8.144039921137544e-5
beamp=18 beamq=5 I=6.038384943249606e-16
beamp=19 beamq=5 I=0.0001404147892181559
beamp=20 beamq=5 I=2.044325035009323e-5
beamp=21 beamq=5 I=0.0001610482579455171
beamp=22 beamq=5 I=1.9403782740417096e-5
beamp=23 beamq=5 I=6.5789077552314e-5
beamp=24 beamq=5 I=7.775762455794477e-17
beamp=25 beamq=5 I=0.00012644949141435354
beamp=26 beamq=5 I=1.940398291226595e-5
beamp=27 beamq=5 I=0.0001610481866155514
beamp=28 beamq=5 I=2.0443389849162535e-5
beamp=29 beamq=5 I=7.305674149541121e-5
beamp=30 beamq=5 I=2.988812223249949e-15
beamp=31 beamq=5 I=0.0001565286970201428
beamp=32 beamq=5 I=2.5432346366565376e-5
beamp=33 beamq=5 I=0.00022408407440166028
beamp=34 beamq=5 I=3.0305892909004905e-5
beamp=35 beamq=5 I=0.00011589269509156461
beamp=36 beamq=5 I=5.432304635057579e-16
beamp=37 beamq=5 I=0.0002896173702228847
beamp=38 beamq=5 I=5.146661380560824e-5
beamp=39 beamq=5 I=0.0005019097045954684
beamp=40 beamq=5 I=7.629426385030785e-5
beamp=41 beamq=5 I=0.0003348775448017003
beamp=42 beamq=5 I=7.477380982908361e-15
beamp=43 beamq=5 I=0.0012185783974268311
beamp=44 beamq=5 I=0.0002847328374897085
beamp=45 beamq=5 I=0.004070343357552776
beamp=46 beamq=5 I=0.0011195268113374157
beamp=47 beamq=5 I=0.015314339694947639
beamp=0 beamq=6 I=0.07033398865165505
beamp=1 beamq=6 I=0.03985277547274481
beamp=2 beamq=6 I=0.0011195270004084506
beamp=3 beamq=6 I=0.00228132959423868
beamp=4 beamq=6 I=0.00028473285650106197
beamp=5 beamq=6 I=0.0009221313587495874
beamp=6 beamq=6 I=0.0
beamp=7 beamq=6 I=0.0008714547011143998
beamp=8 beamq=6 I=7.629379276289576e-5
beamp=9 beamq=6 I=0.00028130765066555633
beamp=10 beamq=6 I=5.146807614363788e-5
beamp=11 beamq=6 I=0.0002191618220090608
beamp=12 beamq=6 I=0.0
beamp=13 beamq=6 I=0.00030158484510428324
beamp=14 beamq=6 I=3.0304188167928294e-5
beamp=15 beamq=6 I=0.0001255933726651972
beamp=16 beamq=6 I=2.54327560289525e-5
beamp=17 beamq=6 I=0.00011844640107051843
beamp=18 beamq=6 I=0.0
beamp=19 beamq=6 I=0.00019011276951204213
beamp=20 beamq=6 I=2.044348993795481e-5
beamp=21 beamq=6 I=9.02633837077077e-5
beamp=22 beamq=6 I=1.9404462110689513e-5
beamp=23 beamq=6 I=9.568706472004815e-5
beamp=24 beamq=6 I=0.0
beamp=25 beamq=6 I=0.00017120713439105977
beamp=26 beamq=6 I=1.940429938881162e-5
beamp=27 beamq=6 I=9.02633826511393e-5
beamp=28 beamq=6 I=2.0442858048202787e-5
beamp=29 beamq=6 I=0.00010625962031281678
beamp=30 beamq=6 I=0.0
beamp=31 beamq=6 I=0.0002119352479740212
beamp=32 beamq=6 I=2.5432069003470625e-5
beamp=33 beamq=6 I=0.00012559337242666586
beamp=34 beamq=6 I=3.0305405555324968e-5
beamp=35 beamq=6 I=0.0001685566224790513
beamp=36 beamq=6 I=0.0
beamp=37 beamq=6 I=0.00039212882413325323
beamp=38 beamq=6 I=5.146635876479681e-5
beamp=39 beamq=6 I=0.00028130765739083964
beamp=40 beamq=6 I=7.629436021333512e-5
beamp=41 beamq=6 I=0.0004870573676968643
beamp=42 beamq=6 I=0.0
beamp=43 beamq=6 I=0.0016498971854512702
beamp=44 beamq=6 I=0.0002847342066825753
beamp=45 beamq=6 I=0.0022813296001459264
beamp=46 beamq=6 I=0.0011195266338201086
beamp=47 beamq=6 I=0.022273822632429514
beamp=0 beamq=7 I=0.007895057331546839
beamp=1 beamq=7 I=0.005065840534524919
beamp=2 beamq=7 I=0.001119527308580782
beamp=3 beamq=7 I=0.0012658444805635123
beamp=4 beamq=7 I=0.00028473256751797125
beamp=5 beamq=7 I=9.525141694006917e-5
beamp=6 beamq=7 I=5.5322545228335865e-17
beamp=7 beamq=7 I=0.00011077303579768081
beamp=8 beamq=7 I=7.629383941657666e-5
beamp=9 beamq=7 I=0.000156089257233894
beamp=10 beamq=7 I=5.146746599507061e-5
beamp=11 beamq=7 I=2.263822225546277e-5
beamp=12 beamq=7 I=1.0463680341748123e-16
beamp=13 beamq=7 I=3.8335256511564544e-5
beamp=14 beamq=7 I=3.0303217297232536e-5
beamp=15 beamq=7 I=6.968803470444025e-5
beamp=16 beamq=7 I=2.543255848653009e-5
beamp=17 beamq=7 I=1.2234979894974792e-5
beamp=18 beamq=7 I=7.832683069849966e-16
beamp=19 beamq=7 I=2.416652411337412e-5
beamp=20 beamq=7 I=2.0443027946771742e-5
beamp=21 beamq=7 I=5.0083990100391405e-5
beamp=22 beamq=7 I=1.9404082586652644e-5
beamp=23 beamq=7 I=9.883900512466597e-6
beamp=24 beamq=7 I=3.707180865816321e-17
beamp=25 beamq=7 I=2.176279695215657e-5
beamp=26 beamq=7 I=1.9403872306847425e-5
beamp=27 beamq=7 I=5.008461473187497e-5
beamp=28 beamq=7 I=2.0442916267212756e-5
beamp=29 beamq=7 I=1.0975770122666321e-5
beamp=30 beamq=7 I=4.47329393217626e-16
beamp=31 beamq=7 I=2.6938927010535576e-5
beamp=32 beamq=7 I=2.5431593383630844e-5
beamp=33 beamq=7 I=6.968841490952147e-5
beamp=34 beamq=7 I=3.0304157930028064e-5
beamp=35 beamq=7 I=1.741108129823186e-5
beamp=36 beamq=7 I=1.835576865563219e-16
beamp=37 beamq=7 I=4.9844577160753834e-5
beamp=38 beamq=7 I=5.146772894917409e-5
beamp=39 beamq=7 I=0.00015608833655449247
beamp=40 beamq=7 I=7.62949379394807e-5
beamp=41 beamq=7 I=5.0310863670172744e-5
beamp=42 beamq=7 I=2.697007678854948e-14
beamp=43 beamq=7 I=0.00020972500612594314
beamp=44 beamq=7 I=0.00028473305553526943
beamp=45 beamq=7 I=0.00126585477829946
beamp=46 beamq=7 I=0.0011195292541196183
beamp=47 beamq=7 I=0.0023007491547401065
beamp=0 beamq=8 I=0.05045574701486934
beamp=1 beamq=8 I=0.03121268935081369
beamp=2 beamq=8 I=0.0011195268760867867
beamp=3 beamq=8 I=0.002004557399141738
beamp=4 beamq=8 I=0.00028473302193794724
beamp=5 beamq=8 I=0.0005538004288970408
beamp=6 beamq=8 I=2.0419140915143666e-16
beamp=7 beamq=8 I=0.0006825208174569386
beamp=8 beamq=8 I=7.629385484642036e-5
beamp=9 beamq=8 I=0.00024717959838307555
beamp=10 beamq=8 I=5.1468000743557345e-5
beamp=11 beamq=8 I=0.00013162055899515018
beamp=12 beamq=8 I=6.256750037051764e-17
beamp=13 beamq=8 I=0.00023620011516827216
beamp=14 beamq=8 I=3.0304300469539335e-5
beamp=15 beamq=8 I=0.00011035626411876317
beamp=16 beamq=8 I=2.5431363941593304e-5
beamp=17 beamq=8 I=7.113629207804138e-5
beamp=18 beamq=8 I=3.3160775196374354e-16
beamp=19 beamq=8 I=0.00014889852487228448
beamp=20 beamq=8 I=2.0443212324259724e-5
beamp=21 beamq=8 I=7.931281160438456e-5
beamp=22 beamq=8 I=1.940413430359277e-5
beamp=23 beamq=8 I=5.746603821587147e-5
beamp=24 beamq=8 I=8.695527298786346e-16
beamp=25 beamq=8 I=0.00013408865699274545
beamp=26 beamq=8 I=1.940410511414467e-5
beamp=27 beamq=8 I=7.931129485134253e-5
beamp=28 beamq=8 I=2.0443262760408037e-5
beamp=29 beamq=8 I=6.381427475430986e-5
beamp=30 beamq=8 I=4.423770739193459e-16
beamp=31 beamq=8 I=0.00016598704043663243
beamp=32 beamq=8 I=2.54318759461646e-5
beamp=33 beamq=8 I=0.00011035627241890396
beamp=34 beamq=8 I=3.030551091347924e-5
beamp=35 beamq=8 I=0.0001012306359838261
beamp=36 beamq=8 I=7.950477118381464e-15
beamp=37 beamq=8 I=0.00030711222496529277
beamp=38 beamq=8 I=5.146885673229095e-5
beamp=39 beamq=8 I=0.00024717827936046805
beamp=40 beamq=8 I=7.629443802976864e-5
beamp=41 beamq=8 I=0.0002925087619556694
beamp=42 beamq=8 I=1.2921205266048599e-15
beamp=43 beamq=8 I=0.001292197312022035
beamp=44 beamq=8 I=0.00028473644955815546
beamp=45 beamq=8 I=0.0020045509130980016
beamp=46 beamq=8 I=0.0011195174977810442
beamp=47 beamq=8 I=0.013376854722803484
beamp=0 beamq=9 I=0.00026568626247687493
beamp=1 beamq=9 I=0.0005631360565278319
beamp=2 beamq=9 I=0.001119527891526632
beamp=3 beamq=9 I=0.00031702881298993954
beamp=4 beamq=9 I=0.0002847331886888601
beamp=5 beamq=9 I=8.060231645185909e-5
beamp=6 beamq=9 I=0.0
beamp=7 beamq=9 I=1.231399350488404e-5
beamp=8 beamq=9 I=7.629403303093936e-5
beamp=9 beamq=9 I=3.909238174776705e-5
beamp=10 beamq=9 I=5.146822080124106e-5
beamp=11 beamq=9 I=1.9156837950070813e-5
beamp=12 beamq=9 I=0.0
beamp=13 beamq=9 I=4.261623997739808e-6
beamp=14 beamq=9 I=3.030377640352371e-5
beamp=15 beamq=9 I=1.745329441959552e-5
beamp=16 beamq=9 I=2.5432151889074184e-5
beamp=17 beamq=9 I=1.0353280972186266e-5
beamp=18 beamq=9 I=0.0
beamp=19 beamq=9 I=2.686284416755013e-6
beamp=20 beamq=9 I=2.0443111982612186e-5
beamp=21 beamq=9 I=1.2543604534197644e-5
beamp=22 beamq=9 I=1.940397353638894e-5
beamp=23 beamq=9 I=8.364030554240053e-6
beamp=24 beamq=9 I=0.0
beamp=25 beamq=9 I=2.419250829230005e-6
beamp=26 beamq=9 I=1.9404262699588234e-5
beamp=27 beamq=9 I=1.2543604070780452e-5
beamp=28 beamq=9 I=2.04429368862085e-5
beamp=29 beamq=9 I=9.288124314609394e-6
beamp=30 beamq=9 I=0.0
beamp=31 beamq=9 I=2.995179526439784e-6
beamp=32 beamq=9 I=2.5431327578262368e-5
beamp=33 beamq=9 I=1.7453296857883355e-5
beamp=34 beamq=9 I=3.0304887655584432e-5
beamp=35 beamq=9 I=1.4733024892908602e-5
beamp=36 beamq=9 I=0.0
beamp=37 beamq=9 I=5.541003863973263e-6
beamp=38 beamq=9 I=5.146756010671604e-5
beamp=39 beamq=9 I=3.909239277986071e-5
beamp=40 beamq=9 I=7.629537260979579e-5
beamp=41 beamq=9 I=4.25719324405718e-5
beamp=42 beamq=9 I=0.0
beamp=43 beamq=9 I=2.331391230035802e-5
beamp=44 beamq=9 I=0.00028473285486058976
beamp=45 beamq=9 I=0.0003170288211203282
beamp=46 beamq=9 I=0.0011195294166242795
beamp=47 beamq=9 I=0.0019469150988371126
beamp=0 beamq=10 I=0.031530352623940244
beamp=1 beamq=10 I=0.021559656976280483
beamp=2 beamq=10 I=0.0011195281617404841
beamp=3 beamq=10 I=0.0016822442308954033
beamp=4 beamq=10 I=0.000284732553017525
beamp=5 beamq=10 I=0.0002676203919681502
beamp=6 beamq=10 I=7.782990470277713e-16
beamp=7 beamq=10 I=0.0004714403392779101
beamp=8 beamq=10 I=7.629391102306816e-5
beamp=9 beamq=10 I=0.0002074353870961971
beamp=10 beamq=10 I=5.1467723377218105e-5
beamp=11 beamq=10 I=6.360425348947105e-5
beamp=12 beamq=10 I=1.0627440044883954e-16
beamp=13 beamq=10 I=0.0001631511843244835
beamp=14 beamq=10 I=3.0303621734891843e-5
beamp=15 beamq=10 I=9.261216561097047e-5
beamp=16 beamq=10 I=2.5431807679372752e-5
beamp=17 beamq=10 I=3.4377485986961055e-5
beamp=18 beamq=10 I=1.7911923391270937e-16
beamp=19 beamq=10 I=0.00010285053530283519
beamp=20 beamq=10 I=2.04433309956412e-5
beamp=21 beamq=10 I=6.655983847781298e-5
beamp=22 beamq=10 I=1.940410613568836e-5
beamp=23 beamq=10 I=2.7769975046456035e-5
beamp=24 beamq=10 I=2.5896620640721474e-16
beamp=25 beamq=10 I=9.26198216392851e-5
beamp=26 beamq=10 I=1.9404260355302326e-5
beamp=27 beamq=10 I=6.656005699863465e-5
beamp=28 beamq=10 I=2.0443464419853066e-5
beamp=29 beamq=10 I=3.083829669660373e-5
beamp=30 beamq=10 I=2.0046920756802235e-14
beamp=31 beamq=10 I=0.000114649480744512
beamp=32 beamq=10 I=2.5430775959364118e-5
beamp=33 beamq=10 I=9.261128124221136e-5
beamp=34 beamq=10 I=3.030587553360153e-5
beamp=35 beamq=10 I=4.891997040398151e-5
beamp=36 beamq=10 I=6.517365134262968e-15
beamp=37 beamq=10 I=0.00021213618276547726
beamp=38 beamq=10 I=5.146695793349622e-5
beamp=39 beamq=10 I=0.0002074360401358288
beamp=40 beamq=10 I=7.629345140749272e-5
beamp=41 beamq=10 I=0.00014135406837940587
beamp=42 beamq=10 I=9.288405186773836e-15
beamp=43 beamq=10 I=0.0008925678778873567
beamp=44 beamq=10 I=0.0002847270191134873
beamp=45 beamq=10 I=0.0016822494660455516
beamp=46 beamq=10 I=0.0011195340944484523
beamp=47 beamq=10 I=0.0064643288921493475
beamp=0 beamq=11 I=0.0038696317452751178
beamp=1 beamq=11 I=0.0026577750532554272
beamp=2 beamq=11 I=0.0011195274751492454
beamp=3 beamq=11 I=2.6186146189814136e-5
beamp=4 beamq=11 I=0.0002847330250599376
beamp=5 beamq=11 I=0.0001569192814735045
beamp=6 beamq=11 I=2.0528125821023719e-16
beamp=7 beamq=11 I=5.81168917322633e-5
beamp=8 beamq=11 I=7.62938033615894e-5
beamp=9 beamq=11 I=3.22905540419769e-6
beamp=10 beamq=11 I=5.1467945701160645e-5
beamp=11 beamq=11 I=3.729517392406169e-5
beamp=12 beamq=11 I=1.1856767195665696e-16
beamp=13 beamq=11 I=2.011283475676735e-5
beamp=14 beamq=11 I=3.030259054041957e-5
beamp=15 beamq=11 I=1.441675515564283e-6
beamp=16 beamq=11 I=2.5433155014456964e-5
beamp=17 beamq=11 I=2.0156533875039197e-5
beamp=18 beamq=11 I=4.937637393861067e-16
beamp=19 beamq=11 I=1.2678776384825861e-5
beamp=20 beamq=11 I=2.0443438695041706e-5
beamp=21 beamq=11 I=1.036097905323574e-6
beamp=22 beamq=11 I=1.9404237010734978e-5
beamp=23 beamq=11 I=1.6283373581218626e-5
beamp=24 beamq=11 I=3.503102394391185e-16
beamp=25 beamq=11 I=1.141764412733619e-5
beamp=26 beamq=11 I=1.9403548743035417e-5
beamp=27 beamq=11 I=1.0360326086549486e-6
beamp=28 beamq=11 I=2.0442660915182363e-5
beamp=29 beamq=11 I=1.8082463557055555e-5
beamp=30 beamq=11 I=1.3051591871062612e-14
beamp=31 beamq=11 I=1.4134157025593998e-5
beamp=32 beamq=11 I=2.542943091334532e-5
beamp=33 beamq=11 I=1.4416587399324736e-6
beamp=34 beamq=11 I=3.030346993498206e-5
beamp=35 beamq=11 I=2.8682720334006145e-5
beamp=36 beamq=11 I=2.7343448911699174e-14
beamp=37 beamq=11 I=2.6149851531393358e-5
beamp=38 beamq=11 I=5.146781525157965e-5
beamp=39 beamq=11 I=3.229083525476477e-6
beamp=40 beamq=11 I=7.629462749516729e-5
beamp=41 beamq=11 I=8.288245442691967e-5
beamp=42 beamq=11 I=7.839064051385947e-15
beamp=43 beamq=11 I=0.000110031056706086
beamp=44 beamq=11 I=0.00028472941269226773
beamp=45 beamq=11 I=2.6185361503857767e-5
beamp=46 beamq=11 I=0.0011195253889724637
beamp=47 beamq=11 I=0.003790328480444521
beamp=0 beamq=12 I=0.016276041666666664
beamp=1 beamq=12 I=0.012580348197369366
beamp=2 beamq=12 I=0.0011195273645833296
beamp=3 beamq=12 I=0.0013363719396636653
beamp=4 beamq=12 I=0.0002847327590632106
beamp=5 beamq=12 I=9.450890583283132e-5
beamp=6 beamq=12 I=0.0
beamp=7 beamq=12 I=0.0002750920591257026
beamp=8 beamq=12 I=7.629391757525473e-5
beamp=9 beamq=12 I=0.0001647862042334571
beamp=10 beamq=12 I=5.146779673236148e-5
beamp=11 beamq=12 I=2.2461627138659547e-5
beamp=12 beamq=12 I=0.0
beamp=13 beamq=12 I=9.520152458953118e-5
beamp=14 beamq=12 I=3.03042245986904e-5
beamp=15 beamq=12 I=7.357089566504196e-5
beamp=16 beamq=12 I=2.54322903126871e-5
beamp=17 beamq=12 I=1.2140118761415784e-5
beamp=18 beamq=12 I=0.0
beamp=19 beamq=12 I=6.001374957665176e-5
beamp=20 beamq=12 I=2.044339833997739e-5
beamp=21 beamq=12 I=5.2875066734353725e-5
beamp=22 beamq=12 I=1.940393878836753e-5
beamp=23 beamq=12 I=9.806819075161437e-6
beamp=24 beamq=12 I=0.0
beamp=25 beamq=12 I=5.4045835424184545e-5
beamp=26 beamq=12 I=1.9404281652119266e-5
beamp=27 beamq=12 I=5.2875066734353725e-5
beamp=28 beamq=12 I=2.0442709620363374e-5
beamp=29 beamq=12 I=1.0890000884575923e-5
beamp=30 beamq=12 I=0.0
beamp=31 beamq=12 I=6.6902259402302e-5
beamp=32 beamq=12 I=2.543203046073028e-5
beamp=33 beamq=12 I=7.357089566504196e-5
beamp=34 beamq=12 I=3.030556758280586e-5
beamp=35 beamq=12 I=1.727639478464113e-5
beamp=36 beamq=12 I=0.0
beamp=37 beamq=12 I=0.00012378355107284903
beamp=38 beamq=12 I=5.146743061327763e-5
beamp=39 beamq=12 I=0.0001647862042334571
beamp=40 beamq=12 I=7.629436020736978e-5
beamp=41 beamq=12 I=4.9918693569722344e-5
beamp=42 beamq=12 I=0.0
beamp=43 beamq=12 I=0.0005208230651924159
beamp=44 beamq=12 I=0.00028473265324683607
beamp=45 beamq=12 I=0.001336371939663665
beamp=46 beamq=12 I=0.0011195303994520598
beamp=47 beamq=12 I=0.002282836584348717
beamp=0 beamq=13 I=0.008835824621693923
beamp=1 beamq=13 I=0.006241576402967979
beamp=2 beamq=13 I=0.0011195290541520333
beamp=3 beamq=13 I=2.0140742481710615e-5
beamp=4 beamq=13 I=0.000284733277584955
beamp=5 beamq=13 I=0.00019686023258639072
beamp=6 beamq=13 I=3.2749794810366566e-15
beamp=7 beamq=13 I=0.0001364837305409532
beamp=8 beamq=13 I=7.629447619131107e-5
beamp=9 beamq=13 I=2.4836926617828363e-6
beamp=10 beamq=13 I=5.1468610672036867e-5
beamp=11 beamq=13 I=4.6786233605955945e-5
beamp=12 beamq=13 I=2.036476139992994e-15
beamp=13 beamq=13 I=4.723478517070904e-5
beamp=14 beamq=13 I=3.030494911491187e-5
beamp=15 beamq=13 I=1.1088386896626512e-6
beamp=16 beamq=13 I=2.542798989321818e-5
beamp=17 beamq=13 I=2.528454454435117e-5
beamp=18 beamq=13 I=1.4400011854228307e-15
beamp=19 beamq=13 I=2.9775390165429704e-5
beamp=20 beamq=13 I=2.04419387244514e-5
beamp=21 beamq=13 I=7.968313004893237e-7
beamp=22 beamq=13 I=1.9404936477437615e-5
beamp=23 beamq=13 I=2.0427487638678243e-5
beamp=24 beamq=13 I=3.600454714462279e-16
beamp=25 beamq=13 I=2.6813991330896633e-5
beamp=26 beamq=13 I=1.940351721957337e-5
beamp=27 beamq=13 I=7.968410531959763e-7
beamp=28 beamq=13 I=2.0444732984276054e-5
beamp=29 beamq=13 I=2.2683765097551628e-5
beamp=30 beamq=13 I=6.217504177162316e-15
beamp=31 beamq=13 I=3.3197727103206644e-5
beamp=32 beamq=13 I=2.5432252429340993e-5
beamp=33 beamq=13 I=1.108768119652267e-6
beamp=34 beamq=13 I=3.0303819967921294e-5
beamp=35 beamq=13 I=3.5984531653222944e-5
beamp=36 beamq=13 I=3.489537444085223e-14
beamp=37 beamq=13 I=6.141283282798126e-5
beamp=38 beamq=13 I=5.146779923590158e-5
beamp=39 beamq=13 I=2.4832350027161006e-6
beamp=40 beamq=13 I=7.629286353646149e-5
beamp=41 beamq=13 I=0.00010397413233957432
beamp=42 beamq=13 I=2.1962725194997593e-13
beamp=43 beamq=13 I=0.00025840475526387493
beamp=44 beamq=13 I=0.000284731186136095
beamp=45 beamq=13 I=2.0142151069417926e-5
beamp=46 beamq=13 I=0.0011195275544578819
beamp=47 beamq=13 I=0.0047550944872209585
beamp=0 beamq=14 I=0.006255106783034545
beamp=1 beamq=14 I=0.0056396710456548624
beamp=2 beamq=14 I=0.0011195266037085174
beamp=3 beamq=14 I=0.0009905015155491628
beamp=4 beamq=14 I=0.00028473303178909454
beamp=5 beamq=14 I=3.4851766424426036e-5
beamp=6 beamq=14 I=3.001658889616639e-15
beamp=7 beamq=14 I=0.00012332137601839323
beamp=8 beamq=14 I=7.629277067480225e-5
beamp=9 beamq=14 I=0.0001221378201684235
beamp=10 beamq=14 I=5.14688557358935e-5
beamp=11 beamq=14 I=8.283293614958962e-6
beamp=12 beamq=14 I=1.8092623753351855e-15
beamp=13 beamq=14 I=4.2676935922060294e-5
beamp=14 beamq=14 I=3.0299130424882505e-5
beamp=15 beamq=14 I=5.452996826778193e-5
beamp=16 beamq=14 I=2.5434302452646984e-5
beamp=17 beamq=14 I=4.475884843069321e-6
beamp=18 beamq=14 I=4.203564760452601e-15
beamp=19 beamq=14 I=2.6904003267003027e-5
beamp=20 beamq=14 I=2.0443077233604156e-5
beamp=21 beamq=14 I=3.9190279849186057e-5
beamp=22 beamq=14 I=1.940403871598376e-5
beamp=23 beamq=14 I=3.6166318750793385e-6
beamp=24 beamq=14 I=3.7591548074598445e-15
beamp=25 beamq=14 I=2.4227328626900747e-5
beamp=26 beamq=14 I=1.9402303248013053e-5
beamp=27 beamq=14 I=3.9190100206484714e-5
beamp=28 beamq=14 I=2.0442491628463185e-5
beamp=29 beamq=14 I=4.016874057727561e-6
beamp=30 beamq=14 I=3.2739517477273217e-15
beamp=31 beamq=14 I=2.9994209877719832e-5
beamp=32 beamq=14 I=2.5427898088139666e-5
beamp=33 beamq=14 I=5.4529314885619226e-5
beamp=34 beamq=14 I=3.0302598181730646e-5
beamp=35 beamq=14 I=6.369394708840209e-6
beamp=36 beamq=14 I=1.2047744890839965e-14
beamp=37 beamq=14 I=5.548882105436645e-5
beamp=38 beamq=14 I=5.14692947744403e-5
beamp=39 beamq=14 I=0.0001221315906372913
beamp=40 beamq=14 I=7.62945399091766e-5
beamp=41 beamq=14 I=1.840815827339731e-5
beamp=42 beamq=14 I=6.85389471233889e-14
beamp=43 beamq=14 I=0.00023348416568892417
beamp=44 beamq=14 I=0.00028473460568370504
beamp=45 beamq=14 I=0.000990497551334937
beamp=46 beamq=14 I=0.0011195475690675763
beamp=47 beamq=14 I=0.0008418078495211548
beamp=0 beamq=15 I=0.0113671036279104
beamp=1 beamq=15 I=0.008843259033005577
beamp=2 beamq=15 I=0.0011195276645158867
beamp=3 beamq=15 I=0.0001415415341737926
beamp=4 beamq=15 I=0.00028473280460055767
beamp=5 beamq=15 I=0.0001736680790042684
beamp=6 beamq=15 I=0.0
beamp=7 beamq=15 I=0.00019337346546305394
beamp=8 beamq=15 I=7.629402480783123e-5
beamp=9 beamq=15 I=1.745329441959552e-5
beamp=10 beamq=15 I=5.1468094162875165e-5
beamp=11 beamq=15 I=4.1275559779693296e-5
beamp=12 beamq=15 I=0.0
beamp=13 beamq=15 I=6.692116878867708e-5
beamp=14 beamq=15 I=3.0303888676477503e-5
beamp=15 beamq=15 I=7.792245623507887e-6
beamp=16 beamq=15 I=2.543208425676549e-5
beamp=17 beamq=15 I=2.2307352944913457e-5
beamp=18 beamq=15 I=0.0
beamp=19 beamq=15 I=4.218572079316418e-5
beamp=20 beamq=15 I=2.0443014800312615e-5
beamp=21 beamq=15 I=5.6002500254066375e-6
beamp=22 beamq=15 I=1.9404163222555398e-5
beamp=23 beamq=15 I=1.802106412200486e-5
beamp=24 beamq=15 I=0.0
beamp=25 beamq=15 I=3.799122215858997e-5
beamp=26 beamq=15 I=1.940423792006243e-5
beamp=27 beamq=15 I=5.600251669043307e-6
beamp=28 beamq=15 I=2.0442774030913256e-5
beamp=29 beamq=15 I=2.0012699563287792e-5
beamp=30 beamq=15 I=0.0
beamp=31 beamq=15 I=4.702900741874166e-5
beamp=32 beamq=15 I=2.5430964653137933e-5
beamp=33 beamq=15 I=7.79224531817171e-6
beamp=34 beamq=15 I=3.0304849515652637e-5
beamp=35 beamq=15 I=3.174522271218248e-5
beamp=36 beamq=15 I=0.0
beamp=37 beamq=15 I=8.70126774150623e-5
beamp=38 beamq=15 I=5.146705883170102e-5
beamp=39 beamq=15 I=1.7453296857883355e-5
beamp=40 beamq=15 I=7.629447455066916e-5
beamp=41 beamq=15 I=9.172899186300851e-5
beamp=42 beamq=15 I=0.0
beamp=43 beamq=15 I=0.00036610839576602377
beamp=44 beamq=15 I=0.0002847328319289169
beamp=45 beamq=15 I=0.00014154153856105328
beamp=46 beamq=15 I=0.001119527946569182
beamp=47 beamq=15 I=0.004194899283653834
beamp=0 beamq=16 I=0.0016275651677675218
beamp=1 beamq=16 I=0.0014863072961176622
beamp=2 beamq=16 I=0.0011195268199574002
beamp=3 beamq=16 I=0.0006681809482418483
beamp=4 beamq=16 I=0.000284732917270308
beamp=5 beamq=16 I=6.153262749071295e-5
beamp=6 beamq=16 I=1.2452287826448618e-15
beamp=7 beamq=16 I=3.250091956424535e-5
beamp=8 beamq=16 I=7.629420511565268e-5
beamp=9 beamq=16 I=8.239126906615367e-5
beamp=10 beamq=16 I=5.1465903384192874e-5
beamp=11 beamq=16 I=1.4623474445782834e-5
beamp=12 beamq=16 I=3.6140072416183476e-15
beamp=13 beamq=16 I=1.1246285939602003e-5
beamp=14 beamq=16 I=3.030860709075442e-5
beamp=15 beamq=16 I=3.6784873413979845e-5
beamp=16 beamq=16 I=2.542932126651038e-5
beamp=17 beamq=16 I=7.90426899487526e-6
beamp=18 beamq=16 I=1.4828723463265284e-16
beamp=19 beamq=16 I=7.090128410763253e-6
beamp=20 beamq=16 I=2.044176247482856e-5
beamp=21 beamq=16 I=2.6437295073534323e-5
beamp=22 beamq=16 I=1.9403625790312592e-5
beamp=23 beamq=16 I=6.3851521136675125e-6
beamp=24 beamq=16 I=8.899492832485181e-17
beamp=25 beamq=16 I=6.3853196250753605e-6
beamp=26 beamq=16 I=1.9403764258100402e-5
beamp=27 beamq=16 I=2.643682465743506e-5
beamp=28 beamq=16 I=2.0445463339376284e-5
beamp=29 beamq=16 I=7.088712238183212e-6
beamp=30 beamq=16 I=9.168465321442627e-15
beamp=31 beamq=16 I=7.901715678762077e-6
beamp=32 beamq=16 I=2.5429031729820424e-5
beamp=33 beamq=16 I=3.678335409827893e-5
beamp=34 beamq=16 I=3.029840553409325e-5
beamp=35 beamq=16 I=1.1247536628008329e-5
beamp=36 beamq=16 I=1.8415738588297794e-14
beamp=37 beamq=16 I=1.4624172684808953e-5
beamp=38 beamq=16 I=5.1472804449855645e-5
beamp=39 beamq=16 I=8.238884751675549e-5
beamp=40 beamq=16 I=7.62962098671523e-5
beamp=41 beamq=16 I=3.249449629751071e-5
beamp=42 beamq=16 I=8.277386660931103e-14
beamp=43 beamq=16 I=6.153265144397235e-5
beamp=44 beamq=16 I=0.0002847576821266996
beamp=45 beamq=16 I=0.0006681175550765565
beamp=46 beamq=16 I=0.0011195323292624345
beamp=47 beamq=16 I=0.0014863837433408324
beamp=0 beamq=17 I=0.01067281903447947
beamp=1 beamq=17 I=0.009444731749755186
beamp=2 beamq=17 I=0.001119527977961569
beamp=3 beamq=17 I=0.00030784454194604093
beamp=4 beamq=17 I=0.0002847318157823301
beamp=5 beamq=17 I=0.00010720403905975715
beamp=6 beamq=17 I=4.026393702318576e-15
beamp=7 beamq=17 I=0.00020652700128393116
beamp=8 beamq=17 I=7.62929952513262e-5
beamp=9 beamq=17 I=3.796047529641204e-5
beamp=10 beamq=17 I=5.146747067480789e-5
beamp=11 beamq=17 I=2.547944914581351e-5
beamp=12 beamq=17 I=1.9158586483039816e-15
beamp=13 beamq=17 I=7.147279630916017e-5
beamp=14 beamq=17 I=3.030692768354039e-5
beamp=15 beamq=17 I=1.6947778868636537e-5
beamp=16 beamq=17 I=2.543562201394842e-5
beamp=17 beamq=17 I=1.3769308506028874e-5
beamp=18 beamq=17 I=2.27304114838849e-15
beamp=19 beamq=17 I=4.504951891854805e-5
beamp=20 beamq=17 I=2.0443804940222357e-5
beamp=21 beamq=17 I=1.2180182681604526e-5
beamp=22 beamq=17 I=1.9402574985091513e-5
beamp=23 beamq=17 I=1.1125166380290082e-5
beamp=24 beamq=17 I=4.239682245323524e-15
beamp=25 beamq=17 I=4.057457223762763e-5
beamp=26 beamq=17 I=1.9403992561537173e-5
beamp=27 beamq=17 I=1.2180783541539199e-5
beamp=28 beamq=17 I=2.0441703189570594e-5
beamp=29 beamq=17 I=1.2356665234671902e-5
beamp=30 beamq=17 I=1.7589203838367047e-14
beamp=31 beamq=17 I=5.023177233155884e-5
beamp=32 beamq=17 I=2.5442004597575214e-5
beamp=33 beamq=17 I=1.6948310509519926e-5
beamp=34 beamq=17 I=3.0303548170097748e-5
beamp=35 beamq=17 I=1.9589384578344886e-5
beamp=36 beamq=17 I=1.874886535268028e-14
beamp=37 beamq=17 I=9.293402116425648e-5
beamp=38 beamq=17 I=5.1459865827166646e-5
beamp=39 beamq=17 I=3.796203044439139e-5
beamp=40 beamq=17 I=7.629356702868427e-5
beamp=41 beamq=17 I=5.661931034509389e-5
beamp=42 beamq=17 I=4.1486917073749415e-14
beamp=43 beamq=17 I=0.00039101423963432906
beamp=44 beamq=17 I=0.0002847132735122876
beamp=45 beamq=17 I=0.00030787755877093915
beamp=46 beamq=17 I=0.0011196097556755353
beamp=47 beamq=17 I=0.002589556558380599
beamp=0 beamq=18 I=0.0012805932332048246
beamp=1 beamq=18 I=0.00012766484880945053
beamp=2 beamq=18 I=0.0011195273486766977
beamp=3 beamq=18 I=0.0003914142754382763
beamp=4 beamq=18 I=0.00028473365050462674
beamp=5 beamq=18 I=0.00013014960504502458
beamp=6 beamq=18 I=0.0
beamp=7 beamq=18 I=2.7917221986485216e-6
beamp=8 beamq=18 I=7.629383274190501e-5
beamp=9 beamq=18 I=4.826475966988038e-5
beamp=10 beamq=18 I=5.146823637027801e-5
beamp=11 beamq=18 I=3.093284479662188e-5
beamp=12 beamq=18 I=0.0
beamp=13 beamq=18 I=9.661352857205696e-7
beamp=14 beamq=18 I=3.030347078690672e-5
beamp=15 beamq=18 I=2.1548416159794066e-5
beamp=16 beamq=18 I=2.5431736663293992e-5
beamp=17 beamq=18 I=1.6717676585023273e-5
beamp=18 beamq=18 I=0.0
beamp=19 beamq=18 I=6.09001224472514e-7
beamp=20 beamq=18 I=2.0443027630583243e-5
beamp=21 beamq=18 I=1.548674871051428e-5
beamp=22 beamq=18 I=1.9404390214728513e-5
beamp=23 beamq=18 I=1.3505322392987844e-5
beamp=24 beamq=18 I=0.0
beamp=25 beamq=18 I=5.484665576344317e-7
beamp=26 beamq=18 I=1.940382797440511e-5
beamp=27 beamq=18 I=1.548674765394589e-5
beamp=28 beamq=18 I=2.044263130038901e-5
beamp=29 beamq=18 I=1.4997575763254123e-5
beamp=30 beamq=18 I=0.0
beamp=31 beamq=18 I=6.79106445132417e-7
beamp=32 beamq=18 I=2.5431118140942962e-5
beamp=33 beamq=18 I=2.154841592126272e-5
beamp=34 beamq=18 I=3.0303783772367023e-5
beamp=35 beamq=18 I=2.3789563072967937e-5
beamp=36 beamq=18 I=0.0
beamp=37 beamq=18 I=1.2562432182483475e-6
beamp=38 beamq=18 I=5.146718091968177e-5
beamp=39 beamq=18 I=4.8264766395163685e-5
beamp=40 beamq=18 I=7.629456551895846e-5
beamp=41 beamq=18 I=6.87430712854434e-5
beamp=42 beamq=18 I=0.0
beamp=43 beamq=18 I=5.285224512651321e-6
beamp=44 beamq=18 I=0.00028473251415103457
beamp=45 beamq=18 I=0.00039141428134552254
beamp=46 beamq=18 I=0.0011195280135118976
beamp=47 beamq=18 I=0.0031437286223843443
beamp=0 beamq=19 I=0.007701479217272617
beamp=1 beamq=19 I=0.00806784049994476
beamp=2 beamq=19 I=0.0011195298513410707
beamp=3 beamq=19 I=0.000469013699647893
beamp=4 beamq=19 I=0.00028473128635092874
beamp=5 beamq=19 I=3.702932626247095e-5
beamp=6 beamq=19 I=8.388167276659336e-15
beamp=7 beamq=19 I=0.0001764175682173086
beamp=8 beamq=19 I=7.629333183099544e-5
beamp=9 beamq=19 I=5.783363552901787e-5
beamp=10 beamq=19 I=5.146790949943571e-5
beamp=11 beamq=19 I=8.800739285411802e-6
beamp=12 beamq=19 I=3.497596680234032e-15
beamp=13 beamq=19 I=6.105402348850249e-5
beamp=14 beamq=19 I=3.0303999660404816e-5
beamp=15 beamq=19 I=2.5820642570116416e-5
beamp=16 beamq=19 I=2.5435270735300843e-5
beamp=17 beamq=19 I=4.7569776982775665e-6
beamp=18 beamq=19 I=1.507046666641166e-15
beamp=19 beamq=19 I=3.84875570860921e-5
beamp=20 beamq=19 I=2.0442999441427485e-5
beamp=21 beamq=19 I=1.8557445824827395e-5
beamp=22 beamq=19 I=1.940353904578775e-5
beamp=23 beamq=19 I=3.8421599316416095e-6
beamp=24 beamq=19 I=8.776842461722759e-16
beamp=25 beamq=19 I=3.465959063838644e-5
beamp=26 beamq=19 I=1.9404249716559706e-5
beamp=27 beamq=19 I=1.8557686936426496e-5
beamp=28 beamq=19 I=2.0443601320924295e-5
beamp=29 beamq=19 I=4.267085768091745e-6
beamp=30 beamq=19 I=9.537026297451918e-16
beamp=31 beamq=19 I=4.290334618230833e-5
beamp=32 beamq=19 I=2.542953874268826e-5
beamp=33 beamq=19 I=2.582063957830095e-5
beamp=34 beamq=19 I=3.030257077150334e-5
beamp=35 beamq=19 I=6.7694684719267e-6
beamp=36 beamq=19 I=4.128935510913182e-15
beamp=37 beamq=19 I=7.93858303592967e-5
beamp=38 beamq=19 I=5.14685631909255e-5
beamp=39 beamq=19 I=5.783341660528518e-5
beamp=40 beamq=19 I=7.629323913263718e-5
beamp=41 beamq=19 I=1.9559250396018112e-5
beamp=42 beamq=19 I=1.3029427842276124e-14
beamp=43 beamq=19 I=0.0003340053873004393
beamp=44 beamq=19 I=0.00028474067312103625
beamp=45 beamq=19 I=0.00046900867371945087
beamp=46 beamq=19 I=0.0011195127655458646
beamp=47 beamq=19 I=0.0008944306809439894
beamp=0 beamq=20 I=0.0032865704378788963
beamp=1 beamq=20 I=0.0009032301219055506
beamp=2 beamq=20 I=0.0011195279807846904
beamp=3 beamq=20 I=0.00017903975314659823
beamp=4 beamq=20 I=0.0002847334401997861
beamp=5 beamq=20 I=0.00019343736557290476
beamp=6 beamq=20 I=5.036774130007711e-15
beamp=7 beamq=20 I=1.9750738972462946e-5
beamp=8 beamq=20 I=7.629391456140627e-5
beamp=9 beamq=20 I=2.2077526394644527e-5
beamp=10 beamq=20 I=5.146772002473182e-5
beamp=11 beamq=20 I=4.597326047880728e-5
beamp=12 beamq=20 I=1.7031009126126465e-16
beamp=13 beamq=20 I=6.8349883713006154e-6
beamp=14 beamq=20 I=3.030316304574992e-5
beamp=15 beamq=20 I=9.856794346056307e-6
beamp=16 beamq=20 I=2.543064587325685e-5
beamp=17 beamq=20 I=2.4848316650790898e-5
beamp=18 beamq=20 I=2.8641007389825405e-17
beamp=19 beamq=20 I=4.308357453265136e-6
beamp=20 beamq=20 I=2.0443177408836916e-5
beamp=21 beamq=20 I=7.08408385953326e-6
beamp=22 beamq=20 I=1.940489875488464e-5
beamp=23 beamq=20 I=2.0073573618426764e-5
beamp=24 beamq=20 I=2.352041087935741e-16
beamp=25 beamq=20 I=3.8802586193809944e-6
beamp=26 beamq=20 I=1.940374267749693e-5
beamp=27 beamq=20 I=7.084022409005982e-6
beamp=28 beamq=20 I=2.0442689176754725e-5
beamp=29 beamq=20 I=2.2290788158607774e-5
beamp=30 beamq=20 I=1.573403227729068e-15
beamp=31 beamq=20 I=4.802140013271078e-6
beamp=32 beamq=20 I=2.5429131496744588e-5
beamp=33 beamq=20 I=9.856984680173657e-6
beamp=34 beamq=20 I=3.03043159991464e-5
beamp=35 beamq=20 I=3.535664329583104e-5
beamp=36 beamq=20 I=4.666586850739691e-16
beamp=37 beamq=20 I=8.887565345796361e-6
beamp=38 beamq=20 I=5.146571564969996e-5
beamp=39 beamq=20 I=2.2076685523051197e-5
beamp=40 beamq=20 I=7.629510479915133e-5
beamp=41 beamq=20 I=0.00010216815830510773
beamp=42 beamq=20 I=1.5856750410688882e-14
beamp=43 beamq=20 I=3.739491140774436e-5
beamp=44 beamq=20 I=0.00028473599773126885
beamp=45 beamq=20 I=0.00017903804935552137
beamp=46 beamq=20 I=0.0011195397714323192
beamp=47 beamq=20 I=0.0046724423506264625
beamp=0 beamq=21 I=0.004210937527283482
beamp=1 beamq=21 I=0.005444123998662308
beamp=2 beamq=21 I=0.001119527753731738
beamp=3 beamq=21 I=0.000592898233248515
beamp=4 beamq=21 I=0.0002847330187850357
beamp=5 beamq=21 I=2.2798023709571173e-6
beamp=6 beamq=21 I=0.0
beamp=7 beamq=21 I=0.00011904478288543143
beamp=8 beamq=21 I=7.629402393123563e-5
beamp=9 beamq=21 I=7.310947024904632e-5
beamp=10 beamq=21 I=5.14680742269184e-5
beamp=11 beamq=21 I=5.41834977413766e-7
beamp=12 beamq=21 I=0.0
beamp=13 beamq=21 I=4.1198138920379724e-5
beamp=14 beamq=21 I=3.0303661778958904e-5
beamp=15 beamq=21 I=3.264064915344052e-5
beamp=16 beamq=21 I=2.54318791241435e-5
beamp=17 beamq=21 I=2.9286061345786826e-7
beamp=18 beamq=21 I=0.0
beamp=19 beamq=21 I=2.5971177110603248e-5
beamp=20 beamq=21 I=2.044327953075012e-5
beamp=21 beamq=21 I=2.345867750248633e-5
beamp=22 beamq=21 I=1.9404378562281616e-5
beamp=23 beamq=21 I=2.36554545634857e-7
beamp=24 beamq=21 I=0.0
beamp=25 beamq=21 I=2.3388091164608523e-5
beamp=26 beamq=21 I=1.9403813502145913e-5
beamp=27 beamq=21 I=2.3458700825219416e-5
beamp=28 beamq=21 I=2.0443654421041636e-5
beamp=29 beamq=21 I=2.6269311475013486e-7
beamp=30 beamq=21 I=0.0
beamp=31 beamq=21 I=2.8952177517943186e-5
beamp=32 beamq=21 I=2.543130594529834e-5
beamp=33 beamq=21 I=3.264065900555341e-5
beamp=34 beamq=21 I=3.0303962647543687e-5
beamp=35 beamq=21 I=4.167538439602025e-7
beamp=36 beamq=21 I=0.0
beamp=37 beamq=21 I=5.356676239372371e-5
beamp=38 beamq=21 I=5.146770681418282e-5
beamp=39 beamq=21 I=7.310948220821306e-5
beamp=40 beamq=21 I=7.62953011963662e-5
beamp=41 beamq=21 I=1.2042431675335192e-6
beamp=42 beamq=21 I=0.0
beamp=43 beamq=21 I=0.00022538593785860185
beamp=44 beamq=21 I=0.0002847326226776272
beamp=45 beamq=21 I=0.000592898258678302
beamp=46 beamq=21 I=0.0011195312617742334
beamp=47 beamq=21 I=5.5067911138301166e-5
beamp=0 beamq=22 I=0.005557452123604271
beamp=1 beamq=22 I=0.0027314184109108993
beamp=2 beamq=22 I=0.0011195259683407174
beamp=3 beamq=22 I=4.553538706083657e-5
beamp=4 beamq=22 I=0.00028473291530182587
beamp=5 beamq=22 I=0.0002158975219904128
beamp=6 beamq=22 I=1.3828095208242203e-16
beamp=7 beamq=22 I=5.972743956429424e-5
beamp=8 beamq=22 I=7.629351649284743e-5
beamp=9 beamq=22 I=5.614950898218474e-6
beamp=10 beamq=22 I=5.146835719621254e-5
beamp=11 beamq=22 I=5.1312745659290795e-5
beamp=12 beamq=22 I=5.25318540114487e-16
beamp=13 beamq=22 I=2.0669385010592623e-5
beamp=14 beamq=22 I=3.030283928527362e-5
beamp=15 beamq=22 I=2.5067639688090554e-6
beamp=16 beamq=22 I=2.5433082517616958e-5
beamp=17 beamq=22 I=2.773331926472893e-5
beamp=18 beamq=22 I=1.5596700002109183e-15
beamp=19 beamq=22 I=1.302891794626982e-5
beamp=20 beamq=22 I=2.04422744725395e-5
beamp=21 beamq=22 I=1.801582018534203e-6
beamp=22 beamq=22 I=1.940441181532144e-5
beamp=23 beamq=22 I=2.2403358823197204e-5
beamp=24 beamq=22 I=9.871886655933118e-16
beamp=25 beamq=22 I=1.1733941420864976e-5
beamp=26 beamq=22 I=1.9403759132538562e-5
beamp=27 beamq=22 I=1.8016761518345384e-6
beamp=28 beamq=22 I=2.044268894665242e-5
beamp=29 beamq=22 I=2.4877110560392316e-5
beamp=30 beamq=22 I=5.883174625994728e-15
beamp=31 beamq=22 I=1.452759760770635e-5
beamp=32 beamq=22 I=2.543334666357975e-5
beamp=33 beamq=22 I=2.5067807661549107e-6
beamp=34 beamq=22 I=3.030041071382197e-5
beamp=35 beamq=22 I=3.9463077864905284e-5
beamp=36 beamq=22 I=3.0669594829636307e-15
beamp=37 beamq=22 I=2.68741236348859e-5
beamp=38 beamq=22 I=5.146790218969353e-5
beamp=39 beamq=22 I=5.6151554466739456e-6
beamp=40 beamq=22 I=7.629218837442933e-5
beamp=41 beamq=22 I=0.00011403471055173507
beamp=42 beamq=22 I=5.8477573550268685e-15
beamp=43 beamq=22 I=0.00011308186501508857
beamp=44 beamq=22 I=0.00028473179814400605
beamp=45 beamq=22 I=4.5535826964210804e-5
beamp=46 beamq=22 I=0.0011195173438745855
beamp=47 beamq=22 I=0.005214910806162776
beamp=0 beamq=23 I=0.001938288145715658
beamp=1 beamq=23 I=0.0026357079617193345
beamp=2 beamq=23 I=0.0011195293024395731
beamp=3 beamq=23 I=0.0006596193228490004
beamp=4 beamq=23 I=0.000284733036862856
beamp=5 beamq=23 I=2.6483200144714418e-5
beamp=6 beamq=23 I=2.5162525419767745e-16
beamp=7 beamq=23 I=5.763482327245876e-5
beamp=8 beamq=23 I=7.629408009342038e-5
beamp=9 beamq=23 I=8.133678903630084e-5
beamp=10 beamq=23 I=5.14678405289552e-5
beamp=11 beamq=23 I=6.294724762795334e-6
beamp=12 beamq=23 I=9.529741814105531e-16
beamp=13 beamq=23 I=1.9945756831646486e-5
beamp=14 beamq=23 I=3.030330651999491e-5
beamp=15 beamq=23 I=3.6313771507162046e-5
beamp=16 beamq=23 I=2.5433554771090454e-5
beamp=17 beamq=23 I=3.400798220450248e-6
beamp=18 beamq=23 I=2.1795400047842453e-15
beamp=19 beamq=23 I=1.2572892549066497e-5
beamp=20 beamq=23 I=2.0443750763687527e-5
beamp=21 beamq=23 I=2.609866758283882e-5
beamp=22 beamq=23 I=1.9405058453477364e-5
beamp=23 beamq=23 I=2.7478648029966397e-6
beamp=24 beamq=23 I=1.5246141299672202e-15
beamp=25 beamq=23 I=1.1322422463277276e-5
beamp=26 beamq=23 I=1.9403658792788517e-5
beamp=27 beamq=23 I=2.6098942247230415e-5
beamp=28 beamq=23 I=2.044280385934094e-5
beamp=29 beamq=23 I=3.0514604508835615e-6
beamp=30 beamq=23 I=2.8827354638221352e-15
beamp=31 beamq=23 I=1.401696369264684e-5
beamp=32 beamq=23 I=2.542884885694989e-5
beamp=33 beamq=23 I=3.6314765543268824e-5
beamp=34 beamq=23 I=3.0306431935701447e-5
beamp=35 beamq=23 I=4.840574990843966e-6
beamp=36 beamq=23 I=2.5451295892145683e-14
beamp=37 beamq=23 I=2.59333267243396e-5
beamp=38 beamq=23 I=5.1466540495394546e-5
beamp=39 beamq=23 I=8.13361143644163e-5
beamp=40 beamq=23 I=7.629558643665422e-5
beamp=41 beamq=23 I=1.3988478427523024e-5
beamp=42 beamq=23 I=1.2704059899690487e-14
beamp=43 beamq=23 I=0.00010911725515286878
beamp=44 beamq=23 I=0.0002847340079264717
beamp=45 beamq=23 I=0.0006596297760389729
beamp=46 beamq=23 I=0.0011195238443241088
beamp=47 beamq=23 I=0.0006396910997160598
beamp=0 beamq=24 I=0.006510416666666666
beamp=1 beamq=24 I=0.00445895467917899
beamp=2 beamq=24 I=0.0011195268905042637
beamp=3 beamq=24 I=0.0
beamp=4 beamq=24 I=0.00028473345210872634
beamp=5 beamq=24 I=0.0001845997248332825
beamp=6 beamq=24 I=0.0
beamp=7 beamq=24 I=9.750325480870507e-5
beamp=8 beamq=24 I=7.629351136170679e-5
beamp=9 beamq=24 I=0.0
beamp=10 beamq=24 I=5.1468058690555694e-5
beamp=11 beamq=24 I=4.387349914338626e-5
beamp=12 beamq=24 I=0.0
beamp=13 beamq=24 I=3.374324938236807e-5
beamp=14 beamq=24 I=3.030337706281964e-5
beamp=15 beamq=24 I=0.0
beamp=16 beamq=24 I=2.543191853082806e-5
beamp=17 beamq=24 I=2.3712197350023035e-5
beamp=18 beamq=24 I=0.0
beamp=19 beamq=24 I=2.1271082376028172e-5
beamp=20 beamq=24 I=2.0442953897163066e-5
beamp=21 beamq=24 I=0.0
beamp=22 beamq=24 I=1.9404399897181063e-5
beamp=23 beamq=24 I=1.9155587682231115e-5
beamp=24 beamq=24 I=0.0
beamp=25 beamq=24 I=1.915590914739903e-5
beamp=26 beamq=24 I=1.940403081664925e-5
beamp=27 beamq=24 I=0.0
beamp=28 beamq=24 I=2.044280490223462e-5
beamp=29 beamq=24 I=2.1271992281238195e-5
beamp=30 beamq=24 I=0.0
beamp=31 beamq=24 I=2.3713772305388073e-5
beamp=32 beamq=24 I=2.5431025491837073e-5
beamp=33 beamq=24 I=0.0
beamp=34 beamq=24 I=3.030344920096945e-5
beamp=35 beamq=24 I=3.374384921618912e-5
beamp=36 beamq=24 I=0.0
beamp=37 beamq=24 I=4.387378585390663e-5
beamp=38 beamq=24 I=5.146812820361111e-5
beamp=39 beamq=24 I=0.0
beamp=40 beamq=24 I=7.629516165004735e-5
beamp=41 beamq=24 I=9.750196971452239e-5
beamp=42 beamq=24 I=0.0
beamp=43 beamq=24 I=0.00018459976017663038
beamp=44 beamq=24 I=0.00028473290798187447
beamp=45 beamq=24 I=0.0
beamp=46 beamq=24 I=0.0011195241870076344
beamp=47 beamq=24 I=0.004458955513808769
beamp=0 beamq=25 I=0.001938333406401271
beamp=1 beamq=25 I=0.0006397021143462896
beamp=2 beamq=25 I=0.0011195279434455742
beamp=3 beamq=25 I=0.0006596309489289862
beamp=4 beamq=25 I=0.00028473187109043544
beamp=5 beamq=25 I=0.00010911853043143214
beamp=6 beamq=25 I=3.5038929584752887e-16
beamp=7 beamq=25 I=1.3988256376869703e-5
beamp=8 beamq=25 I=7.629384468723552e-5
beamp=9 beamq=25 I=8.13383379367065e-5
beamp=10 beamq=25 I=5.146841094636317e-5
beamp=11 beamq=25 I=2.5933519322116225e-5
beamp=12 beamq=25 I=1.1095058700631478e-15
beamp=13 beamq=25 I=4.840837449062373e-6
beamp=14 beamq=25 I=3.0303880977085104e-5
beamp=15 beamq=25 I=3.631450640376435e-5
beamp=16 beamq=25 I=2.5430973583863426e-5
beamp=17 beamq=25 I=1.4017807065932117e-5
beamp=18 beamq=25 I=2.591356129966656e-17
beamp=19 beamq=25 I=3.051790200520378e-6
beamp=20 beamq=25 I=2.0443421040439154e-5
beamp=21 beamq=25 I=2.6099098109613446e-5
beamp=22 beamq=25 I=1.940386846670847e-5
beamp=23 beamq=25 I=1.132342986760786e-5
beamp=24 beamq=25 I=4.3458437080460634e-17
beamp=25 beamq=25 I=2.7486021175931393e-6
beamp=26 beamq=25 I=1.9404071096139636e-5
beamp=27 beamq=25 I=2.6099179525417033e-5
beamp=28 beamq=25 I=2.0442671643335873e-5
beamp=29 beamq=25 I=1.2573435666885636e-5
beamp=30 beamq=25 I=2.548439793972438e-16
beamp=31 beamq=25 I=3.4022539823878396e-6
beamp=32 beamq=25 I=2.5432111390470212e-5
beamp=33 beamq=25 I=3.6315132383736196e-5
beamp=34 beamq=25 I=3.030382961703601e-5
beamp=35 beamq=25 I=1.9946679859889917e-5
beamp=36 beamq=25 I=2.4234815407730634e-14
beamp=37 beamq=25 I=6.29444737130159e-6
beamp=38 beamq=25 I=5.146826462160175e-5
beamp=39 beamq=25 I=8.133922613677645e-5
beamp=40 beamq=25 I=7.629375819212913e-5
beamp=41 beamq=25 I=5.7635101008450735e-5
beamp=42 beamq=25 I=2.1716851859200403e-15
beamp=43 beamq=25 I=2.648325642698563e-5
beamp=44 beamq=25 I=0.00028473034373630815
beamp=45 beamq=25 I=0.0006596217700808086
beamp=46 beamq=25 I=0.0011195306305341914
beamp=47 beamq=25 I=0.0026357293524608178
beamp=0 beamq=26 I=0.005557523974972438
beamp=1 beamq=26 I=0.005214999674482716
beamp=2 beamq=26 I=0.0011195312083710023
beamp=3 beamq=26 I=4.5534462165750306e-5
beamp=4 beamq=26 I=0.0002847331212426537
beamp=5 beamq=26 I=0.00011308150363709932
beamp=6 beamq=26 I=1.0325444564756221e-15
beamp=7 beamq=26 I=0.00011403605074412666
beamp=8 beamq=26 I=7.629431977186632e-5
beamp=9 beamq=26 I=5.614931503828505e-6
beamp=10 beamq=26 I=5.1468545069577245e-5
beamp=11 beamq=26 I=2.687585183902002e-5
beamp=12 beamq=26 I=1.6881931327409707e-15
beamp=13 beamq=26 I=3.946498201089447e-5
beamp=14 beamq=26 I=3.030279881782268e-5
beamp=15 beamq=26 I=2.5067773353853067e-6
beamp=16 beamq=26 I=2.5432188629314462e-5
beamp=17 beamq=26 I=1.4525936900005774e-5
beamp=18 beamq=26 I=1.7998885440522377e-15
beamp=19 beamq=26 I=2.487802221986202e-5
beamp=20 beamq=26 I=2.0443052260250286e-5
beamp=21 beamq=26 I=1.8014652916307969e-6
beamp=22 beamq=26 I=1.9404666637785277e-5
beamp=23 beamq=26 I=1.1733921215364488e-5
beamp=24 beamq=26 I=1.3448624447872277e-15
beamp=25 beamq=26 I=2.2404017581637888e-5
beamp=26 beamq=26 I=1.9404304413746647e-5
beamp=27 beamq=26 I=1.8015319189034284e-6
beamp=28 beamq=26 I=2.044294984671494e-5
beamp=29 beamq=26 I=1.303167049287638e-5
beamp=30 beamq=26 I=7.356402090495188e-15
beamp=31 beamq=26 I=2.7730462534503588e-5
beamp=32 beamq=26 I=2.5427795730887556e-5
beamp=33 beamq=26 I=2.5067030913185792e-6
beamp=34 beamq=26 I=3.03044280441641e-5
beamp=35 beamq=26 I=2.0670708680276934e-5
beamp=36 beamq=26 I=2.251564910355173e-14
beamp=37 beamq=26 I=5.1313862438242595e-5
beamp=38 beamq=26 I=5.1467867368307305e-5
beamp=39 beamq=26 I=5.614512721947197e-6
beamp=40 beamq=26 I=7.629590447878697e-5
beamp=41 beamq=26 I=5.972702469882822e-5
beamp=42 beamq=26 I=9.023500714717737e-14
beamp=43 beamq=26 I=0.00021590244340433196
beamp=44 beamq=26 I=0.000284730159100222
beamp=45 beamq=26 I=4.553822153715808e-5
beamp=46 beamq=26 I=0.001119553104198638
beamp=47 beamq=26 I=0.0027314941019375132
beamp=0 beamq=27 I=0.004210937527283482
beamp=1 beamq=27 I=5.506673085433204e-5
beamp=2 beamq=27 I=0.0011195273117194223
beamp=3 beamq=27 I=0.000592898258678302
beamp=4 beamq=27 I=0.0002847329354379203
beamp=5 beamq=27 I=0.00022538563345586346
beamp=6 beamq=27 I=0.0
beamp=7 beamq=27 I=1.2041057386918892e-6
beamp=8 beamq=27 I=7.629425664932603e-5
beamp=9 beamq=27 I=7.310948220821306e-5
beamp=10 beamq=27 I=5.1468249630897404e-5
beamp=11 beamq=27 I=5.356741783071909e-5
beamp=12 beamq=27 I=0.0
beamp=13 beamq=27 I=4.166504497706471e-7
beamp=14 beamq=27 I=3.0303199108926345e-5
beamp=15 beamq=27 I=3.264065900555341e-5
beamp=16 beamq=27 I=2.5431553143129866e-5
beamp=17 beamq=27 I=2.895069259989844e-5
beamp=18 beamq=27 I=0.0
beamp=19 beamq=27 I=2.6268167850871456e-7
beamp=20 beamq=27 I=2.044299224515789e-5
beamp=21 beamq=27 I=2.3458700825219416e-5
beamp=22 beamq=27 I=1.9404602952847175e-5
beamp=23 beamq=27 I=2.3387685560629267e-5
beamp=24 beamq=27 I=0.0
beamp=25 beamq=27 I=2.3654633220017744e-7
beamp=26 beamq=27 I=1.9403894607480486e-5
beamp=27 beamq=27 I=2.345867750248633e-5
beamp=28 beamq=27 I=2.0442641846591533e-5
beamp=29 beamq=27 I=2.5971782776122397e-5
beamp=30 beamq=27 I=0.0
beamp=31 beamq=27 I=2.927069595456912e-7
beamp=32 beamq=27 I=2.5430622759417177e-5
beamp=33 beamq=27 I=3.264064915344052e-5
beamp=34 beamq=27 I=3.0303096839662372e-5
beamp=35 beamq=27 I=4.119795440329767e-5
beamp=36 beamq=27 I=0.0
beamp=37 beamq=27 I=5.418661816605523e-7
beamp=38 beamq=27 I=5.1467424702643103e-5
beamp=39 beamq=27 I=7.310947024904632e-5
beamp=40 beamq=27 I=7.629507857649737e-5
beamp=41 beamq=27 I=0.00011904517484695326
beamp=42 beamq=27 I=0.0
beamp=43 beamq=27 I=2.279847781189585e-6
beamp=44 beamq=27 I=0.0002847351526513291
beamp=45 beamq=27 I=0.000592898233248515
beamp=46 beamq=27 I=0.001119527291253506
beamp=47 beamq=27 I=0.005444115767635352
beamp=0 beamq=28 I=0.0032865433800235433
beamp=1 beamq=28 I=0.004672414528013701
beamp=2 beamq=28 I=0.0011195285728503555
beamp=3 beamq=28 I=0.00017904512272952835
beamp=4 beamq=28 I=0.00028473317716827464
beamp=5 beamq=28 I=3.7392308895301506e-5
beamp=6 beamq=28 I=4.139574244730696e-15
beamp=7 beamq=28 I=0.00010217103725758208
beamp=8 beamq=28 I=7.629371855669351e-5
beamp=9 beamq=28 I=2.2078019385336897e-5
beamp=10 beamq=28 I=5.1468870404087756e-5
beamp=11 beamq=28 I=8.887175065676851e-6
beamp=12 beamq=28 I=3.0687438990391796e-15
beamp=13 beamq=28 I=3.535775912573287e-5
beamp=14 beamq=28 I=3.0303494164980218e-5
beamp=15 beamq=28 I=9.857367549749997e-6
beamp=16 beamq=28 I=2.542762612736597e-5
beamp=17 beamq=28 I=4.802899985968062e-6
beamp=18 beamq=28 I=3.913653617039029e-15
beamp=19 beamq=28 I=2.2289749420702425e-5
beamp=20 beamq=28 I=2.0442520361319733e-5
beamp=21 beamq=28 I=7.084643465053555e-6
beamp=22 beamq=28 I=1.9404352107117415e-5
beamp=23 beamq=28 I=3.87983997275052e-6
beamp=24 beamq=28 I=3.057201663411261e-15
beamp=25 beamq=28 I=2.0072768629456046e-5
beamp=26 beamq=28 I=1.9402620756931516e-5
beamp=27 beamq=28 I=7.084348818300185e-6
beamp=28 beamq=28 I=2.044242568810861e-5
beamp=29 beamq=28 I=4.308602317966896e-6
beamp=30 beamq=28 I=9.889053190330806e-16
beamp=31 beamq=28 I=2.4851534522222098e-5
beamp=32 beamq=28 I=2.5436074638602887e-5
beamp=33 beamq=28 I=9.856888283270702e-6
beamp=34 beamq=28 I=3.029988644812716e-5
beamp=35 beamq=28 I=6.835680061063993e-6
beamp=36 beamq=28 I=1.9966712383583567e-15
beamp=37 beamq=28 I=4.5972403812436275e-5
beamp=38 beamq=28 I=5.1468772680262786e-5
beamp=39 beamq=28 I=2.207648981862772e-5
beamp=40 beamq=28 I=7.629290051578723e-5
beamp=41 beamq=28 I=1.9750426002907614e-5
beamp=42 beamq=28 I=4.9458818478810094e-15
beamp=43 beamq=28 I=0.00019343472227184756
beamp=44 beamq=28 I=0.000284734578454129
beamp=45 beamq=28 I=0.00017903794317641674
beamp=46 beamq=28 I=0.0011195181085042396
beamp=47 beamq=28 I=0.0009031980777346726
beamp=0 beamq=29 I=0.0077017095358781085
beamp=1 beamq=29 I=0.0008944688393592605
beamp=2 beamq=29 I=0.0011195262477058075
beamp=3 beamq=29 I=0.00046903542316893595
beamp=4 beamq=29 I=0.0002847321344394249
beamp=5 beamq=29 I=0.0003340128971853263
beamp=6 beamq=29 I=2.9190336490551396e-15
beamp=7 beamq=29 I=1.955904493685046e-5
beamp=8 beamq=29 I=7.629427112404937e-5
beamp=9 beamq=29 I=5.783739753871822e-5
beamp=10 beamq=29 I=5.1467893557223555e-5
beamp=11 beamq=29 I=7.938352904541213e-5
beamp=12 beamq=29 I=2.7535234111616494e-15
beamp=13 beamq=29 I=6.7682108974015714e-6
beamp=14 beamq=29 I=3.030073264607785e-5
beamp=15 beamq=29 I=2.5822619292063267e-5
beamp=16 beamq=29 I=2.5433753607998327e-5
beamp=17 beamq=29 I=4.2909604197787286e-5
beamp=18 beamq=29 I=7.25061332226944e-15
beamp=19 beamq=29 I=4.267119609867613e-6
beamp=20 beamq=29 I=2.0442581973184797e-5
beamp=21 beamq=29 I=1.855850321453072e-5
beamp=22 beamq=29 I=1.94037746351218e-5
beamp=23 beamq=29 I=3.4660820096923825e-5
beamp=24 beamq=29 I=3.0991015598687737e-15
beamp=25 beamq=29 I=3.842629673606176e-6
beamp=26 beamq=29 I=1.9404434802439817e-5
beamp=27 beamq=29 I=1.8558613275546853e-5
beamp=28 beamq=29 I=2.0441371164157117e-5
beamp=29 beamq=29 I=3.849263439187088e-5
beamp=30 beamq=29 I=7.0648702907092024e-15
beamp=31 beamq=29 I=4.754202834247461e-6
beamp=32 beamq=29 I=2.5424910695674606e-5
beamp=33 beamq=29 I=2.5821973703794906e-5
beamp=34 beamq=29 I=3.0302851141411283e-5
beamp=35 beamq=29 I=6.10554976553872e-5
beamp=36 beamq=29 I=1.0664285978089516e-14
beamp=37 beamq=29 I=8.801284488169046e-6
beamp=38 beamq=29 I=5.1470381741126374e-5
beamp=39 beamq=29 I=5.783567182990992e-5
beamp=40 beamq=29 I=7.62952866838431e-5
beamp=41 beamq=29 I=0.00017642116758893487
beamp=42 beamq=29 I=2.701837460720192e-14
beamp=43 beamq=29 I=3.703017167567723e-5
beamp=44 beamq=29 I=0.00028473683931186714
beamp=45 beamq=29 I=0.00046902125328268597
beamp=46 beamq=29 I=0.0011195721362766667
beamp=47 beamq=29 I=0.00806811190299048
beamp=0 beamq=30 I=0.0012805932332048246
beamp=1 beamq=30 I=0.0031437372797394354
beamp=2 beamq=30 I=0.0011195277724136915
beamp=3 beamq=30 I=0.00039141428134552254
beamp=4 beamq=30 I=0.0002847330547466474
beamp=5 beamq=30 I=5.285393747947715e-6
beamp=6 beamq=30 I=0.0
beamp=7 beamq=30 I=6.874354073406206e-5
beamp=8 beamq=30 I=7.629354922064732e-5
beamp=9 beamq=30 I=4.8264766395163685e-5
beamp=10 beamq=30 I=5.1467531894146464e-5
beamp=11 beamq=30 I=1.2562600192296171e-6
beamp=12 beamq=30 I=0.0
beamp=13 beamq=30 I=2.379054543368936e-5
beamp=14 beamq=30 I=3.0303293815644572e-5
beamp=15 beamq=30 I=2.154841592126272e-5
beamp=16 beamq=30 I=2.5431525502042906e-5
beamp=17 beamq=30 I=6.788493868551649e-7
beamp=18 beamq=30 I=0.0
beamp=19 beamq=30 I=1.4997171719682997e-5
beamp=20 beamq=30 I=2.044325061644551e-5
beamp=21 beamq=30 I=1.548674765394589e-5
beamp=22 beamq=30 I=1.9404147443892323e-5
beamp=23 beamq=30 I=5.484390333834068e-7
beamp=24 beamq=30 I=0.0
beamp=25 beamq=30 I=1.3505256875387281e-5
beamp=26 beamq=30 I=1.9404000368938542e-5
beamp=27 beamq=30 I=1.548674871051428e-5
beamp=28 beamq=30 I=2.0442531427336092e-5
beamp=29 beamq=30 I=6.09160056607394e-7
beamp=30 beamq=30 I=0.0
beamp=31 beamq=30 I=1.6718655513066016e-5
beamp=32 beamq=30 I=2.5430540146061256e-5
beamp=33 beamq=30 I=2.1548416159794066e-5
beamp=34 beamq=30 I=3.030350781780624e-5
beamp=35 beamq=30 I=9.660763321405012e-7
beamp=36 beamq=30 I=0.0
beamp=37 beamq=30 I=3.093307105607847e-5
beamp=38 beamq=30 I=5.146749420561242e-5
beamp=39 beamq=30 I=4.826475966988038e-5
beamp=40 beamq=30 I=7.629581447760164e-5
beamp=41 beamq=30 I=2.7919815106593823e-6
beamp=42 beamq=30 I=0.0
beamp=43 beamq=30 I=0.0001301489493369178
beamp=44 beamq=30 I=0.00028473486790516747
beamp=45 beamq=30 I=0.0003914142754382763
beamp=46 beamq=30 I=0.0011195264165726638
beamp=47 beamq=30 I=0.00012766350567579022
beamp=0 beamq=31 I=0.010672925649402388
beamp=1 beamq=31 I=0.0025895583753208135
beamp=2 beamq=31 I=0.001119527105943794
beamp=3 beamq=31 I=0.00030784134215691933
beamp=4 beamq=31 I=0.000284733392980471
beamp=5 beamq=31 I=0.0003910110361563262
beamp=6 beamq=31 I=4.9946709456428575e-17
beamp=7 beamq=31 I=5.662578653565495e-5
beamp=8 beamq=31 I=7.62945081843199e-5
beamp=9 beamq=31 I=3.7959555209606026e-5
beamp=10 beamq=31 I=5.1467323551984765e-5
beamp=11 beamq=31 I=9.292926451314453e-5
beamp=12 beamq=31 I=1.1237089185227079e-14
beamp=13 beamq=31 I=1.9599706184690728e-5
beamp=14 beamq=31 I=3.02989541071094e-5
beamp=15 beamq=31 I=1.6947058836245526e-5
beamp=16 beamq=31 I=2.5424933062656187e-5
beamp=17 beamq=31 I=5.0224889612086496e-5
beamp=18 beamq=31 I=6.293669379779422e-15
beamp=19 beamq=31 I=1.235435683966252e-5
beamp=20 beamq=31 I=2.0441137550228453e-5
beamp=21 beamq=31 I=1.2179766128810052e-5
beamp=22 beamq=31 I=1.9404580402205463e-5
beamp=23 beamq=31 I=4.057105123114632e-5
beamp=24 beamq=31 I=2.9334219153858326e-15
beamp=25 beamq=31 I=1.1126056239024696e-5
beamp=26 beamq=31 I=1.940498390379204e-5
beamp=27 beamq=31 I=1.2179593138242345e-5
beamp=28 beamq=31 I=2.0444325955661364e-5
beamp=29 beamq=31 I=4.505555076081851e-5
beamp=30 beamq=31 I=5.479111675722852e-15
beamp=31 beamq=31 I=1.377496498119363e-5
beamp=32 beamq=31 I=2.542236557043227e-5
beamp=33 beamq=31 I=1.6947280823878974e-5
beamp=34 beamq=31 I=3.0295556659166848e-5
beamp=35 beamq=31 I=7.148048962745006e-5
beamp=36 beamq=31 I=1.911887193158622e-14
beamp=37 beamq=31 I=2.547864480302864e-5
beamp=38 beamq=31 I=5.1472159100404466e-5
beamp=39 beamq=31 I=3.7958994924242864e-5
beamp=40 beamq=31 I=7.6292785940854e-5
beamp=41 beamq=31 I=0.000206530974855091
beamp=42 beamq=31 I=8.678095360731852e-14
beamp=43 beamq=31 I=0.00010720564071230193
beamp=44 beamq=31 I=0.0002847430824960096
beamp=45 beamq=31 I=0.00030785651337335523
beamp=46 beamq=31 I=0.0011194575533725942
beamp=47 beamq=31 I=0.009444731514294024
beamp=0 beamq=32 I=0.0016276780912358756
beamp=1 beamq=32 I=0.0014863419721387085
beamp=2 beamq=32 I=0.0011195270166283037
beamp=3 beamq=32 I=0.0006681941040334964
beamp=4 beamq=32 I=0.000284733379838822
beamp=5 beamq=32 I=6.153410291054556e-5
beamp=6 beamq=32 I=3.531336825966328e-16
beamp=7 beamq=32 I=3.250168510859733e-5
beamp=8 beamq=32 I=7.629383342863636e-5
beamp=9 beamq=32 I=8.239454288292268e-5
beamp=10 beamq=32 I=5.146448716967383e-5
beamp=11 beamq=32 I=1.4623068962803376e-5
beamp=12 beamq=32 I=2.4195100856277035e-15
beamp=13 beamq=32 I=1.1246829357070762e-5
beamp=14 beamq=32 I=3.030782350522e-5
beamp=15 beamq=32 I=3.678684209663616e-5
beamp=16 beamq=32 I=2.5428854037250202e-5
beamp=17 beamq=32 I=7.907067482683498e-6
beamp=18 beamq=32 I=5.830116482178719e-15
beamp=19 beamq=32 I=7.088661016106586e-6
beamp=20 beamq=32 I=2.044140436936336e-5
beamp=21 beamq=32 I=2.643868551123759e-5
beamp=22 beamq=32 I=1.9401819676176962e-5
beamp=23 beamq=32 I=6.38471645720055e-6
beamp=24 beamq=32 I=6.0167121935725265e-15
beamp=25 beamq=32 I=6.3853345647908985e-6
beamp=26 beamq=32 I=1.9404566060304383e-5
beamp=27 beamq=32 I=2.6438529299876535e-5
beamp=28 beamq=32 I=2.0444399644308003e-5
beamp=29 beamq=32 I=7.089812166106398e-6
beamp=30 beamq=32 I=1.6814394567081965e-15
beamp=31 beamq=32 I=7.905267152675456e-6
beamp=32 beamq=32 I=2.543514957072028e-5
beamp=33 beamq=32 I=3.678615984510845e-5
beamp=34 beamq=32 I=3.029736464830163e-5
beamp=35 beamq=32 I=1.1250490760469925e-5
beamp=36 beamq=32 I=6.110608619218823e-16
beamp=37 beamq=32 I=1.4624045737451501e-5
beamp=38 beamq=32 I=5.147424420822649e-5
beamp=39 beamq=32 I=8.239541253506359e-5
beamp=40 beamq=32 I=7.629505265868254e-5
beamp=41 beamq=32 I=3.249821130604159e-5
beamp=42 beamq=32 I=4.968469393141124e-15
beamp=43 beamq=32 I=6.153056406307807e-5
beamp=44 beamq=32 I=0.0002847573330498296
beamp=45 beamq=32 I=0.0006681749727223747
beamp=46 beamq=32 I=0.0011195254370620668
beamp=47 beamq=32 I=0.0014864368383387268
beamp=0 beamq=33 I=0.0113671036279104
beamp=1 beamq=33 I=0.004194900728389355
beamp=2 beamq=33 I=0.001119527463117423
beamp=3 beamq=33 I=0.00014154153856105328
beamp=4 beamq=33 I=0.0002847327013529975
beamp=5 beamq=33 I=0.00036610828906654476
beamp=6 beamq=33 I=0.0
beamp=7 beamq=33 I=9.172974665690829e-5
beamp=8 beamq=33 I=7.629401413525774e-5
beamp=9 beamq=33 I=1.7453296857883355e-5
beamp=10 beamq=33 I=5.146880431294287e-5
beamp=11 beamq=33 I=8.701157740953368e-5
beamp=12 beamq=33 I=0.0
beamp=13 beamq=33 I=3.17436824758688e-5
beamp=14 beamq=33 I=3.0303517804313087e-5
beamp=15 beamq=33 I=7.79224531817171e-6
beamp=16 beamq=33 I=2.5431356247517537e-5
beamp=17 beamq=33 I=4.702686153146554e-5
beamp=18 beamq=33 I=0.0
beamp=19 beamq=33 I=2.0011384513855715e-5
beamp=20 beamq=33 I=2.0442653942398813e-5
beamp=21 beamq=33 I=5.600251669043307e-6
beamp=22 beamq=33 I=1.940453233868372e-5
beamp=23 beamq=33 I=3.798909281477883e-5
beamp=24 beamq=33 I=0.0
beamp=25 beamq=33 I=1.802216943799684e-5
beamp=26 beamq=33 I=1.9404337105998873e-5
beamp=27 beamq=33 I=5.6002500254066375e-6
beamp=28 beamq=33 I=2.0442660987625838e-5
beamp=29 beamq=33 I=4.218784864124122e-5
beamp=30 beamq=33 I=0.0
beamp=31 beamq=33 I=2.2308986781943003e-5
beamp=32 beamq=33 I=2.542977185194803e-5
beamp=33 beamq=33 I=7.792245623507887e-6
beamp=34 beamq=33 I=3.030270212274978e-5
beamp=35 beamq=33 I=6.692114359157479e-5
beamp=36 beamq=33 I=0.0
beamp=37 beamq=33 I=4.127541204585798e-5
beamp=38 beamq=33 I=5.146863847581371e-5
beamp=39 beamq=33 I=1.745329441959552e-5
beamp=40 beamq=33 I=7.629450415248953e-5
beamp=41 beamq=33 I=0.00019337297289911994
beamp=42 beamq=33 I=0.0
beamp=43 beamq=33 I=0.00017366659232158593
beamp=44 beamq=33 I=0.00028473783180416507
beamp=45 beamq=33 I=0.0001415415341737926
beamp=46 beamq=33 I=0.0011195314422655835
beamp=47 beamq=33 I=0.008843249773730775
beamp=0 beamq=34 I=0.006255096950522667
beamp=1 beamq=34 I=0.0008417779331550288
beamp=2 beamq=34 I=0.0011195283720867883
beamp=3 beamq=34 I=0.0009904855364788485
beamp=4 beamq=34 I=0.0002847338057483312
beamp=5 beamq=34 I=0.00023348311852967592
beamp=6 beamq=34 I=1.6884935470929303e-14
beamp=7 beamq=34 I=1.8407018812803693e-5
beamp=8 beamq=34 I=7.629479271014052e-5
beamp=9 beamq=34 I=0.00012213375512773228
beamp=10 beamq=34 I=5.146810161019451e-5
beamp=11 beamq=34 I=5.549429729758951e-5
beamp=12 beamq=34 I=6.0168025437535664e-15
beamp=13 beamq=34 I=6.370588669404238e-6
beamp=14 beamq=34 I=3.0304723020590762e-5
beamp=15 beamq=34 I=5.4528613318299105e-5
beamp=16 beamq=34 I=2.5432888193221607e-5
beamp=17 beamq=34 I=2.9988284156428793e-5
beamp=18 beamq=34 I=2.972091792871149e-15
beamp=19 beamq=34 I=4.01691354270959e-6
beamp=20 beamq=34 I=2.0443164512817127e-5
beamp=21 beamq=34 I=3.9189992835730716e-5
beamp=22 beamq=34 I=1.9405102281935832e-5
beamp=23 beamq=34 I=2.4229247673423184e-5
beamp=24 beamq=34 I=1.7595020131271528e-15
beamp=25 beamq=34 I=3.6163854511780265e-6
beamp=26 beamq=34 I=1.9405391756001254e-5
beamp=27 beamq=34 I=3.918907186916617e-5
beamp=28 beamq=34 I=2.0443532616014878e-5
beamp=29 beamq=34 I=2.6905385135858752e-5
beamp=30 beamq=34 I=1.1220498633233525e-14
beamp=31 beamq=34 I=4.4786419279445145e-6
beamp=32 beamq=34 I=2.5422156634290744e-5
beamp=33 beamq=34 I=5.452880964154661e-5
beamp=34 beamq=34 I=3.0313411660618214e-5
beamp=35 beamq=34 I=4.2669212181254874e-5
beamp=36 beamq=34 I=2.0611609388305103e-14
beamp=37 beamq=34 I=8.280633880562176e-6
beamp=38 beamq=34 I=5.1467301804303364e-5
beamp=39 beamq=34 I=0.00012213565622315307
beamp=40 beamq=34 I=7.629655589539896e-5
beamp=41 beamq=34 I=0.00012332149410778783
beamp=42 beamq=34 I=4.4384277973127474e-14
beamp=43 beamq=34 I=3.484882371878292e-5
beamp=44 beamq=34 I=0.0002847372333498817
beamp=45 beamq=34 I=0.0009904928423667405
beamp=46 beamq=34 I=0.00111952539944162
beamp=47 beamq=34 I=0.00563974881796341
beamp=0 beamq=35 I=0.008835796617103002
beamp=1 beamq=35 I=0.004755126936545752
beamp=2 beamq=35 I=0.00111952542693485
beamp=3 beamq=35 I=2.0138266747123145e-5
beamp=4 beamq=35 I=0.0002847324575418082
beamp=5 beamq=35 I=0.0002583971299246518
beamp=6 beamq=35 I=1.0187750888850562e-14
beamp=7 beamq=35 I=0.00010397883691686728
beamp=8 beamq=35 I=7.629439281915719e-5
beamp=9 beamq=35 I=2.4829970507375415e-6
beamp=10 beamq=35 I=5.146902225431835e-5
beamp=11 beamq=35 I=6.141402284470747e-5
beamp=12 beamq=35 I=6.405116328092828e-15
beamp=13 beamq=35 I=3.5984850560977105e-5
beamp=14 beamq=35 I=3.0305737433044718e-5
beamp=15 beamq=35 I=1.1084508540767197e-6
beamp=16 beamq=35 I=2.542956017489644e-5
beamp=17 beamq=35 I=3.3184293752243477e-5
beamp=18 beamq=35 I=3.2388789368246783e-15
beamp=19 beamq=35 I=2.26844011829508e-5
beamp=20 beamq=35 I=2.0441528934690636e-5
beamp=21 beamq=35 I=7.96578338196143e-7
beamp=22 beamq=35 I=1.9406156568798593e-5
beamp=23 beamq=35 I=2.681280311903334e-5
beamp=24 beamq=35 I=5.2104271779674725e-15
beamp=25 beamq=35 I=2.0428771708420705e-5
beamp=26 beamq=35 I=1.940329496398144e-5
beamp=27 beamq=35 I=7.965619093702111e-7
beamp=28 beamq=35 I=2.044412646439074e-5
beamp=29 beamq=35 I=2.9778248832046116e-5
beamp=30 beamq=35 I=8.420958745490707e-15
beamp=31 beamq=35 I=2.52905618601595e-5
beamp=32 beamq=35 I=2.543513401156533e-5
beamp=33 beamq=35 I=1.1086100563467299e-6
beamp=34 beamq=35 I=3.0301337133101014e-5
beamp=35 beamq=35 I=4.723236617444759e-5
beamp=36 beamq=35 I=4.6387872294108056e-15
beamp=37 beamq=35 I=4.679077018312758e-5
beamp=38 beamq=35 I=5.146794207719234e-5
beamp=39 beamq=35 I=2.4832230379309098e-6
beamp=40 beamq=35 I=7.629293525509218e-5
beamp=41 beamq=35 I=0.00013647792301792528
beamp=42 beamq=35 I=1.4300773474127993e-14
beamp=43 beamq=35 I=0.00019686357773887307
beamp=44 beamq=35 I=0.0002847354256900575
beamp=45 beamq=35 I=2.0138607804523023e-5
beamp=46 beamq=35 I=0.0011195147749230921
beamp=47 beamq=35 I=0.00624146833334438
beamp=0 beamq=36 I=0.016276041666666664
beamp=1 beamq=36 I=0.002282832393812624
beamp=2 beamq=36 I=0.0011195285021445142
beamp=3 beamq=36 I=0.0013363719396636653
beamp=4 beamq=36 I=0.00028473288220321575
beamp=5 beamq=36 I=0.0005208245662683708
beamp=6 beamq=36 I=0.0
beamp=7 beamq=36 I=4.9918186060605405e-5
beamp=8 beamq=36 I=7.629316340057277e-5
beamp=9 beamq=36 I=0.0001647862042334571
beamp=10 beamq=36 I=5.146800467049703e-5
beamp=11 beamq=36 I=0.00012378525468743025
beamp=12 beamq=36 I=0.0
beamp=13 beamq=36 I=1.7276968707531347e-5
beamp=14 beamq=36 I=3.0305047387428676e-5
beamp=15 beamq=36 I=7.357089566504196e-5
beamp=16 beamq=36 I=2.542992262338323e-5
beamp=17 beamq=36 I=6.690086848769605e-5
beamp=18 beamq=36 I=0.0
beamp=19 beamq=36 I=1.0889533147912507e-5
beamp=20 beamq=36 I=2.0442456829693575e-5
beamp=21 beamq=36 I=5.2875066734353725e-5
beamp=22 beamq=36 I=1.940403508821316e-5
beamp=23 beamq=36 I=5.404652846637677e-5
beamp=24 beamq=36 I=0.0
beamp=25 beamq=36 I=9.805749991984553e-6
beamp=26 beamq=36 I=1.9402998323929795e-5
beamp=27 beamq=36 I=5.2875066734353725e-5
beamp=28 beamq=36 I=2.0443283782137204e-5
beamp=29 beamq=36 I=6.0015391710178834e-5
beamp=30 beamq=36 I=0.0
beamp=31 beamq=36 I=1.2139471205614055e-5
beamp=32 beamq=36 I=2.5429669019222176e-5
beamp=33 beamq=36 I=7.357089566504196e-5
beamp=34 beamq=36 I=3.030242206273238e-5
beamp=35 beamq=36 I=9.520168692979507e-5
beamp=36 beamq=36 I=0.0
beamp=37 beamq=36 I=2.2461580108256124e-5
beamp=38 beamq=36 I=5.146891464269846e-5
beamp=39 beamq=36 I=0.0001647862042334571
beamp=40 beamq=36 I=7.62945574275168e-5
beamp=41 beamq=36 I=0.00027509269751878806
beamp=42 beamq=36 I=0.0
beamp=43 beamq=36 I=9.45092711126092e-5
beamp=44 beamq=36 I=0.00028473432729397266
beamp=45 beamq=36 I=0.001336371939663665
beamp=46 beamq=36 I=0.001119531400896101
beamp=47 beamq=36 I=0.012580362967604557
beamp=0 beamq=37 I=0.0038696674149373373
beamp=1 beamq=37 I=0.0037903532551246837
beamp=2 beamq=37 I=0.0011195312096369257
beamp=3 beamq=37 I=2.61852060207493e-5
beamp=4 beamq=37 I=0.0002847327980032001
beamp=5 beamq=37 I=0.00011003277709428555
beamp=6 beamq=37 I=2.2802183408948914e-15
beamp=7 beamq=37 I=8.2881871803659e-5
beamp=8 beamq=37 I=7.629371086149031e-5
beamp=9 beamq=37 I=3.228925537332177e-6
beamp=10 beamq=37 I=5.146768732923558e-5
beamp=11 beamq=37 I=2.615225072057616e-5
beamp=12 beamq=37 I=1.7921240753690734e-15
beamp=13 beamq=37 I=2.8682891054384328e-5
beamp=14 beamq=37 I=3.030583732687437e-5
beamp=15 beamq=37 I=1.441639674919465e-6
beamp=16 beamq=37 I=2.543239765920514e-5
beamp=17 beamq=37 I=1.4131585119364233e-5
beamp=18 beamq=37 I=1.6769501820877487e-15
beamp=19 beamq=37 I=1.8082712918591858e-5
beamp=20 beamq=37 I=2.044273230313493e-5
beamp=21 beamq=37 I=1.0360777160671015e-6
beamp=22 beamq=37 I=1.940426442450146e-5
beamp=23 beamq=37 I=1.1417618791531676e-5
beamp=24 beamq=37 I=5.884055540259873e-16
beamp=25 beamq=37 I=1.6284028892119517e-5
beamp=26 beamq=37 I=1.94040042762089e-5
beamp=27 beamq=37 I=1.0360242840609731e-6
beamp=28 beamq=37 I=2.044340846036484e-5
beamp=29 beamq=37 I=1.2679760721042953e-5
beamp=30 beamq=37 I=2.898659683230516e-16
beamp=31 beamq=37 I=2.015822717963038e-5
beamp=32 beamq=37 I=2.5431263632551185e-5
beamp=33 beamq=37 I=1.4415717565521485e-6
beamp=34 beamq=37 I=3.0305507543031625e-5
beamp=35 beamq=37 I=2.011236510379438e-5
beamp=36 beamq=37 I=1.6291267018857708e-16
beamp=37 beamq=37 I=3.729514765007683e-5
beamp=38 beamq=37 I=5.14682898059345e-5
beamp=39 beamq=37 I=3.228872960318542e-6
beamp=40 beamq=37 I=7.62921634925741e-5
beamp=41 beamq=37 I=5.811894703753067e-5
beamp=42 beamq=37 I=4.4900934189634704e-15
beamp=43 beamq=37 I=0.00015691807288527047
beamp=44 beamq=37 I=0.0002847295326716148
beamp=45 beamq=37 I=2.6186009156008928e-5
beamp=46 beamq=37 I=0.0011195301711712843
beamp=47 beamq=37 I=0.00265778377498117
beamp=0 beamq=38 I=0.031530249897131046
beamp=1 beamq=38 I=0.006464259603699129
beamp=2 beamq=38 I=0.0011195235459960644
beamp=3 beamq=38 I=0.001682246971525247
beamp=4 beamq=38 I=0.0002847322423495756
beamp=5 beamq=38 I=0.0008925639521454422
beamp=6 beamq=38 I=1.7221828708483912e-14
beamp=7 beamq=38 I=0.0001413523247061834
beamp=8 beamq=38 I=7.629299480711993e-5
beamp=9 beamq=38 I=0.00020743547503301939
beamp=10 beamq=38 I=5.146702854049132e-5
beamp=11 beamq=38 I=0.00021213538557147626
beamp=12 beamq=38 I=3.304219058375875e-15
beamp=13 beamq=38 I=4.8918068881911285e-5
beamp=14 beamq=38 I=3.0304305378770384e-5
beamp=15 beamq=38 I=9.261255286918632e-5
beamp=16 beamq=38 I=2.5432137201018724e-5
beamp=17 beamq=38 I=0.00011464842427450666
beamp=18 beamq=38 I=4.270062493698379e-15
beamp=19 beamq=38 I=3.083718489716091e-5
beamp=20 beamq=38 I=2.0442164133972332e-5
beamp=21 beamq=38 I=6.656015158209037e-5
beamp=22 beamq=38 I=1.9404282712145536e-5
beamp=23 beamq=38 I=9.261822979566259e-5
beamp=24 beamq=38 I=1.7595020131271528e-15
beamp=25 beamq=38 I=2.77694508381139e-5
beamp=26 beamq=38 I=1.9402853532793182e-5
beamp=27 beamq=38 I=6.655978335409174e-5
beamp=28 beamq=38 I=2.0442179696733847e-5
beamp=29 beamq=38 I=0.00010284846556974948
beamp=30 beamq=38 I=1.2190046425978687e-15
beamp=31 beamq=38 I=3.437051333987764e-5
beamp=32 beamq=38 I=2.5433915418844716e-5
beamp=33 beamq=38 I=9.261151420631648e-5
beamp=34 beamq=38 I=3.0302255361872993e-5
beamp=35 beamq=38 I=0.00016315097334548056
beamp=36 beamq=38 I=2.4373994214737143e-15
beamp=37 beamq=38 I=6.36064817701863e-5
beamp=38 beamq=38 I=5.1467103429553036e-5
beamp=39 beamq=38 I=0.00020743606032423486
beamp=40 beamq=38 I=7.62913232900869e-5
beamp=41 beamq=38 I=0.0004714392736451573
beamp=42 beamq=38 I=6.471105841570253e-15
beamp=43 beamq=38 I=0.0002676172426961218
beamp=44 beamq=38 I=0.00028473201021763587
beamp=45 beamq=38 I=0.0016822425847582822
beamp=46 beamq=38 I=0.001119518059132862
beamp=47 beamq=38 I=0.021559577548726318
beamp=0 beamq=39 I=0.00026568626247687493
beamp=1 beamq=39 I=0.0019469193632832365
beamp=2 beamq=39 I=0.0011195279601393278
beamp=3 beamq=39 I=0.0003170288211203282
beamp=4 beamq=39 I=0.0002847325816113555
beamp=5 beamq=39 I=2.3313828505025072e-5
beamp=6 beamq=39 I=0.0
beamp=7 beamq=39 I=4.257259658853869e-5
beamp=8 beamq=39 I=7.629456743486926e-5
beamp=9 beamq=39 I=3.909239277986071e-5
beamp=10 beamq=39 I=5.146860977232733e-5
beamp=11 beamq=39 I=5.540940800756008e-6
beamp=12 beamq=39 I=0.0
beamp=13 beamq=39 I=1.4731462927636903e-5
beamp=14 beamq=39 I=3.030504826432207e-5
beamp=15 beamq=39 I=1.7453296857883355e-5
beamp=16 beamq=39 I=2.5430052402366228e-5
beamp=17 beamq=39 I=2.9947239991820014e-6
beamp=18 beamq=39 I=0.0
beamp=19 beamq=39 I=9.28829951833105e-6
beamp=20 beamq=39 I=2.0442222188839086e-5
beamp=21 beamq=39 I=1.2543604070780452e-5
beamp=22 beamq=39 I=1.9403981614297154e-5
beamp=23 beamq=39 I=2.4196449233670593e-6
beamp=24 beamq=39 I=0.0
beamp=25 beamq=39 I=8.364177906651342e-6
beamp=26 beamq=39 I=1.9403582540091174e-5
beamp=27 beamq=39 I=1.2543604534197644e-5
beamp=28 beamq=39 I=2.04427369206687e-5
beamp=29 beamq=39 I=2.686813085441334e-6
beamp=30 beamq=39 I=0.0
beamp=31 beamq=39 I=1.0353181434143888e-5
beamp=32 beamq=39 I=2.543027463271427e-5
beamp=33 beamq=39 I=1.745329441959552e-5
beamp=34 beamq=39 I=3.030265436604842e-5
beamp=35 beamq=39 I=4.2618269100665675e-6
beamp=36 beamq=39 I=0.0
beamp=37 beamq=39 I=1.9157396823682715e-5
beamp=38 beamq=39 I=5.146908580686534e-5
beamp=39 beamq=39 I=3.909238174776705e-5
beamp=40 beamq=39 I=7.629522364369001e-5
beamp=41 beamq=39 I=1.2313651286508504e-5
beamp=42 beamq=39 I=0.0
beamp=43 beamq=39 I=8.060308177897212e-5
beamp=44 beamq=39 I=0.0002847357796887118
beamp=45 beamq=39 I=0.00031702881298993954
beamp=46 beamq=39 I=0.0011195243640054297
beamp=47 beamq=39 I=0.0005631354547233132
beamp=0 beamq=40 I=0.05045545496964882
beamp=1 beamq=40 I=0.013376784857771901
beamp=2 beamq=40 I=0.0011195228980846116
beamp=3 beamq=40 I=0.0020045630276509046
beamp=4 beamq=40 I=0.0002847330047433019
beamp=5 beamq=40 I=0.0012921920308763763
beamp=6 beamq=40 I=1.283272985126473e-14
beamp=7 beamq=40 I=0.00029250915260068186
beamp=8 beamq=40 I=7.629393349829426e-5
beamp=9 beamq=40 I=0.0002471781863594145
beamp=10 beamq=40 I=5.146813688479644e-5
beamp=11 beamq=40 I=0.0003071128797950656
beamp=12 beamq=40 I=1.7001419441835715e-15
beamp=13 beamq=40 I=0.00010123110327345773
beamp=14 beamq=40 I=3.0304543892646165e-5
beamp=15 beamq=40 I=0.00011035544563891669
beamp=16 beamq=40 I=2.5426724023963234e-5
beamp=17 beamq=40 I=0.0001659898143020879
beamp=18 beamq=40 I=1.5043305143236374e-15
beamp=19 beamq=40 I=6.381374002802475e-5
beamp=20 beamq=40 I=2.0440949125974802e-5
beamp=21 beamq=40 I=7.931182708491968e-5
beamp=22 beamq=40 I=1.9403591874815794e-5
beamp=23 beamq=40 I=0.00013409098883994315
beamp=24 beamq=40 I=2.2394195872688094e-15
beamp=25 beamq=40 I=5.746414278814077e-5
beamp=26 beamq=40 I=1.940386007867227e-5
beamp=27 beamq=40 I=7.93124306567998e-5
beamp=28 beamq=40 I=2.0443511950487236e-5
beamp=29 beamq=40 I=0.00014889989574403735
beamp=30 beamq=40 I=7.542546050983793e-15
beamp=31 beamq=40 I=7.113326749546858e-5
beamp=32 beamq=40 I=2.5434008260225817e-5
beamp=33 beamq=40 I=0.00011035495850711734
beamp=34 beamq=40 I=3.0302984871506735e-5
beamp=35 beamq=40 I=0.00023620321899751087
beamp=36 beamq=40 I=4.279097511802424e-15
beamp=37 beamq=40 I=0.0001316229188101969
beamp=38 beamq=40 I=5.146776744431725e-5
beamp=39 beamq=40 I=0.00024717743367582665
beamp=40 beamq=40 I=7.629117433434425e-5
beamp=41 beamq=40 I=0.0006825172973540499
beamp=42 beamq=40 I=1.5340941227128903e-14
beamp=43 beamq=40 I=0.0005537944218459232
beamp=44 beamq=40 I=0.0002847335658715685
beamp=45 beamq=40 I=0.0020045261201235816
beamp=46 beamq=40 I=0.0011195243794969957
beamp=47 beamq=40 I=0.031212489776776743
beamp=0 beamq=41 I=0.00789512214400892
beamp=1 beamq=41 I=0.0023007641464647894
beamp=2 beamq=41 I=0.0011195248869971914
beamp=3 beamq=41 I=0.0012658491380752438
beamp=4 beamq=41 I=0.0002847310147219503
beamp=5 beamq=41 I=0.00020972582808870607
beamp=6 beamq=41 I=3.2067199192605902e-15
beamp=7 beamq=41 I=5.031071789074734e-5
beamp=8 beamq=41 I=7.629302937863552e-5
beamp=9 beamq=41 I=0.00015609005860284697
beamp=10 beamq=41 I=5.146984823103582e-5
beamp=11 beamq=41 I=4.984411413115153e-5
beamp=12 beamq=41 I=7.459875635331773e-16
beamp=13 beamq=41 I=1.7409312735241375e-5
beamp=14 beamq=41 I=3.030533463432535e-5
beamp=15 beamq=41 I=6.968852902502961e-5
beamp=16 beamq=41 I=2.5423745493085785e-5
beamp=17 beamq=41 I=2.6942318567338925e-5
beamp=18 beamq=41 I=2.2156123145646483e-15
beamp=19 beamq=41 I=1.0976172920614188e-5
beamp=20 beamq=41 I=2.0442871927051175e-5
beamp=21 beamq=41 I=5.008473066667969e-5
beamp=22 beamq=41 I=1.9404321098409088e-5
beamp=23 beamq=41 I=2.1763200991858944e-5
beamp=24 beamq=41 I=2.6907413291111606e-15
beamp=25 beamq=41 I=9.88472872718588e-6
beamp=26 beamq=41 I=1.9403152986293823e-5
beamp=27 beamq=41 I=5.008516513579591e-5
beamp=28 beamq=41 I=2.0443135006850392e-5
beamp=29 beamq=41 I=2.416545024449449e-5
beamp=30 beamq=41 I=1.5106832614280447e-14
beamp=31 beamq=41 I=1.2238444840658043e-5
beamp=32 beamq=41 I=2.543582681503739e-5
beamp=33 beamq=41 I=6.968786792028794e-5
beamp=34 beamq=41 I=3.030571185677194e-5
beamp=35 beamq=41 I=3.833562082576194e-5
beamp=36 beamq=41 I=5.406249901600037e-15
beamp=37 beamq=41 I=2.2636803553624635e-5
beamp=38 beamq=41 I=5.1468834189056104e-5
beamp=39 beamq=41 I=0.0001560926372309669
beamp=40 beamq=41 I=7.629360232798914e-5
beamp=41 beamq=41 I=0.00011077838150381898
beamp=42 beamq=41 I=6.68020439492945e-15
beamp=43 beamq=41 I=9.525184125779719e-5
beamp=44 beamq=41 I=0.00028473499505932045
beamp=45 beamq=41 I=0.0012658568005983204
beamp=46 beamq=41 I=0.0011195268444835673
beamp=47 beamq=41 I=0.0050659065796083685
beamp=0 beamq=42 I=0.07033398865165505
beamp=1 beamq=42 I=0.022273819443694293
beamp=2 beamq=42 I=0.001119527720713914
beamp=3 beamq=42 I=0.0022813296001459264
beamp=4 beamq=42 I=0.0002847326162009712
beamp=5 beamq=42 I=0.0016498959842423584
beamp=6 beamq=42 I=0.0
beamp=7 beamq=42 I=0.00048705863905545196
beamp=8 beamq=42 I=7.629441688803798e-5
beamp=9 beamq=42 I=0.00028130765739083964
beamp=10 beamq=42 I=5.146776923235474e-5
beamp=11 beamq=42 I=0.00039212767659131773
beamp=12 beamq=42 I=0.0
beamp=13 beamq=42 I=0.00016856407602372855
beamp=14 beamq=42 I=3.0306256524118554e-5
beamp=15 beamq=42 I=0.00012559337242666586
beamp=16 beamq=42 I=2.542799086753962e-5
beamp=17 beamq=42 I=0.00021193423514804426
beamp=18 beamq=42 I=0.0
beamp=19 beamq=42 I=0.00010625156765090436
beamp=20 beamq=42 I=2.0442162981607385e-5
beamp=21 beamq=42 I=9.02633826511393e-5
beamp=22 beamq=42 I=1.9404434099594662e-5
beamp=23 beamq=42 I=0.0001712051635425769
beamp=24 beamq=42 I=0.0
beamp=25 beamq=42 I=9.568839755577828e-5
beamp=26 beamq=42 I=1.9401281046987785e-5
beamp=27 beamq=42 I=9.02633837077077e-5
beamp=28 beamq=42 I=2.0442703465202358e-5
beamp=29 beamq=42 I=0.00019011897160326006
beamp=30 beamq=42 I=0.0
beamp=31 beamq=42 I=0.00011845385085878175
beamp=32 beamq=42 I=2.542836589203944e-5
beamp=33 beamq=42 I=0.0001255933726651972
beamp=34 beamq=42 I=3.0298550382386063e-5
beamp=35 beamq=42 I=0.0003015957852668069
beamp=36 beamq=42 I=0.0
beamp=37 beamq=42 I=0.00021915917724320519
beamp=38 beamq=42 I=5.147234027081467e-5
beamp=39 beamq=42 I=0.00028130765066555633
beamp=40 beamq=42 I=7.62962244173688e-5
beamp=41 beamq=42 I=0.0008714563167838502
beamp=42 beamq=42 I=0.0
beamp=43 beamq=42 I=0.0009221297034351005
beamp=44 beamq=42 I=0.0002847360446822776
beamp=45 beamq=42 I=0.00228132959423868
beamp=46 beamq=42 I=0.0011195254605052885
beamp=47 beamq=42 I=0.03985283144730096
beamp=0 beamq=43 I=0.055661882950294284
beamp=1 beamq=43 I=0.015314261245354652
beamp=2 beamq=43 I=0.0011195282983322468
beamp=3 beamq=43 I=0.0040703361977823035
beamp=4 beamq=43 I=0.00028473324862794566
beamp=5 beamq=43 I=0.0012185768143327988
beamp=6 beamq=43 I=1.837954204701846e-15
beamp=7 beamq=43 I=0.00033487459772700426
beamp=8 beamq=43 I=7.629399326585734e-5
beamp=9 beamq=43 I=0.0005019075896913109
beamp=10 beamq=43 I=5.146729087036128e-5
beamp=11 beamq=43 I=0.00028961884069787194
beamp=12 beamq=43 I=1.9684255130105835e-15
beamp=13 beamq=43 I=0.00011589258896617854
beamp=14 beamq=43 I=3.0305996416900252e-5
beamp=15 beamq=43 I=0.0002240838426739528
beamp=16 beamq=43 I=2.5424080293562878e-5
beamp=17 beamq=43 I=0.00015652550546787266
beamp=18 beamq=43 I=1.6535494851982698e-15
beamp=19 beamq=43 I=7.305487590323064e-5
beamp=20 beamq=43 I=2.0442305294282498e-5
beamp=21 beamq=43 I=0.00016104783967024197
beamp=22 beamq=43 I=1.9405752225706174e-5
beamp=23 beamq=43 I=0.00012644797979098903
beamp=24 beamq=43 I=4.0138067927223775e-16
beamp=25 beamq=43 I=6.578850284917417e-5
beamp=26 beamq=43 I=1.940407512645792e-5
beamp=27 beamq=43 I=0.00016104962412676554
beamp=28 beamq=43 I=2.0443005214232062e-5
beamp=29 beamq=43 I=0.00014041488934391123
beamp=30 beamq=43 I=1.1124320865515958e-14
beamp=31 beamq=43 I=8.143961691292912e-5
beamp=32 beamq=43 I=2.543347798028762e-5
beamp=33 beamq=43 I=0.00022408256690329412
beamp=34 beamq=43 I=3.030277834667105e-5
beamp=35 beamq=43 I=0.00022274983740726897
beamp=36 beamq=43 I=1.2025213814443001e-14
beamp=37 beamq=43 I=0.00015068284535923828
beamp=38 beamq=43 I=5.146664133960608e-5
beamp=39 beamq=43 I=0.0005019051664230615
beamp=40 beamq=43 I=7.629407779073684e-5
beamp=41 beamq=43 I=0.0006436381551855703
beamp=42 beamq=43 I=3.3527879275714367e-15
beamp=43 beamq=43 I=0.0006340054936083906
beamp=44 beamq=43 I=0.00028473385726124
beamp=45 beamq=43 I=0.004070326391374926
beamp=46 beamq=43 I=0.0011195219663759292
beamp=47 beamq=43 I=0.029434312926501383
beamp=0 beamq=44 I=0.08785926490808267
beamp=1 beamq=44 I=0.031795732106894965
beamp=2 beamq=44 I=0.0011195267698735894
beamp=3 beamq=44 I=0.002493698014322774
beamp=4 beamq=44 I=0.0002847332119777584
beamp=5 beamq=44 I=0.001898694297196558
beamp=6 beamq=44 I=4.980327854402684e-16
beamp=7 beamq=44 I=0.0006952744952117606
beamp=8 beamq=44 I=7.629474535179551e-5
beamp=9 beamq=44 I=0.00030749485677173175
beamp=10 beamq=44 I=5.146844112854266e-5
beamp=11 beamq=44 I=0.00045125632162600017
beamp=12 beamq=44 I=6.96283670188295e-16
beamp=13 beamq=44 I=0.00024061809410538611
beamp=14 beamq=44 I=3.0305263690894903e-5
beamp=15 beamq=44 I=0.00013728533085760754
beamp=16 beamq=44 I=2.541967566434556e-5
beamp=17 beamq=44 I=0.00024390498992940074
beamp=18 beamq=44 I=6.997621521583526e-16
beamp=19 beamq=44 I=0.0001516736972637077
beamp=20 beamq=44 I=2.0442117062694362e-5
beamp=21 beamq=44 I=9.866654531790419e-5
beamp=22 beamq=44 I=1.940467671900133e-5
beamp=23 beamq=44 I=0.00019702679358194736
beamp=24 beamq=44 I=1.3970396743380925e-16
beamp=25 beamq=44 I=0.00013659157795583644
beamp=26 beamq=44 I=1.9403009385366054e-5
beamp=27 beamq=44 I=9.866734839190851e-5
beamp=28 beamq=44 I=2.0444197653386296e-5
beamp=29 beamq=44 I=0.00021879407526637898
beamp=30 beamq=44 I=5.291810103539666e-16
beamp=31 beamq=44 I=0.00016907627583699758
beamp=32 beamq=44 I=2.5431060319021138e-5
beamp=33 beamq=44 I=0.0001372836592003
beamp=34 beamq=44 I=3.0302857905706574e-5
beamp=35 beamq=44 I=0.0003470645720021877
beamp=36 beamq=44 I=1.1846038111667141e-15
beamp=37 beamq=44 I=0.00031286006553754266
beamp=38 beamq=44 I=5.1471360605187545e-5
beamp=39 beamq=44 I=0.0003074968528286742
beamp=40 beamq=44 I=7.629685551244238e-5
beamp=41 beamq=44 I=0.001002867727323907
beamp=42 beamq=44 I=1.5130267192487814e-15
beamp=43 beamq=44 I=0.001316336497016003
beamp=44 beamq=44 I=0.00028473705914252163
beamp=45 beamq=44 I=0.0024937137868089464
beamp=46 beamq=44 I=0.0011195128300793566
beamp=47 beamq=44 I=0.045862423013604915
beamp=0 beamq=45 I=0.2836354301841544
beamp=1 beamq=45 I=0.09405358546277987
beamp=2 beamq=45 I=0.0011195258340436175
beamp=3 beamq=45 I=0.014984994668705707
beamp=4 beamq=45 I=0.0002847328375212815
beamp=5 beamq=45 I=0.005572416085998367
beamp=6 beamq=45 I=0.0
beamp=7 beamq=45 I=0.002056663812699813
beamp=8 beamq=45 I=7.629302810642776e-5
beamp=9 beamq=45 I=0.0018477793363220118
beamp=10 beamq=45 I=5.146613899781889e-5
beamp=11 beamq=45 I=0.0013243836455884518
beamp=12 beamq=45 I=0.0
beamp=13 beamq=45 I=0.0007117736482878982
beamp=14 beamq=45 I=3.0311485568299837e-5
beamp=15 beamq=45 I=0.0008249645426275517
beamp=16 beamq=45 I=2.5418748627557602e-5
beamp=17 beamq=45 I=0.0007158198151610774
beamp=18 beamq=45 I=0.0
beamp=19 beamq=45 I=0.0004486596608099675
beamp=20 beamq=45 I=2.0441504198002152e-5
beamp=21 beamq=45 I=0.000592898258678302
beamp=22 beamq=45 I=1.94025886159507e-5
beamp=23 beamq=45 I=0.000578242964525493
beamp=24 beamq=45 I=0.0
beamp=25 beamq=45 I=0.0004040466922322675
beamp=26 beamq=45 I=1.9401343720994293e-5
beamp=27 beamq=45 I=0.000592898233248515
beamp=28 beamq=45 I=2.0445349982184304e-5
beamp=29 beamq=45 I=0.0006420873586575778
beamp=30 beamq=45 I=0.0
beamp=31 beamq=45 I=0.0005001871795530537
beamp=32 beamq=45 I=2.5429929783811836e-5
beamp=33 beamq=45 I=0.0008249645355190629
beamp=34 beamq=45 I=3.02961534944144e-5
beamp=35 beamq=45 I=0.0010186238531251352
beamp=36 beamq=45 I=0.0
beamp=37 beamq=45 I=0.0009254169910047122
beamp=38 beamq=45 I=5.1470707864649634e-5
beamp=39 beamq=45 I=0.0018477793329566509
beamp=40 beamq=45 I=7.629553055778618e-5
beamp=41 beamq=45 I=0.002943289339252019
beamp=42 beamq=45 I=0.0
beamp=43 beamq=45 I=0.003893768678232667
beamp=44 beamq=45 I=0.0002847385004413278
beamp=45 beamq=45 I=0.014984994647019047
beamp=46 beamq=45 I=0.0011195111284469609
beamp=47 beamq=45 I=0.13460070741404395
beamp=0 beamq=46 I=0.09988599829528536
beamp=1 beamq=46 I=0.04026501150352351
beamp=2 beamq=46 I=0.0011195265357359723
beamp=3 beamq=46 I=0.0026271978939903648
beamp=4 beamq=46 I=0.0002847311563894103
beamp=5 beamq=46 I=0.001990466048742065
beamp=6 beamq=46 I=1.2009797814802972e-16
beamp=7 beamq=46 I=0.0008804606091518256
beamp=8 beamq=46 I=7.629378264536205e-5
beamp=9 beamq=46 I=0.0003239561922349903
beamp=10 beamq=46 I=5.146851310020798e-5
beamp=11 beamq=46 I=0.00047307086676939977
beamp=12 beamq=46 I=2.715022940265784e-17
beamp=13 beamq=46 I=0.0003046911464495456
beamp=14 beamq=46 I=3.0303685531133624e-5
beamp=15 beamq=46 I=0.00014463392490126682
beamp=16 beamq=46 I=2.5426431305367266e-5
beamp=17 beamq=46 I=0.0002556684245963775
beamp=18 beamq=46 I=6.96870946365058e-16
beamp=19 beamq=46 I=0.00019208245739149243
beamp=20 beamq=46 I=2.0443091197778303e-5
beamp=21 beamq=46 I=0.0001039471827219988
beamp=22 beamq=46 I=1.9404761458936916e-5
beamp=23 beamq=46 I=0.00020654830021975013
beamp=24 beamq=46 I=5.844301460602071e-16
beamp=25 beamq=46 I=0.0001729789504629177
beamp=26 beamq=46 I=1.9404021621719547e-5
beamp=27 beamq=46 I=0.00010394705152020322
beamp=28 beamq=46 I=2.0442060057925506e-5
beamp=29 beamq=46 I=0.00022937980814001285
beamp=30 beamq=46 I=3.61628858368962e-15
beamp=31 beamq=46 I=0.00021411668252201935
beamp=32 beamq=46 I=2.5422963916030865e-5
beamp=33 beamq=46 I=0.00014463187904019571
beamp=34 beamq=46 I=3.0304449666469756e-5
beamp=35 beamq=46 I=0.0003638314184607629
beamp=36 beamq=46 I=1.9201446350170883e-14
beamp=37 beamq=46 I=0.00039618707959390606
beamp=38 beamq=46 I=5.1470100964985755e-5
beamp=39 beamq=46 I=0.0003239528098695236
beamp=40 beamq=46 I=7.629607267971296e-5
beamp=41 beamq=46 I=0.0010513286974513044
beamp=42 beamq=46 I=1.363429406991042e-14
beamp=43 beamq=46 I=0.0016669632646268075
beamp=44 beamq=46 I=0.0002847394630611398
beamp=45 beamq=46 I=0.0026271601172345622
beamp=46 beamq=46 I=0.001119521888733873
beamp=47 beamq=46 I=0.04807886957989117
beamp=0 beamq=47 I=3.3148844194621963
beamp=1 beamq=47 I=1.267727763849393
beamp=2 beamq=47 I=0.0011195328976599955
beamp=3 beamq=47 I=0.15354561520305315
beamp=4 beamq=47 I=0.0002847317559831114
beamp=5 beamq=47 I=0.05882207184000937
beamp=6 beamq=47 I=2.9853958570293565e-16
beamp=7 beamq=47 I=0.027721180695973638
beamp=8 beamq=47 I=7.629410912205286e-5
beamp=9 beamq=47 I=0.01893349563260097
beamp=10 beamq=47 I=5.1469326930641215e-5
beamp=11 beamq=47 I=0.013980156017347457
beamp=12 beamq=47 I=1.2184851290568861e-15
beamp=13 beamq=47 I=0.009593449894837364
beamp=14 beamq=47 I=3.0297858445629155e-5
beamp=15 beamq=47 I=0.008453103496992284
beamp=16 beamq=47 I=2.542251472272562e-5
beamp=17 beamq=47 I=0.007555753869299982
beamp=18 beamq=47 I=3.598066081551022e-15
beamp=19 beamq=47 I=0.006047543808048313
beamp=20 beamq=47 I=2.043787935820768e-5
beamp=21 beamq=47 I=0.006075212930820539
beamp=22 beamq=47 I=1.9404386782941147e-5
beamp=23 beamq=47 I=0.006103794757251603
beamp=24 beamq=47 I=1.5461626481453697e-15
beamp=25 beamq=47 I=0.005446118944098166
beamp=26 beamq=47 I=1.940365269234649e-5
beamp=27 beamq=47 I=0.006075215913478992
beamp=28 beamq=47 I=2.044349596793504e-5
beamp=29 beamq=47 I=0.006778190205255724
beamp=30 beamq=47 I=8.811966094602237e-16
beamp=31 beamq=47 I=0.006741660297717044
beamp=32 beamq=47 I=2.5414144516411558e-5
beamp=33 beamq=47 I=0.00845313162095983
beamp=34 beamq=47 I=3.0292256211838143e-5
beamp=35 beamq=47 I=0.010752146919413496
beamp=36 beamq=47 I=4.0349696285652104e-14
beamp=37 beamq=47 I=0.012473679534962834
beamp=38 beamq=47 I=5.147500943900895e-5
beamp=39 beamq=47 I=0.018933524725845863
beamp=40 beamq=47 I=7.629909033904958e-5
beamp=41 beamq=47 I=0.031069057917448774
beamp=42 beamq=47 I=7.874582966307478e-16
beamp=43 beamq=47 I=0.05248355739845976
beamp=44 beamq=47 I=0.00028473831035451063
beamp=45 beamq=47 I=0.15354598603669778
beamp=46 beamq=47 I=0.0011195151037825478
beamp=47 beamq=47 I=1.4208291285636874
Copying data from CPU to GPU...
Running kernel...
Copying data back from GPU to CPU...
Done.
