[Choosing CUDA device...]
NVIDIA A40
[Creating frb kernel...]
[Done creating frb kernel]
CHORD FRB beamformer
Compiling kernel...
Allocating input data...
Setting up input data...
Tbarmin = 0
Tbarmax = 1008
Fbar_in_min = 0
Fbar_in_max = 64
Ttildemin = 0
Ttildemax = 42
Fbar_out_min = 0
Fbar_out_max = 64
num_threads = 32
num_warps = 24
num_blocks = 64
dish_grid = [(0, 0), (1, 0), (2, 0), (3, 0), (4, 0), (5, 0), (6, 0), (7, 0), (8, 0), (9, 0), (10, 0), (11, 0), (12, 0), (13, 0), (14, 0), (15, 0), (16, 0), (17, 0), (18, 0), (19, 0), (20, 0), (21, 0), (22, 0), (23, 0), (0, 1), (1, 1), (2, 1), (3, 1), (4, 1), (5, 1), (6, 1), (7, 1), (8, 1), (9, 1), (10, 1), (11, 1), (12, 1), (13, 1), (14, 1), (15, 1), (16, 1), (17, 1), (18, 1), (19, 1), (20, 1), (21, 1), (22, 1), (23, 1), (0, 2), (1, 2), (2, 2), (3, 2), (4, 2), (5, 2), (6, 2), (7, 2), (8, 2), (9, 2), (10, 2), (11, 2), (12, 2), (13, 2), (14, 2), (15, 2), (16, 2), (17, 2), (18, 2), (19, 2), (20, 2), (21, 2), (22, 2), (23, 2), (0, 3), (1, 3), (2, 3), (3, 3), (4, 3), (5, 3), (6, 3), (7, 3), (8, 3), (9, 3), (10, 3), (11, 3), (12, 3), (13, 3), (14, 3), (15, 3), (16, 3), (17, 3), (18, 3), (19, 3), (20, 3), (21, 3), (22, 3), (23, 3), (0, 4), (1, 4), (2, 4), (3, 4), (4, 4), (5, 4), (6, 4), (7, 4), (8, 4), (9, 4), (10, 4), (11, 4), (12, 4), (13, 4), (14, 4), (15, 4), (16, 4), (17, 4), (18, 4), (19, 4), (20, 4), (21, 4), (22, 4), (23, 4), (0, 5), (1, 5), (2, 5), (3, 5), (4, 5), (5, 5), (6, 5), (7, 5), (8, 5), (9, 5), (10, 5), (11, 5), (12, 5), (13, 5), (14, 5), (15, 5), (16, 5), (17, 5), (18, 5), (19, 5), (20, 5), (21, 5), (22, 5), (23, 5), (0, 6), (1, 6), (2, 6), (3, 6), (4, 6), (5, 6), (6, 6), (7, 6), (8, 6), (9, 6), (10, 6), (11, 6), (12, 6), (13, 6), (14, 6), (15, 6), (16, 6), (17, 6), (18, 6), (19, 6), (20, 6), (21, 6), (22, 6), (23, 6), (0, 7), (1, 7), (2, 7), (3, 7), (4, 7), (5, 7), (6, 7), (7, 7), (8, 7), (9, 7), (10, 7), (11, 7), (12, 7), (13, 7), (14, 7), (15, 7), (16, 7), (17, 7), (18, 7), (19, 7), (20, 7), (21, 7), (22, 7), (23, 7), (0, 8), (1, 8), (2, 8), (3, 8), (4, 8), (5, 8), (6, 8), (7, 8), (8, 8), (9, 8), (10, 8), (11, 8), (12, 8), (13, 8), (14, 8), (15, 8), (16, 8), (17, 8), (18, 8), (19, 8), (20, 8), (21, 8), (22, 8), (23, 8), (0, 9), (1, 9), (2, 9), (3, 9), (4, 9), (5, 9), (6, 9), (7, 9), (8, 9), (9, 9), (10, 9), (11, 9), (12, 9), (13, 9), (14, 9), (15, 9), (16, 9), (17, 9), (18, 9), (19, 9), (20, 9), (21, 9), (22, 9), (23, 9), (0, 10), (1, 10), (2, 10), (3, 10), (4, 10), (5, 10), (6, 10), (7, 10), (8, 10), (9, 10), (10, 10), (11, 10), (12, 10), (13, 10), (14, 10), (15, 10), (16, 10), (17, 10), (18, 10), (19, 10), (20, 10), (21, 10), (22, 10), (23, 10), (0, 11), (1, 11), (2, 11), (3, 11), (4, 11), (5, 11), (6, 11), (7, 11), (8, 11), (9, 11), (10, 11), (11, 11), (12, 11), (13, 11), (14, 11), (15, 11), (16, 11), (17, 11), (18, 11), (19, 11), (20, 11), (21, 11), (22, 11), (23, 11), (0, 12), (1, 12), (2, 12), (3, 12), (4, 12), (5, 12), (6, 12), (7, 12), (8, 12), (9, 12), (10, 12), (11, 12), (12, 12), (13, 12), (14, 12), (15, 12), (16, 12), (17, 12), (18, 12), (19, 12), (20, 12), (21, 12), (22, 12), (23, 12), (0, 13), (1, 13), (2, 13), (3, 13), (4, 13), (5, 13), (6, 13), (7, 13), (8, 13), (9, 13), (10, 13), (11, 13), (12, 13), (13, 13), (14, 13), (15, 13), (16, 13), (17, 13), (18, 13), (19, 13), (20, 13), (21, 13), (22, 13), (23, 13), (0, 14), (1, 14), (2, 14), (3, 14), (4, 14), (5, 14), (6, 14), (7, 14), (8, 14), (9, 14), (10, 14), (11, 14), (12, 14), (13, 14), (14, 14), (15, 14), (16, 14), (17, 14), (18, 14), (19, 14), (20, 14), (21, 14), (22, 14), (23, 14), (0, 15), (1, 15), (2, 15), (3, 15), (4, 15), (5, 15), (6, 15), (7, 15), (8, 15), (9, 15), (10, 15), (11, 15), (12, 15), (13, 15), (14, 15), (15, 15), (16, 15), (17, 15), (18, 15), (19, 15), (20, 15), (21, 15), (22, 15), (23, 15), (0, 16), (1, 16), (2, 16), (3, 16), (4, 16), (5, 16), (6, 16), (7, 16), (8, 16), (9, 16), (10, 16), (11, 16), (12, 16), (13, 16), (14, 16), (15, 16), (16, 16), (17, 16), (18, 16), (19, 16), (20, 16), (21, 16), (22, 16), (23, 16), (0, 17), (1, 17), (2, 17), (3, 17), (4, 17), (5, 17), (6, 17), (7, 17), (8, 17), (9, 17), (10, 17), (11, 17), (12, 17), (13, 17), (14, 17), (15, 17), (16, 17), (17, 17), (18, 17), (19, 17), (20, 17), (21, 17), (22, 17), (23, 17), (0, 18), (1, 18), (2, 18), (3, 18), (4, 18), (5, 18), (6, 18), (7, 18), (8, 18), (9, 18), (10, 18), (11, 18), (12, 18), (13, 18), (14, 18), (15, 18), (16, 18), (17, 18), (18, 18), (19, 18), (20, 18), (21, 18), (22, 18), (23, 18), (0, 19), (1, 19), (2, 19), (3, 19), (4, 19), (5, 19), (6, 19), (7, 19), (8, 19), (9, 19), (10, 19), (11, 19), (12, 19), (13, 19), (14, 19), (15, 19), (16, 19), (17, 19), (18, 19), (19, 19), (20, 19), (21, 19), (22, 19), (23, 19), (0, 20), (1, 20), (2, 20), (3, 20), (4, 20), (5, 20), (6, 20), (7, 20), (8, 20), (9, 20), (10, 20), (11, 20), (12, 20), (13, 20), (14, 20), (15, 20), (16, 20), (17, 20), (18, 20), (19, 20), (20, 20), (21, 20), (22, 20), (23, 20), (0, 21), (1, 21), (2, 21), (3, 21), (4, 21), (5, 21), (6, 21), (7, 21), (8, 21), (9, 21), (10, 21), (11, 21), (12, 21), (13, 21), (14, 21), (15, 21), (16, 21), (17, 21), (18, 21), (19, 21), (20, 21), (21, 21), (22, 21), (23, 21), (0, 22), (1, 22), (2, 22), (3, 22), (4, 22), (5, 22), (6, 22), (7, 22), (8, 22), (9, 22), (10, 22), (11, 22), (12, 22), (13, 22), (14, 22), (15, 22), (16, 22), (17, 22), (18, 22), (19, 22), (20, 22), (21, 22), (22, 22), (23, 22), (0, 23), (1, 23), (2, 23), (3, 23), (4, 23), (5, 23), (6, 23), (7, 23), (8, 23), (9, 23), (10, 23), (11, 23), (12, 23), (13, 23), (14, 23), (15, 23), (16, 23), (17, 23), (18, 23), (19, 23), (20, 23), (21, 23), (22, 23), (23, 23)]
freq = 25
polr = 0
time = 3531
Fvalue = -1.1594405f0 - 1.8685707f0im
Evalue = -1 - 2im
dish=0 E=Int4x8(6, 7, -8, -8, -8, -8, -8, -8)
dish=1 E=Int4x8(6, 7, 6, 7, -8, -8, -8, -8)
dish=2 E=Int4x8(6, 7, 6, 7, 6, 7, -8, -8)
dish=3 E=Int4x8(6, 7, 6, 7, 6, 7, 6, 7)
dish=4 E=Int4x8(6, 7, -8, -8, -8, -8, -8, -8)
dish=5 E=Int4x8(6, 7, 6, 7, -8, -8, -8, -8)
dish=6 E=Int4x8(6, 7, 6, 7, 6, 7, -8, -8)
dish=7 E=Int4x8(6, 7, 6, 7, 6, 7, 6, 7)
dish=8 E=Int4x8(6, 7, -8, -8, -8, -8, -8, -8)
dish=9 E=Int4x8(6, 7, 6, 7, -8, -8, -8, -8)
dish=10 E=Int4x8(6, 7, 6, 7, 6, 7, -8, -8)
dish=11 E=Int4x8(6, 7, 6, 7, 6, 7, 6, 7)
dish=12 E=Int4x8(6, 7, -8, -8, -8, -8, -8, -8)
dish=13 E=Int4x8(6, 7, 6, 7, -8, -8, -8, -8)
dish=14 E=Int4x8(6, 7, 6, 7, 6, 7, -8, -8)
dish=15 E=Int4x8(6, 7, 6, 7, 6, 7, 6, 7)
dish=16 E=Int4x8(6, 7, -8, -8, -8, -8, -8, -8)
dish=17 E=Int4x8(6, 7, 6, 7, -8, -8, -8, -8)
dish=18 E=Int4x8(6, 7, 6, 7, 6, 7, -8, -8)
dish=19 E=Int4x8(6, 7, 6, 7, 6, 7, 6, 7)
dish=20 E=Int4x8(6, 7, -8, -8, -8, -8, -8, -8)
dish=21 E=Int4x8(6, 7, 6, 7, -8, -8, -8, -8)
dish=22 E=Int4x8(6, 7, 6, 7, 6, 7, -8, -8)
dish=23 E=Int4x8(6, 7, 6, 7, 6, 7, 6, 7)
dish=24 E=Int4x8(6, 7, -8, -8, -8, -8, -8, -8)
dish=25 E=Int4x8(6, 7, 6, 7, -8, -8, -8, -8)
dish=26 E=Int4x8(6, 7, 6, 7, 6, 7, -8, -8)
dish=27 E=Int4x8(6, 7, 6, 7, 6, 7, 6, 7)
dish=28 E=Int4x8(6, 7, -8, -8, -8, -8, -8, -8)
dish=29 E=Int4x8(6, 7, 6, 7, -8, -8, -8, -8)
dish=30 E=Int4x8(6, 7, 6, 7, 6, 7, -8, -8)
dish=31 E=Int4x8(6, 7, 6, 7, 6, 7, 6, 7)
dish=32 E=Int4x8(6, 7, -8, -8, -8, -8, -8, -8)
dish=33 E=Int4x8(6, 7, 6, 7, -8, -8, -8, -8)
dish=34 E=Int4x8(6, 7, 6, 7, 6, 7, -8, -8)
dish=35 E=Int4x8(6, 7, 6, 7, 6, 7, 6, 7)
dish=36 E=Int4x8(6, 7, -8, -8, -8, -8, -8, -8)
dish=37 E=Int4x8(6, 7, 6, 7, -8, -8, -8, -8)
dish=38 E=Int4x8(6, 7, 6, 7, 6, 7, -8, -8)
dish=39 E=Int4x8(6, 7, 6, 7, 6, 7, 6, 7)
dish=40 E=Int4x8(6, 7, -8, -8, -8, -8, -8, -8)
dish=41 E=Int4x8(6, 7, 6, 7, -8, -8, -8, -8)
dish=42 E=Int4x8(6, 7, 6, 7, 6, 7, -8, -8)
dish=43 E=Int4x8(6, 7, 6, 7, 6, 7, 6, 7)
dish=44 E=Int4x8(6, 7, -8, -8, -8, -8, -8, -8)
dish=45 E=Int4x8(6, 7, 6, 7, -8, -8, -8, -8)
dish=46 E=Int4x8(6, 7, 6, 7, 6, 7, -8, -8)
dish=47 E=Int4x8(6, 7, 6, 7, 6, 7, 6, 7)
dish=48 E=Int4x8(6, 7, -8, -8, -8, -8, -8, -8)
dish=49 E=Int4x8(6, 7, 6, 7, -8, -8, -8, -8)
dish=50 E=Int4x8(6, 7, 6, 7, 6, 7, -8, -8)
dish=51 E=Int4x8(6, 7, 6, 7, 6, 7, 6, 7)
dish=52 E=Int4x8(6, 7, -8, -8, -8, -8, -8, -8)
dish=53 E=Int4x8(6, 7, 6, 7, -8, -8, -8, -8)
dish=54 E=Int4x8(6, 7, 6, 7, 6, 7, -8, -8)
dish=55 E=Int4x8(6, 7, 6, 7, 6, 7, 6, 7)
dish=56 E=Int4x8(6, 7, -8, -8, -8, -8, -8, -8)
dish=57 E=Int4x8(6, 7, 6, 7, -8, -8, -8, -8)
dish=58 E=Int4x8(6, 7, 6, 7, 6, 7, -8, -8)
dish=59 E=Int4x8(6, 7, 6, 7, 6, 7, 6, 7)
dish=60 E=Int4x8(6, 7, -8, -8, -8, -8, -8, -8)
dish=61 E=Int4x8(6, 7, 6, 7, -8, -8, -8, -8)
dish=62 E=Int4x8(6, 7, 6, 7, 6, 7, -8, -8)
dish=63 E=Int4x8(6, 7, 6, 7, 6, 7, 6, 7)
dish=64 E=Int4x8(6, 7, -8, -8, -8, -8, -8, -8)
dish=65 E=Int4x8(6, 7, 6, 7, -8, -8, -8, -8)
dish=66 E=Int4x8(6, 7, 6, 7, 6, 7, -8, -8)
dish=67 E=Int4x8(6, 7, 6, 7, 6, 7, 6, 7)
dish=68 E=Int4x8(6, 7, -8, -8, -8, -8, -8, -8)
dish=69 E=Int4x8(6, 7, 6, 7, -8, -8, -8, -8)
dish=70 E=Int4x8(6, 7, 6, 7, 6, 7, -8, -8)
dish=71 E=Int4x8(6, 7, 6, 7, 6, 7, 6, 7)
dish=72 E=Int4x8(6, 7, -8, -8, -8, -8, -8, -8)
dish=73 E=Int4x8(6, 7, 6, 7, -8, -8, -8, -8)
dish=74 E=Int4x8(6, 7, 6, 7, 6, 7, -8, -8)
dish=75 E=Int4x8(6, 7, 6, 7, 6, 7, 6, 7)
dish=76 E=Int4x8(6, 7, -8, -8, -8, -8, -8, -8)
dish=77 E=Int4x8(6, 7, 6, 7, -8, -8, -8, -8)
dish=78 E=Int4x8(6, 7, 6, 7, 6, 7, -8, -8)
dish=79 E=Int4x8(6, 7, 6, 7, 6, 7, 6, 7)
dish=80 E=Int4x8(6, 7, -8, -8, -8, -8, -8, -8)
dish=81 E=Int4x8(6, 7, 6, 7, -8, -8, -8, -8)
dish=82 E=Int4x8(6, 7, 6, 7, 6, 7, -8, -8)
dish=83 E=Int4x8(6, 7, 6, 7, 6, 7, 6, 7)
dish=84 E=Int4x8(6, 7, -8, -8, -8, -8, -8, -8)
dish=85 E=Int4x8(6, 7, 6, 7, -8, -8, -8, -8)
dish=86 E=Int4x8(6, 7, 6, 7, 6, 7, -8, -8)
dish=87 E=Int4x8(6, 7, 6, 7, 6, 7, 6, 7)
dish=88 E=Int4x8(6, 7, -8, -8, -8, -8, -8, -8)
dish=89 E=Int4x8(6, 7, 6, 7, -8, -8, -8, -8)
dish=90 E=Int4x8(6, 7, 6, 7, 6, 7, -8, -8)
dish=91 E=Int4x8(6, 7, 6, 7, 6, 7, 6, 7)
dish=92 E=Int4x8(6, 7, -8, -8, -8, -8, -8, -8)
dish=93 E=Int4x8(6, 7, 6, 7, -8, -8, -8, -8)
dish=94 E=Int4x8(6, 7, 6, 7, 6, 7, -8, -8)
dish=95 E=Int4x8(6, 7, 6, 7, 6, 7, 6, 7)
dish=96 E=Int4x8(6, 7, -8, -8, -8, -8, -8, -8)
dish=97 E=Int4x8(6, 7, 6, 7, -8, -8, -8, -8)
dish=98 E=Int4x8(6, 7, 6, 7, 6, 7, -8, -8)
dish=99 E=Int4x8(6, 7, 6, 7, 6, 7, 6, 7)
dish=100 E=Int4x8(6, 7, -8, -8, -8, -8, -8, -8)
dish=101 E=Int4x8(6, 7, 6, 7, -8, -8, -8, -8)
dish=102 E=Int4x8(6, 7, 6, 7, 6, 7, -8, -8)
dish=103 E=Int4x8(6, 7, 6, 7, 6, 7, 6, 7)
dish=104 E=Int4x8(6, 7, -8, -8, -8, -8, -8, -8)
dish=105 E=Int4x8(6, 7, 6, 7, -8, -8, -8, -8)
dish=106 E=Int4x8(6, 7, 6, 7, 6, 7, -8, -8)
dish=107 E=Int4x8(6, 7, 6, 7, 6, 7, 6, 7)
dish=108 E=Int4x8(6, 7, -8, -8, -8, -8, -8, -8)
dish=109 E=Int4x8(6, 7, 6, 7, -8, -8, -8, -8)
dish=110 E=Int4x8(6, 7, 6, 7, 6, 7, -8, -8)
dish=111 E=Int4x8(6, 7, 6, 7, 6, 7, 6, 7)
dish=112 E=Int4x8(6, 7, -8, -8, -8, -8, -8, -8)
dish=113 E=Int4x8(6, 7, 6, 7, -8, -8, -8, -8)
dish=114 E=Int4x8(6, 7, 6, 7, 6, 7, -8, -8)
dish=115 E=Int4x8(6, 7, 6, 7, 6, 7, 6, 7)
dish=116 E=Int4x8(6, 7, -8, -8, -8, -8, -8, -8)
dish=117 E=Int4x8(6, 7, 6, 7, -8, -8, -8, -8)
dish=118 E=Int4x8(6, 7, 6, 7, 6, 7, -8, -8)
dish=119 E=Int4x8(6, 7, 6, 7, 6, 7, 6, 7)
dish=120 E=Int4x8(6, 7, -8, -8, -8, -8, -8, -8)
dish=121 E=Int4x8(6, 7, 6, 7, -8, -8, -8, -8)
dish=122 E=Int4x8(6, 7, 6, 7, 6, 7, -8, -8)
dish=123 E=Int4x8(6, 7, 6, 7, 6, 7, 6, 7)
dish=124 E=Int4x8(6, 7, -8, -8, -8, -8, -8, -8)
dish=125 E=Int4x8(6, 7, 6, 7, -8, -8, -8, -8)
dish=126 E=Int4x8(6, 7, 6, 7, 6, 7, -8, -8)
dish=127 E=Int4x8(6, 7, 6, 7, 6, 7, 6, 7)
dish=128 E=Int4x8(6, 7, -8, -8, -8, -8, -8, -8)
dish=129 E=Int4x8(6, 7, 6, 7, -8, -8, -8, -8)
dish=130 E=Int4x8(6, 7, 6, 7, 6, 7, -8, -8)
dish=131 E=Int4x8(6, 7, 6, 7, 6, 7, 6, 7)
dish=132 E=Int4x8(6, 7, -8, -8, -8, -8, -8, -8)
dish=133 E=Int4x8(6, 7, 6, 7, -8, -8, -8, -8)
dish=134 E=Int4x8(6, 7, 6, 7, 6, 7, -8, -8)
dish=135 E=Int4x8(6, 7, 6, 7, 6, 7, 6, 7)
dish=136 E=Int4x8(6, 7, -8, -8, -8, -8, -8, -8)
dish=137 E=Int4x8(6, 7, 6, 7, -8, -8, -8, -8)
dish=138 E=Int4x8(6, 7, 6, 7, 6, 7, -8, -8)
dish=139 E=Int4x8(6, 7, 6, 7, 6, 7, 6, 7)
dish=140 E=Int4x8(6, 7, -8, -8, -8, -8, -8, -8)
dish=141 E=Int4x8(6, 7, 6, 7, -8, -8, -8, -8)
dish=142 E=Int4x8(6, 7, 6, 7, 6, 7, -8, -8)
dish=143 E=Int4x8(6, 7, 6, 7, 6, 7, 6, 7)
dish=144 E=Int4x8(6, 7, -8, -8, -8, -8, -8, -8)
dish=145 E=Int4x8(6, 7, 6, 7, -8, -8, -8, -8)
dish=146 E=Int4x8(6, 7, 6, 7, 6, 7, -8, -8)
dish=147 E=Int4x8(6, 7, 6, 7, 6, 7, 6, 7)
dish=148 E=Int4x8(6, 7, -8, -8, -8, -8, -8, -8)
dish=149 E=Int4x8(6, 7, 6, 7, -8, -8, -8, -8)
dish=150 E=Int4x8(6, 7, 6, 7, 6, 7, -8, -8)
dish=151 E=Int4x8(6, 7, 6, 7, 6, 7, 6, 7)
dish=152 E=Int4x8(6, 7, -8, -8, -8, -8, -8, -8)
dish=153 E=Int4x8(6, 7, 6, 7, -8, -8, -8, -8)
dish=154 E=Int4x8(6, 7, 6, 7, 6, 7, -8, -8)
dish=155 E=Int4x8(6, 7, 6, 7, 6, 7, 6, 7)
dish=156 E=Int4x8(6, 7, -8, -8, -8, -8, -8, -8)
dish=157 E=Int4x8(6, 7, 6, 7, -8, -8, -8, -8)
dish=158 E=Int4x8(6, 7, 6, 7, 6, 7, -8, -8)
dish=159 E=Int4x8(6, 7, 6, 7, 6, 7, 6, 7)
dish=160 E=Int4x8(6, 7, -8, -8, -8, -8, -8, -8)
dish=161 E=Int4x8(6, 7, 6, 7, -8, -8, -8, -8)
dish=162 E=Int4x8(6, 7, 6, 7, 6, 7, -8, -8)
dish=163 E=Int4x8(6, 7, 6, 7, 6, 7, 6, 7)
dish=164 E=Int4x8(6, 7, -8, -8, -8, -8, -8, -8)
dish=165 E=Int4x8(6, 7, 6, 7, -8, -8, -8, -8)
dish=166 E=Int4x8(6, 7, 6, 7, 6, 7, -8, -8)
dish=167 E=Int4x8(6, 7, 6, 7, 6, 7, 6, 7)
dish=168 E=Int4x8(6, 7, -8, -8, -8, -8, -8, -8)
dish=169 E=Int4x8(6, 7, 6, 7, -8, -8, -8, -8)
dish=170 E=Int4x8(6, 7, 6, 7, 6, 7, -8, -8)
dish=171 E=Int4x8(6, 7, 6, 7, 6, 7, 6, 7)
dish=172 E=Int4x8(6, 7, -8, -8, -8, -8, -8, -8)
dish=173 E=Int4x8(6, 7, 6, 7, -8, -8, -8, -8)
dish=174 E=Int4x8(6, 7, 6, 7, 6, 7, -8, -8)
dish=175 E=Int4x8(6, 7, 6, 7, 6, 7, 6, 7)
dish=176 E=Int4x8(6, 7, -8, -8, -8, -8, -8, -8)
dish=177 E=Int4x8(6, 7, 6, 7, -8, -8, -8, -8)
dish=178 E=Int4x8(6, 7, 6, 7, 6, 7, -8, -8)
dish=179 E=Int4x8(6, 7, 6, 7, 6, 7, 6, 7)
dish=180 E=Int4x8(6, 7, -8, -8, -8, -8, -8, -8)
dish=181 E=Int4x8(6, 7, 6, 7, -8, -8, -8, -8)
dish=182 E=Int4x8(6, 7, 6, 7, 6, 7, -8, -8)
dish=183 E=Int4x8(6, 7, 6, 7, 6, 7, 6, 7)
dish=184 E=Int4x8(6, 7, -8, -8, -8, -8, -8, -8)
dish=185 E=Int4x8(6, 7, 6, 7, -8, -8, -8, -8)
dish=186 E=Int4x8(6, 7, 6, 7, 6, 7, -8, -8)
dish=187 E=Int4x8(6, 7, 6, 7, 6, 7, 6, 7)
dish=188 E=Int4x8(6, 7, -8, -8, -8, -8, -8, -8)
dish=189 E=Int4x8(6, 7, 6, 7, -8, -8, -8, -8)
dish=190 E=Int4x8(6, 7, 6, 7, 6, 7, -8, -8)
dish=191 E=Int4x8(6, 7, 6, 7, 6, 7, 6, 7)
dish=192 E=Int4x8(6, 7, -8, -8, -8, -8, -8, -8)
dish=193 E=Int4x8(6, 7, 6, 7, -8, -8, -8, -8)
dish=194 E=Int4x8(6, 7, 6, 7, 6, 7, -8, -8)
dish=195 E=Int4x8(6, 7, 6, 7, 6, 7, 6, 7)
dish=196 E=Int4x8(6, 7, -8, -8, -8, -8, -8, -8)
dish=197 E=Int4x8(6, 7, 6, 7, -8, -8, -8, -8)
dish=198 E=Int4x8(6, 7, 6, 7, 6, 7, -8, -8)
dish=199 E=Int4x8(6, 7, 6, 7, 6, 7, 6, 7)
dish=200 E=Int4x8(6, 7, -8, -8, -8, -8, -8, -8)
dish=201 E=Int4x8(6, 7, 6, 7, -8, -8, -8, -8)
dish=202 E=Int4x8(6, 7, 6, 7, 6, 7, -8, -8)
dish=203 E=Int4x8(6, 7, 6, 7, 6, 7, 6, 7)
dish=204 E=Int4x8(6, 7, -8, -8, -8, -8, -8, -8)
dish=205 E=Int4x8(6, 7, 6, 7, -8, -8, -8, -8)
dish=206 E=Int4x8(6, 7, 6, 7, 6, 7, -8, -8)
dish=207 E=Int4x8(6, 7, 6, 7, 6, 7, 6, 7)
dish=208 E=Int4x8(6, 7, -8, -8, -8, -8, -8, -8)
dish=209 E=Int4x8(6, 7, 6, 7, -8, -8, -8, -8)
dish=210 E=Int4x8(6, 7, 6, 7, 6, 7, -8, -8)
dish=211 E=Int4x8(6, 7, 6, 7, 6, 7, 6, 7)
dish=212 E=Int4x8(6, 7, -8, -8, -8, -8, -8, -8)
dish=213 E=Int4x8(6, 7, 6, 7, -8, -8, -8, -8)
dish=214 E=Int4x8(6, 7, 6, 7, 6, 7, -8, -8)
dish=215 E=Int4x8(6, 7, 6, 7, 6, 7, 6, 7)
dish=216 E=Int4x8(6, 7, -8, -8, -8, -8, -8, -8)
dish=217 E=Int4x8(6, 7, 6, 7, -8, -8, -8, -8)
dish=218 E=Int4x8(6, 7, 6, 7, 6, 7, -8, -8)
dish=219 E=Int4x8(6, 7, 6, 7, 6, 7, 6, 7)
dish=220 E=Int4x8(6, 7, -8, -8, -8, -8, -8, -8)
dish=221 E=Int4x8(6, 7, 6, 7, -8, -8, -8, -8)
dish=222 E=Int4x8(6, 7, 6, 7, 6, 7, -8, -8)
dish=223 E=Int4x8(6, 7, 6, 7, 6, 7, 6, 7)
dish=224 E=Int4x8(6, 7, -8, -8, -8, -8, -8, -8)
dish=225 E=Int4x8(6, 7, 6, 7, -8, -8, -8, -8)
dish=226 E=Int4x8(6, 7, 6, 7, 6, 7, -8, -8)
dish=227 E=Int4x8(6, 7, 6, 7, 6, 7, 6, 7)
dish=228 E=Int4x8(6, 7, -8, -8, -8, -8, -8, -8)
dish=229 E=Int4x8(6, 7, 6, 7, -8, -8, -8, -8)
dish=230 E=Int4x8(6, 7, 6, 7, 6, 7, -8, -8)
dish=231 E=Int4x8(6, 7, 6, 7, 6, 7, 6, 7)
dish=232 E=Int4x8(6, 7, -8, -8, -8, -8, -8, -8)
dish=233 E=Int4x8(6, 7, 6, 7, -8, -8, -8, -8)
dish=234 E=Int4x8(6, 7, 6, 7, 6, 7, -8, -8)
dish=235 E=Int4x8(6, 7, 6, 7, 6, 7, 6, 7)
dish=236 E=Int4x8(6, 7, -8, -8, -8, -8, -8, -8)
dish=237 E=Int4x8(6, 7, 6, 7, -8, -8, -8, -8)
dish=238 E=Int4x8(6, 7, 6, 7, 6, 7, -8, -8)
dish=239 E=Int4x8(6, 7, 6, 7, 6, 7, 6, 7)
dish=240 E=Int4x8(6, 7, -8, -8, -8, -8, -8, -8)
dish=241 E=Int4x8(6, 7, 6, 7, -8, -8, -8, -8)
dish=242 E=Int4x8(6, 7, 6, 7, 6, 7, -8, -8)
dish=243 E=Int4x8(6, 7, 6, 7, 6, 7, 6, 7)
dish=244 E=Int4x8(6, 7, -8, -8, -8, -8, -8, -8)
dish=245 E=Int4x8(6, 7, 6, 7, -8, -8, -8, -8)
dish=246 E=Int4x8(6, 7, 6, 7, 6, 7, -8, -8)
dish=247 E=Int4x8(6, 7, 6, 7, 6, 7, 6, 7)
dish=248 E=Int4x8(6, 7, -8, -8, -8, -8, -8, -8)
dish=249 E=Int4x8(6, 7, 6, 7, -8, -8, -8, -8)
dish=250 E=Int4x8(6, 7, 6, 7, 6, 7, -8, -8)
dish=251 E=Int4x8(6, 7, 6, 7, 6, 7, 6, 7)
dish=252 E=Int4x8(6, 7, -8, -8, -8, -8, -8, -8)
dish=253 E=Int4x8(6, 7, 6, 7, -8, -8, -8, -8)
dish=254 E=Int4x8(6, 7, 6, 7, 6, 7, -8, -8)
dish=255 E=Int4x8(6, 7, 6, 7, 6, 7, 6, 7)
dish=256 E=Int4x8(6, 7, -8, -8, -8, -8, -8, -8)
dish=257 E=Int4x8(6, 7, 6, 7, -8, -8, -8, -8)
dish=258 E=Int4x8(6, 7, 6, 7, 6, 7, -8, -8)
dish=259 E=Int4x8(6, 7, 6, 7, 6, 7, 6, 7)
dish=260 E=Int4x8(6, 7, -8, -8, -8, -8, -8, -8)
dish=261 E=Int4x8(6, 7, 6, 7, -8, -8, -8, -8)
dish=262 E=Int4x8(6, 7, 6, 7, 6, 7, -8, -8)
dish=263 E=Int4x8(6, 7, 6, 7, 6, 7, 6, 7)
dish=264 E=Int4x8(6, 7, -8, -8, -8, -8, -8, -8)
dish=265 E=Int4x8(6, 7, 6, 7, -8, -8, -8, -8)
dish=266 E=Int4x8(6, 7, 6, 7, 6, 7, -8, -8)
dish=267 E=Int4x8(6, 7, 6, 7, 6, 7, 6, 7)
dish=268 E=Int4x8(6, 7, -8, -8, -8, -8, -8, -8)
dish=269 E=Int4x8(6, 7, 6, 7, -8, -8, -8, -8)
dish=270 E=Int4x8(6, 7, 6, 7, 6, 7, -8, -8)
dish=271 E=Int4x8(6, 7, 6, 7, 6, 7, 6, 7)
dish=272 E=Int4x8(6, 7, -8, -8, -8, -8, -8, -8)
dish=273 E=Int4x8(6, 7, 6, 7, -8, -8, -8, -8)
dish=274 E=Int4x8(6, 7, 6, 7, 6, 7, -8, -8)
dish=275 E=Int4x8(6, 7, 6, 7, 6, 7, 6, 7)
dish=276 E=Int4x8(6, 7, -8, -8, -8, -8, -8, -8)
dish=277 E=Int4x8(6, 7, 6, 7, -8, -8, -8, -8)
dish=278 E=Int4x8(6, 7, 6, 7, 6, 7, -8, -8)
dish=279 E=Int4x8(6, 7, 6, 7, 6, 7, 6, 7)
dish=280 E=Int4x8(6, 7, -8, -8, -8, -8, -8, -8)
dish=281 E=Int4x8(6, 7, 6, 7, -8, -8, -8, -8)
dish=282 E=Int4x8(6, 7, 6, 7, 6, 7, -8, -8)
dish=283 E=Int4x8(6, 7, 6, 7, 6, 7, 6, 7)
dish=284 E=Int4x8(6, 7, -8, -8, -8, -8, -8, -8)
dish=285 E=Int4x8(6, 7, 6, 7, -8, -8, -8, -8)
dish=286 E=Int4x8(6, 7, 6, 7, 6, 7, -8, -8)
dish=287 E=Int4x8(6, 7, 6, 7, 6, 7, 6, 7)
dish=288 E=Int4x8(6, 7, -8, -8, -8, -8, -8, -8)
dish=289 E=Int4x8(6, 7, 6, 7, -8, -8, -8, -8)
dish=290 E=Int4x8(6, 7, 6, 7, 6, 7, -8, -8)
dish=291 E=Int4x8(6, 7, 6, 7, 6, 7, 6, 7)
dish=292 E=Int4x8(6, 7, -8, -8, -8, -8, -8, -8)
dish=293 E=Int4x8(6, 7, 6, 7, -8, -8, -8, -8)
dish=294 E=Int4x8(6, 7, 6, 7, 6, 7, -8, -8)
dish=295 E=Int4x8(6, 7, 6, 7, 6, 7, 6, 7)
dish=296 E=Int4x8(6, 7, -8, -8, -8, -8, -8, -8)
dish=297 E=Int4x8(6, 7, 6, 7, -8, -8, -8, -8)
dish=298 E=Int4x8(6, 7, 6, 7, 6, 7, -8, -8)
dish=299 E=Int4x8(6, 7, 6, 7, 6, 7, 6, 7)
dish=300 E=Int4x8(6, 7, -8, -8, -8, -8, -8, -8)
dish=301 E=Int4x8(6, 7, 6, 7, -8, -8, -8, -8)
dish=302 E=Int4x8(6, 7, 6, 7, 6, 7, -8, -8)
dish=303 E=Int4x8(6, 7, 6, 7, 6, 7, 6, 7)
dish=304 E=Int4x8(6, 7, -8, -8, -8, -8, -8, -8)
dish=305 E=Int4x8(6, 7, 6, 7, -8, -8, -8, -8)
dish=306 E=Int4x8(6, 7, 6, 7, 6, 7, -8, -8)
dish=307 E=Int4x8(6, 7, 6, 7, 6, 7, 6, 7)
dish=308 E=Int4x8(6, 7, -8, -8, -8, -8, -8, -8)
dish=309 E=Int4x8(6, 7, 6, 7, -8, -8, -8, -8)
dish=310 E=Int4x8(6, 7, 6, 7, 6, 7, -8, -8)
dish=311 E=Int4x8(6, 7, 6, 7, 6, 7, 6, 7)
dish=312 E=Int4x8(6, 7, -8, -8, -8, -8, -8, -8)
dish=313 E=Int4x8(6, 7, 6, 7, -8, -8, -8, -8)
dish=314 E=Int4x8(6, 7, 6, 7, 6, 7, -8, -8)
dish=315 E=Int4x8(6, 7, 6, 7, 6, 7, 6, 7)
dish=316 E=Int4x8(6, 7, -8, -8, -8, -8, -8, -8)
dish=317 E=Int4x8(6, 7, 6, 7, -8, -8, -8, -8)
dish=318 E=Int4x8(6, 7, 6, 7, 6, 7, -8, -8)
dish=319 E=Int4x8(6, 7, 6, 7, 6, 7, 6, 7)
dish=320 E=Int4x8(6, 7, -8, -8, -8, -8, -8, -8)
dish=321 E=Int4x8(6, 7, 6, 7, -8, -8, -8, -8)
dish=322 E=Int4x8(6, 7, 6, 7, 6, 7, -8, -8)
dish=323 E=Int4x8(6, 7, 6, 7, 6, 7, 6, 7)
dish=324 E=Int4x8(6, 7, -8, -8, -8, -8, -8, -8)
dish=325 E=Int4x8(6, 7, 6, 7, -8, -8, -8, -8)
dish=326 E=Int4x8(6, 7, 6, 7, 6, 7, -8, -8)
dish=327 E=Int4x8(6, 7, 6, 7, 6, 7, 6, 7)
dish=328 E=Int4x8(6, 7, -8, -8, -8, -8, -8, -8)
dish=329 E=Int4x8(6, 7, 6, 7, -8, -8, -8, -8)
dish=330 E=Int4x8(6, 7, 6, 7, 6, 7, -8, -8)
dish=331 E=Int4x8(6, 7, 6, 7, 6, 7, 6, 7)
dish=332 E=Int4x8(6, 7, -8, -8, -8, -8, -8, -8)
dish=333 E=Int4x8(6, 7, 6, 7, -8, -8, -8, -8)
dish=334 E=Int4x8(6, 7, 6, 7, 6, 7, -8, -8)
dish=335 E=Int4x8(6, 7, 6, 7, 6, 7, 6, 7)
dish=336 E=Int4x8(6, 7, -8, -8, -8, -8, -8, -8)
dish=337 E=Int4x8(6, 7, 6, 7, -8, -8, -8, -8)
dish=338 E=Int4x8(6, 7, 6, 7, 6, 7, -8, -8)
dish=339 E=Int4x8(6, 7, 6, 7, 6, 7, 6, 7)
dish=340 E=Int4x8(6, 7, -8, -8, -8, -8, -8, -8)
dish=341 E=Int4x8(6, 7, 6, 7, -8, -8, -8, -8)
dish=342 E=Int4x8(6, 7, 6, 7, 6, 7, -8, -8)
dish=343 E=Int4x8(6, 7, 6, 7, 6, 7, 6, 7)
dish=344 E=Int4x8(6, 7, -8, -8, -8, -8, -8, -8)
dish=345 E=Int4x8(6, 7, 6, 7, -8, -8, -8, -8)
dish=346 E=Int4x8(6, 7, 6, 7, 6, 7, -8, -8)
dish=347 E=Int4x8(6, 7, 6, 7, 6, 7, 6, 7)
dish=348 E=Int4x8(6, 7, -8, -8, -8, -8, -8, -8)
dish=349 E=Int4x8(6, 7, 6, 7, -8, -8, -8, -8)
dish=350 E=Int4x8(6, 7, 6, 7, 6, 7, -8, -8)
dish=351 E=Int4x8(6, 7, 6, 7, 6, 7, 6, 7)
dish=352 E=Int4x8(6, 7, -8, -8, -8, -8, -8, -8)
dish=353 E=Int4x8(6, 7, 6, 7, -8, -8, -8, -8)
dish=354 E=Int4x8(6, 7, 6, 7, 6, 7, -8, -8)
dish=355 E=Int4x8(6, 7, 6, 7, 6, 7, 6, 7)
dish=356 E=Int4x8(6, 7, -8, -8, -8, -8, -8, -8)
dish=357 E=Int4x8(6, 7, 6, 7, -8, -8, -8, -8)
dish=358 E=Int4x8(6, 7, 6, 7, 6, 7, -8, -8)
dish=359 E=Int4x8(6, 7, 6, 7, 6, 7, 6, 7)
dish=360 E=Int4x8(6, 7, -8, -8, -8, -8, -8, -8)
dish=361 E=Int4x8(6, 7, 6, 7, -8, -8, -8, -8)
dish=362 E=Int4x8(6, 7, 6, 7, 6, 7, -8, -8)
dish=363 E=Int4x8(6, 7, 6, 7, 6, 7, 6, 7)
dish=364 E=Int4x8(6, 7, -8, -8, -8, -8, -8, -8)
dish=365 E=Int4x8(6, 7, 6, 7, -8, -8, -8, -8)
dish=366 E=Int4x8(6, 7, 6, 7, 6, 7, -8, -8)
dish=367 E=Int4x8(6, 7, 6, 7, 6, 7, 6, 7)
dish=368 E=Int4x8(6, 7, -8, -8, -8, -8, -8, -8)
dish=369 E=Int4x8(6, 7, 6, 7, -8, -8, -8, -8)
dish=370 E=Int4x8(6, 7, 6, 7, 6, 7, -8, -8)
dish=371 E=Int4x8(6, 7, 6, 7, 6, 7, 6, 7)
dish=372 E=Int4x8(6, 7, -8, -8, -8, -8, -8, -8)
dish=373 E=Int4x8(6, 7, 6, 7, -8, -8, -8, -8)
dish=374 E=Int4x8(6, 7, 6, 7, 6, 7, -8, -8)
dish=375 E=Int4x8(6, 7, 6, 7, 6, 7, 6, 7)
dish=376 E=Int4x8(6, 7, -8, -8, -8, -8, -8, -8)
dish=377 E=Int4x8(6, 7, 6, 7, -8, -8, -8, -8)
dish=378 E=Int4x8(6, 7, 6, 7, 6, 7, -8, -8)
dish=379 E=Int4x8(6, 7, 6, 7, 6, 7, 6, 7)
dish=380 E=Int4x8(6, 7, -8, -8, -8, -8, -8, -8)
dish=381 E=Int4x8(6, 7, 6, 7, -8, -8, -8, -8)
dish=382 E=Int4x8(6, 7, 6, 7, 6, 7, -8, -8)
dish=383 E=Int4x8(6, 7, 6, 7, 6, 7, 6, 7)
dish=384 E=Int4x8(6, 7, -8, -8, -8, -8, -8, -8)
dish=385 E=Int4x8(6, 7, 6, 7, -8, -8, -8, -8)
dish=386 E=Int4x8(6, 7, 6, 7, 6, 7, -8, -8)
dish=387 E=Int4x8(6, 7, 6, 7, 6, 7, 6, 7)
dish=388 E=Int4x8(6, 7, -8, -8, -8, -8, -8, -8)
dish=389 E=Int4x8(6, 7, 6, 7, -8, -8, -8, -8)
dish=390 E=Int4x8(6, 7, 6, 7, 6, 7, -8, -8)
dish=391 E=Int4x8(6, 7, 6, 7, 6, 7, 6, 7)
dish=392 E=Int4x8(6, 7, -8, -8, -8, -8, -8, -8)
dish=393 E=Int4x8(6, 7, 6, 7, -8, -8, -8, -8)
dish=394 E=Int4x8(6, 7, 6, 7, 6, 7, -8, -8)
dish=395 E=Int4x8(6, 7, 6, 7, 6, 7, 6, 7)
dish=396 E=Int4x8(6, 7, -8, -8, -8, -8, -8, -8)
dish=397 E=Int4x8(6, 7, 6, 7, -8, -8, -8, -8)
dish=398 E=Int4x8(6, 7, 6, 7, 6, 7, -8, -8)
dish=399 E=Int4x8(6, 7, 6, 7, 6, 7, 6, 7)
dish=400 E=Int4x8(6, 7, -8, -8, -8, -8, -8, -8)
dish=401 E=Int4x8(6, 7, 6, 7, -8, -8, -8, -8)
dish=402 E=Int4x8(6, 7, 6, 7, 6, 7, -8, -8)
dish=403 E=Int4x8(6, 7, 6, 7, 6, 7, 6, 7)
dish=404 E=Int4x8(6, 7, -8, -8, -8, -8, -8, -8)
dish=405 E=Int4x8(6, 7, 6, 7, -8, -8, -8, -8)
dish=406 E=Int4x8(6, 7, 6, 7, 6, 7, -8, -8)
dish=407 E=Int4x8(6, 7, 6, 7, 6, 7, 6, 7)
dish=408 E=Int4x8(6, 7, -8, -8, -8, -8, -8, -8)
dish=409 E=Int4x8(6, 7, 6, 7, -8, -8, -8, -8)
dish=410 E=Int4x8(6, 7, 6, 7, 6, 7, -8, -8)
dish=411 E=Int4x8(6, 7, 6, 7, 6, 7, 6, 7)
dish=412 E=Int4x8(6, 7, -8, -8, -8, -8, -8, -8)
dish=413 E=Int4x8(6, 7, 6, 7, -8, -8, -8, -8)
dish=414 E=Int4x8(6, 7, 6, 7, 6, 7, -8, -8)
dish=415 E=Int4x8(6, 7, 6, 7, 6, 7, 6, 7)
dish=416 E=Int4x8(6, 7, -8, -8, -8, -8, -8, -8)
dish=417 E=Int4x8(6, 7, 6, 7, -8, -8, -8, -8)
dish=418 E=Int4x8(6, 7, 6, 7, 6, 7, -8, -8)
dish=419 E=Int4x8(6, 7, 6, 7, 6, 7, 6, 7)
dish=420 E=Int4x8(6, 7, -8, -8, -8, -8, -8, -8)
dish=421 E=Int4x8(6, 7, 6, 7, -8, -8, -8, -8)
dish=422 E=Int4x8(6, 7, 6, 7, 6, 7, -8, -8)
dish=423 E=Int4x8(6, 7, 6, 7, 6, 7, 6, 7)
dish=424 E=Int4x8(6, 7, -8, -8, -8, -8, -8, -8)
dish=425 E=Int4x8(6, 7, 6, 7, -8, -8, -8, -8)
dish=426 E=Int4x8(6, 7, 6, 7, 6, 7, -8, -8)
dish=427 E=Int4x8(6, 7, 6, 7, 6, 7, 6, 7)
dish=428 E=Int4x8(6, 7, -8, -8, -8, -8, -8, -8)
dish=429 E=Int4x8(6, 7, 6, 7, -8, -8, -8, -8)
dish=430 E=Int4x8(6, 7, 6, 7, 6, 7, -8, -8)
dish=431 E=Int4x8(6, 7, 6, 7, 6, 7, 6, 7)
dish=432 E=Int4x8(6, 7, -8, -8, -8, -8, -8, -8)
dish=433 E=Int4x8(6, 7, 6, 7, -8, -8, -8, -8)
dish=434 E=Int4x8(6, 7, 6, 7, 6, 7, -8, -8)
dish=435 E=Int4x8(6, 7, 6, 7, 6, 7, 6, 7)
dish=436 E=Int4x8(6, 7, -8, -8, -8, -8, -8, -8)
dish=437 E=Int4x8(6, 7, 6, 7, -8, -8, -8, -8)
dish=438 E=Int4x8(6, 7, 6, 7, 6, 7, -8, -8)
dish=439 E=Int4x8(6, 7, 6, 7, 6, 7, 6, 7)
dish=440 E=Int4x8(6, 7, -8, -8, -8, -8, -8, -8)
dish=441 E=Int4x8(6, 7, 6, 7, -8, -8, -8, -8)
dish=442 E=Int4x8(6, 7, 6, 7, 6, 7, -8, -8)
dish=443 E=Int4x8(6, 7, 6, 7, 6, 7, 6, 7)
dish=444 E=Int4x8(6, 7, -8, -8, -8, -8, -8, -8)
dish=445 E=Int4x8(6, 7, 6, 7, -8, -8, -8, -8)
dish=446 E=Int4x8(6, 7, 6, 7, 6, 7, -8, -8)
dish=447 E=Int4x8(6, 7, 6, 7, 6, 7, 6, 7)
dish=448 E=Int4x8(6, 7, -8, -8, -8, -8, -8, -8)
dish=449 E=Int4x8(6, 7, 6, 7, -8, -8, -8, -8)
dish=450 E=Int4x8(6, 7, 6, 7, 6, 7, -8, -8)
dish=451 E=Int4x8(6, 7, 6, 7, 6, 7, 6, 7)
dish=452 E=Int4x8(6, 7, -8, -8, -8, -8, -8, -8)
dish=453 E=Int4x8(6, 7, 6, 7, -8, -8, -8, -8)
dish=454 E=Int4x8(6, 7, 6, 7, 6, 7, -8, -8)
dish=455 E=Int4x8(6, 7, 6, 7, 6, 7, 6, 7)
dish=456 E=Int4x8(6, 7, -8, -8, -8, -8, -8, -8)
dish=457 E=Int4x8(6, 7, 6, 7, -8, -8, -8, -8)
dish=458 E=Int4x8(6, 7, 6, 7, 6, 7, -8, -8)
dish=459 E=Int4x8(6, 7, 6, 7, 6, 7, 6, 7)
dish=460 E=Int4x8(6, 7, -8, -8, -8, -8, -8, -8)
dish=461 E=Int4x8(6, 7, 6, 7, -8, -8, -8, -8)
dish=462 E=Int4x8(6, 7, 6, 7, 6, 7, -8, -8)
dish=463 E=Int4x8(6, 7, 6, 7, 6, 7, 6, 7)
dish=464 E=Int4x8(6, 7, -8, -8, -8, -8, -8, -8)
dish=465 E=Int4x8(6, 7, 6, 7, -8, -8, -8, -8)
dish=466 E=Int4x8(6, 7, 6, 7, 6, 7, -8, -8)
dish=467 E=Int4x8(6, 7, 6, 7, 6, 7, 6, 7)
dish=468 E=Int4x8(6, 7, -8, -8, -8, -8, -8, -8)
dish=469 E=Int4x8(6, 7, 6, 7, -8, -8, -8, -8)
dish=470 E=Int4x8(6, 7, 6, 7, 6, 7, -8, -8)
dish=471 E=Int4x8(6, 7, 6, 7, 6, 7, 6, 7)
dish=472 E=Int4x8(6, 7, -8, -8, -8, -8, -8, -8)
dish=473 E=Int4x8(6, 7, 6, 7, -8, -8, -8, -8)
dish=474 E=Int4x8(6, 7, 6, 7, 6, 7, -8, -8)
dish=475 E=Int4x8(6, 7, 6, 7, 6, 7, 6, 7)
dish=476 E=Int4x8(6, 7, -8, -8, -8, -8, -8, -8)
dish=477 E=Int4x8(6, 7, 6, 7, -8, -8, -8, -8)
dish=478 E=Int4x8(6, 7, 6, 7, 6, 7, -8, -8)
dish=479 E=Int4x8(6, 7, 6, 7, 6, 7, 6, 7)
dish=480 E=Int4x8(6, 7, -8, -8, -8, -8, -8, -8)
dish=481 E=Int4x8(6, 7, 6, 7, -8, -8, -8, -8)
dish=482 E=Int4x8(6, 7, 6, 7, 6, 7, -8, -8)
dish=483 E=Int4x8(6, 7, 6, 7, 6, 7, 6, 7)
dish=484 E=Int4x8(6, 7, -8, -8, -8, -8, -8, -8)
dish=485 E=Int4x8(6, 7, 6, 7, -8, -8, -8, -8)
dish=486 E=Int4x8(6, 7, 6, 7, 6, 7, -8, -8)
dish=487 E=Int4x8(6, 7, 6, 7, 6, 7, 6, 7)
dish=488 E=Int4x8(6, 7, -8, -8, -8, -8, -8, -8)
dish=489 E=Int4x8(6, 7, 6, 7, -8, -8, -8, -8)
dish=490 E=Int4x8(6, 7, 6, 7, 6, 7, -8, -8)
dish=491 E=Int4x8(6, 7, 6, 7, 6, 7, 6, 7)
dish=492 E=Int4x8(6, 7, -8, -8, -8, -8, -8, -8)
dish=493 E=Int4x8(6, 7, 6, 7, -8, -8, -8, -8)
dish=494 E=Int4x8(6, 7, 6, 7, 6, 7, -8, -8)
dish=495 E=Int4x8(6, 7, 6, 7, 6, 7, 6, 7)
dish=496 E=Int4x8(6, 7, -8, -8, -8, -8, -8, -8)
dish=497 E=Int4x8(6, 7, 6, 7, -8, -8, -8, -8)
dish=498 E=Int4x8(6, 7, 6, 7, 6, 7, -8, -8)
dish=499 E=Int4x8(6, 7, 6, 7, 6, 7, 6, 7)
dish=500 E=Int4x8(6, 7, -8, -8, -8, -8, -8, -8)
dish=501 E=Int4x8(6, 7, 6, 7, -8, -8, -8, -8)
dish=502 E=Int4x8(6, 7, 6, 7, 6, 7, -8, -8)
dish=503 E=Int4x8(6, 7, 6, 7, 6, 7, 6, 7)
dish=504 E=Int4x8(6, 7, -8, -8, -8, -8, -8, -8)
dish=505 E=Int4x8(6, 7, 6, 7, -8, -8, -8, -8)
dish=506 E=Int4x8(6, 7, 6, 7, 6, 7, -8, -8)
dish=507 E=Int4x8(6, 7, 6, 7, 6, 7, 6, 7)
dish=508 E=Int4x8(6, 7, -8, -8, -8, -8, -8, -8)
dish=509 E=Int4x8(6, 7, 6, 7, -8, -8, -8, -8)
dish=510 E=Int4x8(6, 7, 6, 7, 6, 7, -8, -8)
dish=511 E=Int4x8(6, 7, 6, 7, 6, 7, 6, 7)
dstime = 147
beamp=0 beamq=0 I=26.666666666666664
beamp=1 beamq=0 I=10.743107266224415
beamp=2 beamq=0 I=0.004478108460721402
beamp=3 beamq=0 I=1.293608037594428
beamp=4 beamq=0 I=0.001138935303805334
beamp=5 beamq=0 I=0.4447628507904289
beamp=6 beamq=0 I=0.0
beamp=7 beamq=0 I=0.23491756092364807
beamp=8 beamq=0 I=0.0003051749989583416
beamp=9 beamq=0 I=0.15951304569798647
beamp=10 beamq=0 I=0.0002058546946690175
beamp=11 beamq=0 I=0.10570618148903367
beamp=12 beamq=0 I=0.0
beamp=13 beamq=0 I=0.08129762247976573
beamp=14 beamq=0 I=0.0001212306090753535
beamp=15 beamq=0 I=0.07121662700376062
beamp=16 beamq=0 I=0.00010171272223562827
beamp=17 beamq=0 I=0.05712997351625613
beamp=18 beamq=0 I=0.0
beamp=19 beamq=0 I=0.05124910544451656
beamp=20 beamq=0 I=8.176872010168258e-5
beamp=21 beamq=0 I=0.05118306459885441
beamp=22 beamq=0 I=7.760383790840509e-5
beamp=23 beamq=0 I=0.04615165552338574
beamp=24 beamq=0 I=0.0
beamp=25 beamq=0 I=0.04615204977371918
beamp=26 beamq=0 I=7.761900402326825e-5
beamp=27 beamq=0 I=0.05118306459885441
beamp=28 beamq=0 I=8.178125217398007e-5
beamp=29 beamq=0 I=0.05125022718532579
beamp=30 beamq=0 I=0.0
beamp=31 beamq=0 I=0.057130728743219186
beamp=32 beamq=0 I=0.00010174941602698897
beamp=33 beamq=0 I=0.07121662700376062
beamp=34 beamq=0 I=0.0001212239424121072
beamp=35 beamq=0 I=0.08129882788092709
beamp=36 beamq=0 I=0.0
beamp=37 beamq=0 I=0.10570592292091813
beamp=38 beamq=0 I=0.00020584318003076963
beamp=39 beamq=0 I=0.15951304569798647
beamp=40 beamq=0 I=0.0003051500312273946
beamp=41 beamq=0 I=0.2349179467562208
beamp=42 beamq=0 I=0.0
beamp=43 beamq=0 I=0.44476192702413675
beamp=44 beamq=0 I=0.0011388864222938578
beamp=45 beamq=0 I=1.2936080375944279
beamp=46 beamq=0 I=0.004478138832262681
beamp=47 beamq=0 I=10.743110430582433
beamp=0 beamq=1 I=13.259532275337591
beamp=1 beamq=1 I=5.683311658261353
beamp=2 beamq=1 I=0.004478108530539839
beamp=3 beamq=1 I=0.6141824967467217
beamp=4 beamq=1 I=0.001138932798281148
beamp=5 beamq=1 I=0.20993479805005166
beamp=6 beamq=1 I=5.947300666988194e-17
beamp=7 beamq=1 I=0.12427597811490756
beamp=8 beamq=1 I=0.0003051742987521697
beamp=9 beamq=1 I=0.0757340154938787
beamp=10 beamq=1 I=0.0002058679514713543
beamp=11 beamq=1 I=0.04989491462404694
beamp=12 beamq=1 I=1.6850308764045547e-17
beamp=13 beamq=1 I=0.04300805419898936
beamp=14 beamq=1 I=0.00012123385801476076
beamp=15 beamq=1 I=0.03381241357461477
beamp=16 beamq=1 I=0.00010173875220938089
beamp=17 beamq=1 I=0.026966176298433498
beamp=18 beamq=1 I=2.032879073410321e-18
beamp=19 beamq=1 I=0.027111749768418743
beamp=20 beamq=1 I=8.178120559210265e-5
beamp=21 beamq=1 I=0.024300820357973294
beamp=22 beamq=1 I=7.761094471720838e-5
beamp=23 beamq=1 I=0.021784256961859753
beamp=24 beamq=1 I=1.0164395367051604e-18
beamp=25 beamq=1 I=0.02441532097818519
beamp=26 beamq=1 I=7.762144354198906e-5
beamp=27 beamq=1 I=0.02430082165428213
beamp=28 beamq=1 I=8.177296977234807e-5
beamp=29 beamq=1 I=0.02419089063621798
beamp=30 beamq=1 I=1.9696339466819996e-17
beamp=31 beamq=1 I=0.030223271224514424
beamp=32 beamq=1 I=0.00010175651042796406
beamp=33 beamq=1 I=0.03381241766176318
beamp=34 beamq=1 I=0.00012125350563036418
beamp=35 beamq=1 I=0.038374311887879195
beamp=36 beamq=1 I=9.895603578456238e-16
beamp=37 beamq=1 I=0.055920488482913325
beamp=38 beamq=1 I=0.00020583700742532378
beamp=39 beamq=1 I=0.07573402294789704
beamp=40 beamq=1 I=0.0003051522255601225
beamp=41 beamq=1 I=0.11088488135918509
beamp=42 beamq=1 I=5.257341509472731e-15
beamp=43 beamq=1 I=0.2352877514681091
beamp=44 beamq=1 I=0.001138911875849651
beamp=45 beamq=1 I=0.614182793431751
beamp=46 beamq=1 I=0.0044781528300467275
beamp=47 beamq=1 I=5.070910482991071
beamp=0 beamq=2 I=0.39954478537010024
beamp=1 beamq=2 I=0.19231612905329892
beamp=2 beamq=2 I=0.0044781106635435565
beamp=3 beamq=2 I=0.010508832730551318
beamp=4 beamq=2 I=0.001138931613110704
beamp=5 beamq=2 I=0.006667867979027346
beamp=6 beamq=2 I=1.1149212340392603e-16
beamp=7 beamq=2 I=0.004205342254691711
beamp=8 beamq=2 I=0.0003051760659166444
beamp=9 beamq=2 I=0.0012958288801073186
beamp=10 beamq=2 I=0.00020587362902963922
beamp=11 beamq=2 I=0.0015847438321314224
beamp=12 beamq=2 I=1.1022722086935961e-16
beamp=13 beamq=2 I=0.0014553407423113602
beamp=14 beamq=2 I=0.00012121310541824714
beamp=15 beamq=2 I=0.0005785398200736675
beamp=16 beamq=2 I=0.0001017283529505592
beamp=17 beamq=2 I=0.000856486052114072
beamp=18 beamq=2 I=2.350911710672735e-16
beamp=19 beamq=2 I=0.0009174305598185547
beamp=20 beamq=2 I=8.177272082068228e-5
beamp=21 beamq=2 I=0.0004157939100219699
beamp=22 beamq=2 I=7.761824483590359e-5
beamp=23 beamq=2 I=0.0006919012092080827
beamp=24 beamq=2 I=1.6488908039883712e-16
beamp=25 beamq=2 I=0.0008261816084008855
beamp=26 beamq=2 I=7.761559989786194e-5
beamp=27 beamq=2 I=0.000415793662513751
beamp=28 beamq=2 I=8.17694699924202e-5
beamp=29 beamq=2 I=0.0007683439358616296
beamp=30 beamq=2 I=1.714846436147906e-16
beamp=31 beamq=2 I=0.0010227218105294629
beamp=32 beamq=2 I=0.00010172404652233665
beamp=33 beamq=2 I=0.0005785406298091601
beamp=34 beamq=2 I=0.00012121873392523046
beamp=35 beamq=2 I=0.001218831145775829
beamp=36 beamq=2 I=1.1058862159352145e-16
beamp=37 beamq=2 I=0.0018922855535818642
beamp=38 beamq=2 I=0.00020586800918844374
beamp=39 beamq=2 I=0.0012958305183050525
beamp=40 beamq=2 I=0.00030517755913501456
beamp=41 beamq=2 I=0.0035218745930487316
beamp=42 beamq=2 I=2.1051592182426877e-17
beamp=43 beamq=2 I=0.00796184091824031
beamp=44 beamq=2 I=0.0011389319412785444
beamp=45 beamq=2 I=0.010508831686990164
beamp=46 beamq=2 I=0.004478106644113102
beamp=47 beamq=2 I=0.16106023297354477
beamp=0 beamq=3 I=1.1345417207366175
beamp=1 beamq=3 I=0.5384020087600343
beamp=2 beamq=3 I=0.004478108730458059
beamp=3 beamq=3 I=0.05993997858807619
beamp=4 beamq=3 I=0.0011389317712739828
beamp=5 beamq=3 I=0.015575197648992352
beamp=6 beamq=3 I=0.0
beamp=7 beamq=3 I=0.011773147945066047
beamp=8 beamq=3 I=0.00030517377902721736
beamp=9 beamq=3 I=0.0073911173318266035
beamp=10 beamq=3 I=0.00020586797920330764
beamp=11 beamq=3 I=0.003701736782077609
beamp=12 beamq=3 I=0.0
beamp=13 beamq=3 I=0.004074330457275404
beamp=14 beamq=3 I=0.0001212205462009636
beamp=15 beamq=3 I=0.0032998581420762515
beamp=16 beamq=3 I=0.00010173001658530471
beamp=17 beamq=3 I=0.002000636952956043
beamp=18 beamq=3 I=0.0
beamp=19 beamq=3 I=0.0025683859295690323
beamp=20 beamq=3 I=8.177572062759524e-5
beamp=21 beamq=3 I=0.00237159293299406
beamp=22 beamq=3 I=7.761484929796019e-5
beamp=23 beamq=3 I=0.0016161847219785983
beamp=24 beamq=3 I=0.0
beamp=25 beamq=3 I=0.002312975009279174
beamp=26 beamq=3 I=7.761594280929714e-5
beamp=27 beamq=3 I=0.002371593034713208
beamp=28 beamq=3 I=8.177273550675259e-5
beamp=29 beamq=3 I=0.001794737610436672
beamp=30 beamq=3 I=0.0
beamp=31 beamq=3 I=0.002863171304099946
beamp=32 beamq=3 I=0.00010173759006766512
beamp=33 beamq=3 I=0.0032998581705102068
beamp=34 beamq=3 I=0.0001212282570774
beamp=35 beamq=3 I=0.0028470299694329554
beamp=36 beamq=3 I=0.0
beamp=37 beamq=3 I=0.005297543769425019
beamp=38 beamq=3 I=0.00020585647106931838
beamp=39 beamq=3 I=0.007391117345288047
beamp=40 beamq=3 I=0.00030516849031680135
beamp=41 beamq=3 I=0.008226612300102923
beamp=42 beamq=3 I=0.0
beamp=43 beamq=3 I=0.022289681195984477
beamp=44 beamq=3 I=0.0011389196905858328
beamp=45 beamq=3 I=0.05993997867482283
beamp=46 beamq=3 I=0.004478152176148912
beamp=47 beamq=3 I=0.3762142159109848
beamp=0 beamq=4 I=0.35143736573715795
beamp=1 beamq=4 I=0.18344979405278067
beamp=2 beamq=4 I=0.004478109845749442
beamp=3 beamq=4 I=0.0099748228480602
beamp=4 beamq=4 I=0.0011389309574133134
beamp=5 beamq=4 I=0.005265357688362329
beamp=6 beamq=4 I=2.2587545260114674e-18
beamp=7 beamq=4 I=0.00401146301292536
beamp=8 beamq=4 I=0.0003051761095986009
beamp=9 beamq=4 I=0.0012299814201651004
beamp=10 beamq=4 I=0.00020587247196355738
beamp=11 beamq=4 I=0.0012514096914689418
beamp=12 beamq=4 I=6.997621521583526e-16
beamp=13 beamq=4 I=0.0013882436883154272
beamp=14 beamq=4 I=0.00012121355971883002
beamp=15 beamq=4 I=0.0005491407291076745
beamp=16 beamq=4 I=0.00010172896769350352
beamp=17 beamq=4 I=0.0006763362945807852
beamp=18 beamq=4 I=2.9063846237094753e-15
beamp=19 beamq=4 I=0.0008751303809736252
beamp=20 beamq=4 I=8.177342222431509e-5
beamp=21 beamq=4 I=0.0003946644603156098
beamp=22 beamq=4 I=7.761753353803619e-5
beamp=23 beamq=4 I=0.0005463694953164586
beamp=24 beamq=4 I=4.991847502485343e-16
beamp=25 beamq=4 I=0.0007880955680001187
beamp=26 beamq=4 I=7.761565803302024e-5
beamp=27 beamq=4 I=0.00039466430797856396
beamp=28 beamq=4 I=8.177057380517212e-5
beamp=29 beamq=4 I=0.00060673229029972
beamp=30 beamq=4 I=3.559797132994072e-15
beamp=31 beamq=4 I=0.0009755711213170109
beamp=32 beamq=4 I=0.00010172599776207203
beamp=33 beamq=4 I=0.0005491406014222907
beamp=34 beamq=4 I=0.00012121926950330812
beamp=35 beamq=4 I=0.0009624602962167613
beamp=36 beamq=4 I=6.184469892219398e-16
beamp=37 beamq=4 I=0.0018050369674207237
beamp=38 beamq=4 I=0.00020586975309700405
beamp=39 beamq=4 I=0.0012299816897810667
beamp=40 beamq=4 I=0.0003051780033863447
beamp=41 beamq=4 I=0.0027810838000426837
beamp=42 beamq=4 I=7.679765388438989e-16
beamp=43 beamq=4 I=0.007594784705840971
beamp=44 beamq=4 I=0.0011389356531297185
beamp=45 beamq=4 I=0.009974850088061865
beamp=46 beamq=4 I=0.004478127376672348
beamp=47 beamq=4 I=0.12718313495942016
beamp=0 beamq=5 I=0.2226482977613375
beamp=1 beamq=5 I=0.11773782202793107
beamp=2 beamq=5 I=0.00447811053395528
beamp=3 beamq=5 I=0.01628141625407656
beamp=4 beamq=5 I=0.001138932211406852
beamp=5 beamq=5 I=0.0025360441682761286
beamp=6 beamq=5 I=2.094768947423035e-16
beamp=7 beamq=5 I=0.0025745501788269347
beamp=8 beamq=5 I=0.0003051761854093267
beamp=9 beamq=5 I=0.0020076403829895713
beamp=10 beamq=5 I=0.0002058706750297929
beamp=11 beamq=5 I=0.0006027339808984887
beamp=12 beamq=5 I=1.9262658597825794e-16
beamp=13 beamq=5 I=0.0008909724523861852
beamp=14 beamq=5 I=0.00012121916814278632
beamp=15 beamq=5 I=0.0008963309698211434
beamp=16 beamq=5 I=0.00010172384435164943
beamp=17 beamq=5 I=0.0003257615968455018
beamp=18 beamq=5 I=2.4153539772998425e-15
beamp=19 beamq=5 I=0.0005616591568726236
beamp=20 beamq=5 I=8.177300140037292e-5
beamp=21 beamq=5 I=0.0006441930317820684
beamp=22 beamq=5 I=7.761513096166838e-5
beamp=23 beamq=5 I=0.000263156310209256
beamp=24 beamq=5 I=3.110304982317791e-16
beamp=25 beamq=5 I=0.0005057979656574142
beamp=26 beamq=5 I=7.76159316490638e-5
beamp=27 beamq=5 I=0.0006441927464622056
beamp=28 beamq=5 I=8.177355939665014e-5
beamp=29 beamq=5 I=0.00029222696598164486
beamp=30 beamq=5 I=1.1955248892999796e-14
beamp=31 beamq=5 I=0.0006261147880805712
beamp=32 beamq=5 I=0.0001017293854662615
beamp=33 beamq=5 I=0.0008963362976066411
beamp=34 beamq=5 I=0.00012122357163601962
beamp=35 beamq=5 I=0.00046357078036625844
beamp=36 beamq=5 I=2.1729218540230315e-15
beamp=37 beamq=5 I=0.001158469480891539
beamp=38 beamq=5 I=0.00020586645522243296
beamp=39 beamq=5 I=0.0020076388183818735
beamp=40 beamq=5 I=0.0003051770554012314
beamp=41 beamq=5 I=0.0013395101792068012
beamp=42 beamq=5 I=2.9909523931633445e-14
beamp=43 beamq=5 I=0.0048743135897073245
beamp=44 beamq=5 I=0.001138931349958834
beamp=45 beamq=5 I=0.016281373430211105
beamp=46 beamq=5 I=0.004478107245349663
beamp=47 beamq=5 I=0.061257358779790556
beamp=0 beamq=6 I=0.2813359546066202
beamp=1 beamq=6 I=0.15941110189097923
beamp=2 beamq=6 I=0.004478108001633802
beamp=3 beamq=6 I=0.00912531837695472
beamp=4 beamq=6 I=0.0011389314260042479
beamp=5 beamq=6 I=0.0036885254349983496
beamp=6 beamq=6 I=0.0
beamp=7 beamq=6 I=0.0034858188044575994
beamp=8 beamq=6 I=0.00030517517105158303
beamp=9 beamq=6 I=0.0011252306026622253
beamp=10 beamq=6 I=0.00020587230457455152
beamp=11 beamq=6 I=0.0008766472880362432
beamp=12 beamq=6 I=0.0
beamp=13 beamq=6 I=0.001206339380417133
beamp=14 beamq=6 I=0.00012121675267171318
beamp=15 beamq=6 I=0.0005023734906607888
beamp=16 beamq=6 I=0.00010173102411581
beamp=17 beamq=6 I=0.0004737856042820737
beamp=18 beamq=6 I=0.0
beamp=19 beamq=6 I=0.0007604510780481685
beamp=20 beamq=6 I=8.177395975181924e-5
beamp=21 beamq=6 I=0.0003610535348308308
beamp=22 beamq=6 I=7.761784844275805e-5
beamp=23 beamq=6 I=0.0003827482588801926
beamp=24 beamq=6 I=0.0
beamp=25 beamq=6 I=0.0006848285375642391
beamp=26 beamq=6 I=7.761719755524648e-5
beamp=27 beamq=6 I=0.0003610535306045572
beamp=28 beamq=6 I=8.177143219281115e-5
beamp=29 beamq=6 I=0.0004250384812512671
beamp=30 beamq=6 I=0.0
beamp=31 beamq=6 I=0.0008477409918960848
beamp=32 beamq=6 I=0.0001017282760138825
beamp=33 beamq=6 I=0.0005023734897066634
beamp=34 beamq=6 I=0.00012122162222129987
beamp=35 beamq=6 I=0.0006742264899162053
beamp=36 beamq=6 I=0.0
beamp=37 beamq=6 I=0.001568515296533013
beamp=38 beamq=6 I=0.00020586543505918725
beamp=39 beamq=6 I=0.0011252306295633585
beamp=40 beamq=6 I=0.0003051774408533405
beamp=41 beamq=6 I=0.0019482294707874573
beamp=42 beamq=6 I=0.0
beamp=43 beamq=6 I=0.006599588741805081
beamp=44 beamq=6 I=0.0011389368267303013
beamp=45 beamq=6 I=0.009125318400583705
beamp=46 beamq=6 I=0.0044781065352804345
beamp=47 beamq=6 I=0.08909529052971805
beamp=0 beamq=7 I=0.031580229326187356
beamp=1 beamq=7 I=0.020263362138099678
beamp=2 beamq=7 I=0.004478109234323128
beamp=3 beamq=7 I=0.005063377922254049
beamp=4 beamq=7 I=0.001138930270071885
beamp=5 beamq=7 I=0.00038100566776027667
beamp=6 beamq=7 I=2.2129018091334346e-16
beamp=7 beamq=7 I=0.00044309214319072324
beamp=8 beamq=7 I=0.00030517535766630665
beamp=9 beamq=7 I=0.000624357028935576
beamp=10 beamq=7 I=0.00020586986398028244
beamp=11 beamq=7 I=9.055288902185109e-5
beamp=12 beamq=7 I=4.185472136699249e-16
beamp=13 beamq=7 I=0.00015334102604625818
beamp=14 beamq=7 I=0.00012121286918893014
beamp=15 beamq=7 I=0.000278752138817761
beamp=16 beamq=7 I=0.00010173023394612036
beamp=17 beamq=7 I=4.8939919579899167e-5
beamp=18 beamq=7 I=3.1330732279399864e-15
beamp=19 beamq=7 I=9.666609645349647e-5
beamp=20 beamq=7 I=8.177211178708697e-5
beamp=21 beamq=7 I=0.00020033596040156562
beamp=22 beamq=7 I=7.761633034661058e-5
beamp=23 beamq=7 I=3.953560204986639e-5
beamp=24 beamq=7 I=1.4828723463265284e-16
beamp=25 beamq=7 I=8.705118780862628e-5
beamp=26 beamq=7 I=7.76154892273897e-5
beamp=27 beamq=7 I=0.0002003384589274999
beamp=28 beamq=7 I=8.177166506885103e-5
beamp=29 beamq=7 I=4.3903080490665283e-5
beamp=30 beamq=7 I=1.789317572870504e-15
beamp=31 beamq=7 I=0.0001077557080421423
beamp=32 beamq=7 I=0.00010172637353452338
beamp=33 beamq=7 I=0.00027875365963808587
beamp=34 beamq=7 I=0.00012121663172011226
beamp=35 beamq=7 I=6.964432519292744e-5
beamp=36 beamq=7 I=7.342307462252876e-16
beamp=37 beamq=7 I=0.00019937830864301533
beamp=38 beamq=7 I=0.00020587091579669635
beamp=39 beamq=7 I=0.0006243533462179699
beamp=40 beamq=7 I=0.0003051797517579228
beamp=41 beamq=7 I=0.00020124345468069098
beamp=42 beamq=7 I=1.0788030715419791e-13
beamp=43 beamq=7 I=0.0008389000245037726
beamp=44 beamq=7 I=0.0011389322221410777
beamp=45 beamq=7 I=0.00506341911319784
beamp=46 beamq=7 I=0.004478117016478473
beamp=47 beamq=7 I=0.009202996618960426
beamp=0 beamq=8 I=0.20182298805947735
beamp=1 beamq=8 I=0.12485075740325476
beamp=2 beamq=8 I=0.004478107504347147
beamp=3 beamq=8 I=0.008018229596566952
beamp=4 beamq=8 I=0.001138932087751789
beamp=5 beamq=8 I=0.0022152017155881634
beamp=6 beamq=8 I=8.167656366057466e-16
beamp=7 beamq=8 I=0.0027300832698277542
beamp=8 beamq=8 I=0.00030517541938568143
beamp=9 beamq=8 I=0.0009887183935323022
beamp=10 beamq=8 I=0.00020587200297422938
beamp=11 beamq=8 I=0.0005264822359806007
beamp=12 beamq=8 I=2.5027000148207057e-16
beamp=13 beamq=8 I=0.0009448004606730886
beamp=14 beamq=8 I=0.00012121720187815734
beamp=15 beamq=8 I=0.00044142505647505267
beamp=16 beamq=8 I=0.00010172545576637322
beamp=17 beamq=8 I=0.0002845451683121655
beamp=18 beamq=8 I=1.3264310078549742e-15
beamp=19 beamq=8 I=0.0005955940994891379
beamp=20 beamq=8 I=8.17728492970389e-5
beamp=21 beamq=8 I=0.00031725124641753823
beamp=22 beamq=8 I=7.761653721437108e-5
beamp=23 beamq=8 I=0.00022986415286348587
beamp=24 beamq=8 I=3.4782109195145386e-15
beamp=25 beamq=8 I=0.0005363546279709818
beamp=26 beamq=8 I=7.761642045657868e-5
beamp=27 beamq=8 I=0.00031724517940537013
beamp=28 beamq=8 I=8.177305104163215e-5
beamp=29 beamq=8 I=0.00025525709901723945
beamp=30 beamq=8 I=1.7695082956773836e-15
beamp=31 beamq=8 I=0.0006639481617465297
beamp=32 beamq=8 I=0.0001017275037846584
beamp=33 beamq=8 I=0.00044142508967561585
beamp=34 beamq=8 I=0.00012122204365391696
beamp=35 beamq=8 I=0.0004049225439353044
beamp=36 beamq=8 I=3.1801908473525854e-14
beamp=37 beamq=8 I=0.001228448899861171
beamp=38 beamq=8 I=0.0002058754269291638
beamp=39 beamq=8 I=0.0009887131174418722
beamp=40 beamq=8 I=0.00030517775211907455
beamp=41 beamq=8 I=0.0011700350478226775
beamp=42 beamq=8 I=5.1684821064194396e-15
beamp=43 beamq=8 I=0.00516878924808814
beamp=44 beamq=8 I=0.0011389457982326219
beamp=45 beamq=8 I=0.008018203652392007
beamp=46 beamq=8 I=0.004478069991124177
beamp=47 beamq=8 I=0.05350741889121394
beamp=0 beamq=9 I=0.0010627450499074997
beamp=1 beamq=9 I=0.0022525442261113276
beamp=2 beamq=9 I=0.004478111566106528
beamp=3 beamq=9 I=0.0012681152519597582
beamp=4 beamq=9 I=0.0011389327547554405
beamp=5 beamq=9 I=0.00032240926580743635
beamp=6 beamq=9 I=0.0
beamp=7 beamq=9 I=4.925597401953616e-5
beamp=8 beamq=9 I=0.00030517613212375746
beamp=9 beamq=9 I=0.0001563695269910682
beamp=10 beamq=9 I=0.00020587288320496425
beamp=11 beamq=9 I=7.662735180028325e-5
beamp=12 beamq=9 I=0.0
beamp=13 beamq=9 I=1.704649599095923e-5
beamp=14 beamq=9 I=0.00012121510561409485
beamp=15 beamq=9 I=6.981317767838208e-5
beamp=16 beamq=9 I=0.00010172860755629673
beamp=17 beamq=9 I=4.1413123888745066e-5
beamp=18 beamq=9 I=0.0
beamp=19 beamq=9 I=1.0745137667020051e-5
beamp=20 beamq=9 I=8.177244793044874e-5
beamp=21 beamq=9 I=5.017441813679058e-5
beamp=22 beamq=9 I=7.761589414555575e-5
beamp=23 beamq=9 I=3.345612221696021e-5
beamp=24 beamq=9 I=0.0
beamp=25 beamq=9 I=9.67700331692002e-6
beamp=26 beamq=9 I=7.761705079835294e-5
beamp=27 beamq=9 I=5.017441628312181e-5
beamp=28 beamq=9 I=8.1771747544834e-5
beamp=29 beamq=9 I=3.715249725843758e-5
beamp=30 beamq=9 I=0.0
beamp=31 beamq=9 I=1.1980718105759136e-5
beamp=32 beamq=9 I=0.00010172531031304947
beamp=33 beamq=9 I=6.981318743153342e-5
beamp=34 beamq=9 I=0.00012121955062233773
beamp=35 beamq=9 I=5.893209957163441e-5
beamp=36 beamq=9 I=0.0
beamp=37 beamq=9 I=2.2164015455893052e-5
beamp=38 beamq=9 I=0.00020587024042686416
beamp=39 beamq=9 I=0.00015636957111944284
beamp=40 beamq=9 I=0.00030518149043918315
beamp=41 beamq=9 I=0.0001702877297622872
beamp=42 beamq=9 I=0.0
beamp=43 beamq=9 I=9.325564920143207e-5
beamp=44 beamq=9 I=0.001138931419442359
beamp=45 beamq=9 I=0.0012681152844813129
beamp=46 beamq=9 I=0.004478117666497118
beamp=47 beamq=9 I=0.00778766039534845
beamp=0 beamq=10 I=0.12612141049576098
beamp=1 beamq=10 I=0.08623862790512193
beamp=2 beamq=10 I=0.0044781126469619365
beamp=3 beamq=10 I=0.006728976923581613
beamp=4 beamq=10 I=0.0011389302120701
beamp=5 beamq=10 I=0.0010704815678726008
beamp=6 beamq=10 I=3.1131961881110853e-15
beamp=7 beamq=10 I=0.0018857613571116403
beamp=8 beamq=10 I=0.00030517564409227266
beamp=9 beamq=10 I=0.0008297415483847884
beamp=10 beamq=10 I=0.00020587089350887242
beamp=11 beamq=10 I=0.0002544170139578842
beamp=12 beamq=10 I=4.2509760179535816e-16
beamp=13 beamq=10 I=0.000652604737297934
beamp=14 beamq=10 I=0.00012121448693956737
beamp=15 beamq=10 I=0.00037044866244388187
beamp=16 beamq=10 I=0.00010172723071749101
beamp=17 beamq=10 I=0.00013750994394784422
beamp=18 beamq=10 I=7.164769356508375e-16
beamp=19 beamq=10 I=0.00041140214121134075
beamp=20 beamq=10 I=8.17733239825648e-5
beamp=21 beamq=10 I=0.0002662393539112519
beamp=22 beamq=10 I=7.761642454275343e-5
beamp=23 beamq=10 I=0.00011107990018582414
beamp=24 beamq=10 I=1.035864825628859e-15
beamp=25 beamq=10 I=0.0003704792865571404
beamp=26 beamq=10 I=7.76170414212093e-5
beamp=27 beamq=10 I=0.0002662402279945386
beamp=28 beamq=10 I=8.177385767941226e-5
beamp=29 beamq=10 I=0.00012335318678641493
beamp=30 beamq=10 I=8.018768302720894e-14
beamp=31 beamq=10 I=0.000458597922978048
beamp=32 beamq=10 I=0.00010172310383745647
beamp=33 beamq=10 I=0.00037044512496884545
beamp=34 beamq=10 I=0.00012122350213440612
beamp=35 beamq=10 I=0.00019567988161592605
beamp=36 beamq=10 I=2.606946053705187e-14
beamp=37 beamq=10 I=0.000848544731061909
beamp=38 beamq=10 I=0.0002058678317339849
beamp=39 beamq=10 I=0.0008297441605433152
beamp=40 beamq=10 I=0.0003051738056299709
beamp=41 beamq=10 I=0.0005654162735176235
beamp=42 beamq=10 I=3.715362074709534e-14
beamp=43 beamq=10 I=0.003570271511549427
beamp=44 beamq=10 I=0.0011389080764539492
beamp=45 beamq=10 I=0.006728997864182206
beamp=46 beamq=10 I=0.004478136377793809
beamp=47 beamq=10 I=0.02585731556859739
beamp=0 beamq=11 I=0.015478526981100471
beamp=1 beamq=11 I=0.010631100213021709
beamp=2 beamq=11 I=0.004478109900596982
beamp=3 beamq=11 I=0.00010474458475925655
beamp=4 beamq=11 I=0.0011389321002397504
beamp=5 beamq=11 I=0.000627677125894018
beamp=6 beamq=11 I=8.211250328409487e-16
beamp=7 beamq=11 I=0.0002324675669290532
beamp=8 beamq=11 I=0.0003051752134463576
beamp=9 beamq=11 I=1.291622161679076e-5
beamp=10 beamq=11 I=0.00020587178280464258
beamp=11 beamq=11 I=0.00014918069569624676
beamp=12 beamq=11 I=4.742706878266278e-16
beamp=13 beamq=11 I=8.04513390270694e-5
beamp=14 beamq=11 I=0.00012121036216167828
beamp=15 beamq=11 I=5.766702062257132e-6
beamp=16 beamq=11 I=0.00010173262005782786
beamp=17 beamq=11 I=8.062613550015679e-5
beamp=18 beamq=11 I=1.975054957544427e-15
beamp=19 beamq=11 I=5.0715105539303443e-5
beamp=20 beamq=11 I=8.177375478016683e-5
beamp=21 beamq=11 I=4.144391621294296e-6
beamp=22 beamq=11 I=7.761694804293991e-5
beamp=23 beamq=11 I=6.51334943248745e-5
beamp=24 beamq=11 I=1.401240957756474e-15
beamp=25 beamq=11 I=4.567057650934476e-5
beamp=26 beamq=11 I=7.761419497214167e-5
beamp=27 beamq=11 I=4.144130434619794e-6
beamp=28 beamq=11 I=8.177064366072945e-5
beamp=29 beamq=11 I=7.232985422822222e-5
beamp=30 beamq=11 I=5.220636748425045e-14
beamp=31 beamq=11 I=5.6536628102375993e-5
beamp=32 beamq=11 I=0.00010171772365338128
beamp=33 beamq=11 I=5.7666349597298945e-6
beamp=34 beamq=11 I=0.00012121387973992824
beamp=35 beamq=11 I=0.00011473088133602458
beamp=36 beamq=11 I=1.093737956467967e-13
beamp=37 beamq=11 I=0.00010459940612557343
beamp=38 beamq=11 I=0.0002058712610063186
beamp=39 beamq=11 I=1.2916334101905909e-5
beamp=40 beamq=11 I=0.00030517850998066916
beamp=41 beamq=11 I=0.0003315298177076787
beamp=42 beamq=11 I=3.135625620554379e-14
beamp=43 beamq=11 I=0.000440124226824344
beamp=44 beamq=11 I=0.001138917650769071
beamp=45 beamq=11 I=0.00010474144601543107
beamp=46 beamq=11 I=0.004478101555889855
beamp=47 beamq=11 I=0.015161313921778084
beamp=0 beamq=12 I=0.06510416666666666
beamp=1 beamq=12 I=0.05032139278947746
beamp=2 beamq=12 I=0.004478109458333318
beamp=3 beamq=12 I=0.005345487758654661
beamp=4 beamq=12 I=0.0011389310362528425
beamp=5 beamq=12 I=0.0003780356233313253
beamp=6 beamq=12 I=0.0
beamp=7 beamq=12 I=0.0011003682365028104
beamp=8 beamq=12 I=0.00030517567030101893
beamp=9 beamq=12 I=0.0006591448169338284
beamp=10 beamq=12 I=0.00020587118692944593
beamp=11 beamq=12 I=8.984650855463819e-5
beamp=12 beamq=12 I=0.0
beamp=13 beamq=12 I=0.00038080609835812473
beamp=14 beamq=12 I=0.0001212168983947616
beamp=15 beamq=12 I=0.00029428358266016784
beamp=16 beamq=12 I=0.0001017291612507484
beamp=17 beamq=12 I=4.8560475045663135e-5
beamp=18 beamq=12 I=0.0
beamp=19 beamq=12 I=0.00024005499830660705
beamp=20 beamq=12 I=8.177359335990956e-5
beamp=21 beamq=12 I=0.0002115002669374149
beamp=22 beamq=12 I=7.761575515347012e-5
beamp=23 beamq=12 I=3.922727630064575e-5
beamp=24 beamq=12 I=0.0
beamp=25 beamq=12 I=0.00021618334169673818
beamp=26 beamq=12 I=7.761712660847707e-5
beamp=27 beamq=12 I=0.0002115002669374149
beamp=28 beamq=12 I=8.17708384814535e-5
beamp=29 beamq=12 I=4.356000353830369e-5
beamp=30 beamq=12 I=0.0
beamp=31 beamq=12 I=0.000267609037609208
beamp=32 beamq=12 I=0.00010172812184292111
beamp=33 beamq=12 I=0.00029428358266016784
beamp=34 beamq=12 I=0.00012122227033122344
beamp=35 beamq=12 I=6.910557913856452e-5
beamp=36 beamq=12 I=0.0
beamp=37 beamq=12 I=0.0004951342042913961
beamp=38 beamq=12 I=0.0002058697224531105
beamp=39 beamq=12 I=0.0006591448169338284
beamp=40 beamq=12 I=0.0003051774408294791
beamp=41 beamq=12 I=0.00019967477427888938
beamp=42 beamq=12 I=0.0
beamp=43 beamq=12 I=0.0020832922607696637
beamp=44 beamq=12 I=0.0011389306129873443
beamp=45 beamq=12 I=0.00534548775865466
beamp=46 beamq=12 I=0.004478121597808239
beamp=47 beamq=12 I=0.009131346337394868
beamp=0 beamq=13 I=0.03534329848677569
beamp=1 beamq=13 I=0.024966305611871915
beamp=2 beamq=13 I=0.004478116216608133
beamp=3 beamq=13 I=8.056296992684246e-5
beamp=4 beamq=13 I=0.00113893311033982
beamp=5 beamq=13 I=0.0007874409303455629
beamp=6 beamq=13 I=1.3099917924146627e-14
beamp=7 beamq=13 I=0.0005459349221638128
beamp=8 beamq=13 I=0.0003051779047652443
beamp=9 beamq=13 I=9.934770647131345e-6
beamp=10 beamq=13 I=0.00020587444268814747
beamp=11 beamq=13 I=0.00018714493442382378
beamp=12 beamq=13 I=8.145904559971976e-15
beamp=13 beamq=13 I=0.00018893914068283615
beamp=14 beamq=13 I=0.00012121979645964748
beamp=15 beamq=13 I=4.435354758650605e-6
beamp=16 beamq=13 I=0.00010171195957287271
beamp=17 beamq=13 I=0.00010113817817740468
beamp=18 beamq=13 I=5.760004741691323e-15
beamp=19 beamq=13 I=0.00011910156066171882
beamp=20 beamq=13 I=8.17677548978056e-5
beamp=21 beamq=13 I=3.187325201957295e-6
beamp=22 beamq=13 I=7.761974590975046e-5
beamp=23 beamq=13 I=8.170995055471297e-5
beamp=24 beamq=13 I=1.4401818857849116e-15
beamp=25 beamq=13 I=0.00010725596532358653
beamp=26 beamq=13 I=7.761406887829348e-5
beamp=27 beamq=13 I=3.1873642127839052e-6
beamp=28 beamq=13 I=8.177893193710422e-5
beamp=29 beamq=13 I=9.073506039020651e-5
beamp=30 beamq=13 I=2.4870016708649263e-14
beamp=31 beamq=13 I=0.00013279090841282658
beamp=32 beamq=13 I=0.00010172900971736397
beamp=33 beamq=13 I=4.435072478609068e-6
beamp=34 beamq=13 I=0.00012121527987168518
beamp=35 beamq=13 I=0.00014393812661289178
beamp=36 beamq=13 I=1.3958149776340892e-13
beamp=37 beamq=13 I=0.00024565133131192505
beamp=38 beamq=13 I=0.00020587119694360633
beamp=39 beamq=13 I=9.932940010864403e-6
beamp=40 beamq=13 I=0.00030517145414584595
beamp=41 beamq=13 I=0.0004158965293582973
beamp=42 beamq=13 I=8.785090077999037e-13
beamp=43 beamq=13 I=0.0010336190210554997
beamp=44 beamq=13 I=0.00113892474454438
beamp=45 beamq=13 I=8.05686042776717e-5
beamp=46 beamq=13 I=0.0044781102178315275
beamp=47 beamq=13 I=0.019020377948883834
beamp=0 beamq=14 I=0.02502042713213818
beamp=1 beamq=14 I=0.02255868418261945
beamp=2 beamq=14 I=0.00447810641483407
beamp=3 beamq=14 I=0.003962006062196651
beamp=4 beamq=14 I=0.0011389321271563781
beamp=5 beamq=14 I=0.00013940706569770414
beamp=6 beamq=14 I=1.2006635558466556e-14
beamp=7 beamq=14 I=0.0004932855040735729
beamp=8 beamq=14 I=0.000305171082699209
beamp=9 beamq=14 I=0.000488551280673694
beamp=10 beamq=14 I=0.000205875422943574
beamp=11 beamq=14 I=3.313317445983585e-5
beamp=12 beamq=14 I=7.237049501340742e-15
beamp=13 beamq=14 I=0.00017070774368824117
beamp=14 beamq=14 I=0.00012119652169953002
beamp=15 beamq=14 I=0.00021811987307112773
beamp=16 beamq=14 I=0.00010173720981058794
beamp=17 beamq=14 I=1.7903539372277285e-5
beamp=18 beamq=14 I=1.6814259041810404e-14
beamp=19 beamq=14 I=0.00010761601306801211
beamp=20 beamq=14 I=8.177230893441663e-5
beamp=21 beamq=14 I=0.00015676111939674423
beamp=22 beamq=14 I=7.761615486393504e-5
beamp=23 beamq=14 I=1.4466527500317354e-5
beamp=24 beamq=14 I=1.5036619229839378e-14
beamp=25 beamq=14 I=9.690931450760299e-5
beamp=26 beamq=14 I=7.760921299205221e-5
beamp=27 beamq=14 I=0.00015676040082593886
beamp=28 beamq=14 I=8.176996651385274e-5
beamp=29 beamq=14 I=1.6067496230910245e-5
beamp=30 beamq=14 I=1.3095806990909287e-14
beamp=31 beamq=14 I=0.00011997683951087933
beamp=32 beamq=14 I=0.00010171159235255866
beamp=33 beamq=14 I=0.0002181172595424769
beamp=34 beamq=14 I=0.00012121039272692258
beamp=35 beamq=14 I=2.5477578835360835e-5
beamp=36 beamq=14 I=4.819097956335986e-14
beamp=37 beamq=14 I=0.0002219552842174658
beamp=38 beamq=14 I=0.0002058771790977612
beamp=39 beamq=14 I=0.0004885263625491651
beamp=40 beamq=14 I=0.0003051781596367064
beamp=41 beamq=14 I=7.363263309358923e-5
beamp=42 beamq=14 I=2.741557884935556e-13
beamp=43 beamq=14 I=0.0009339366627556967
beamp=44 beamq=14 I=0.0011389384227348202
beamp=45 beamq=14 I=0.003961990205339748
beamp=46 beamq=14 I=0.004478190276270305
beamp=47 beamq=14 I=0.003367231398084619
beamp=0 beamq=15 I=0.0454684145116416
beamp=1 beamq=15 I=0.035373036132022306
beamp=2 beamq=15 I=0.004478110658063547
beamp=3 beamq=15 I=0.0005661661366951704
beamp=4 beamq=15 I=0.0011389312184022307
beamp=5 beamq=15 I=0.0006946723160170736
beamp=6 beamq=15 I=0.0
beamp=7 beamq=15 I=0.0007734938618522158
beamp=8 beamq=15 I=0.0003051760992313249
beamp=9 beamq=15 I=6.981317767838208e-5
beamp=10 beamq=15 I=0.00020587237665150066
beamp=11 beamq=15 I=0.00016510223911877318
beamp=12 beamq=15 I=0.0
beamp=13 beamq=15 I=0.0002676846751547083
beamp=14 beamq=15 I=0.00012121555470591001
beamp=15 beamq=15 I=3.116898249403155e-5
beamp=16 beamq=15 I=0.00010172833702706197
beamp=17 beamq=15 I=8.922941177965383e-5
beamp=18 beamq=15 I=0.0
beamp=19 beamq=15 I=0.00016874288317265672
beamp=20 beamq=15 I=8.177205920125046e-5
beamp=21 beamq=15 I=2.240100010162655e-5
beamp=22 beamq=15 I=7.761665289022159e-5
beamp=23 beamq=15 I=7.208425648801945e-5
beamp=24 beamq=15 I=0.0
beamp=25 beamq=15 I=0.00015196488863435987
beamp=26 beamq=15 I=7.761695168024973e-5
beamp=27 beamq=15 I=2.240100667617323e-5
beamp=28 beamq=15 I=8.177109612365302e-5
beamp=29 beamq=15 I=8.005079825315117e-5
beamp=30 beamq=15 I=0.0
beamp=31 beamq=15 I=0.00018811602967496664
beamp=32 beamq=15 I=0.00010172385861255173
beamp=33 beamq=15 I=3.116898127268684e-5
beamp=34 beamq=15 I=0.00012121939806261055
beamp=35 beamq=15 I=0.00012698089084872992
beamp=36 beamq=15 I=0.0
beamp=37 beamq=15 I=0.0003480507096602492
beamp=38 beamq=15 I=0.00020586823532680408
beamp=39 beamq=15 I=6.981318743153342e-5
beamp=40 beamq=15 I=0.00030517789820267663
beamp=41 beamq=15 I=0.00036691596745203406
beamp=42 beamq=15 I=0.0
beamp=43 beamq=15 I=0.001464433583064095
beamp=44 beamq=15 I=0.0011389313277156677
beamp=45 beamq=15 I=0.0005661661542442131
beamp=46 beamq=15 I=0.004478111786276728
beamp=47 beamq=15 I=0.016779597134615337
beamp=0 beamq=16 I=0.006510260671070087
beamp=1 beamq=16 I=0.005945229184470649
beamp=2 beamq=16 I=0.004478107279829601
beamp=3 beamq=16 I=0.0026727237929673932
beamp=4 beamq=16 I=0.001138931669081232
beamp=5 beamq=16 I=0.0002461305099628518
beamp=6 beamq=16 I=4.980915130579447e-15
beamp=7 beamq=16 I=0.0001300036782569814
beamp=8 beamq=16 I=0.0003051768204626107
beamp=9 beamq=16 I=0.00032956507626461467
beamp=10 beamq=16 I=0.0002058636135367715
beamp=11 beamq=16 I=5.8493897783131336e-5
beamp=12 beamq=16 I=1.445602896647339e-14
beamp=13 beamq=16 I=4.4985143758408014e-5
beamp=14 beamq=16 I=0.00012123442836301768
beamp=15 beamq=16 I=0.00014713949365591938
beamp=16 beamq=16 I=0.00010171728506604152
beamp=17 beamq=16 I=3.161707597950104e-5
beamp=18 beamq=16 I=5.931489385306114e-16
beamp=19 beamq=16 I=2.8360513643053013e-5
beamp=20 beamq=16 I=8.176704989931425e-5
beamp=21 beamq=16 I=0.00010574918029413729
beamp=22 beamq=16 I=7.761450316125037e-5
beamp=23 beamq=16 I=2.554060845467005e-5
beamp=24 beamq=16 I=3.5597971329940726e-16
beamp=25 beamq=16 I=2.5541278500301442e-5
beamp=26 beamq=16 I=7.761505703240161e-5
beamp=27 beamq=16 I=0.00010574729862974024
beamp=28 beamq=16 I=8.178185335750514e-5
beamp=29 beamq=16 I=2.8354848952732847e-5
beamp=30 beamq=16 I=3.667386128577051e-14
beamp=31 beamq=16 I=3.160686271504831e-5
beamp=32 beamq=16 I=0.0001017161269192817
beamp=33 beamq=16 I=0.0001471334163931157
beamp=34 beamq=16 I=0.000121193622136373
beamp=35 beamq=16 I=4.4990146512033315e-5
beamp=36 beamq=16 I=7.366295435319117e-14
beamp=37 beamq=16 I=5.849669073923581e-5
beamp=38 beamq=16 I=0.00020589121779942258
beamp=39 beamq=16 I=0.00032955539006702196
beamp=40 beamq=16 I=0.0003051848394686092
beamp=41 beamq=16 I=0.00012997798519004283
beamp=42 beamq=16 I=3.3109546643724414e-13
beamp=43 beamq=16 I=0.0002461306057758894
beamp=44 beamq=16 I=0.0011390307285067984
beamp=45 beamq=16 I=0.002672470220306226
beamp=46 beamq=16 I=0.004478129317049738
beamp=47 beamq=16 I=0.00594553497336333
beamp=0 beamq=17 I=0.04269127613791788
beamp=1 beamq=17 I=0.037778926999020745
beamp=2 beamq=17 I=0.004478111911846276
beamp=3 beamq=17 I=0.0012313781677841637
beamp=4 beamq=17 I=0.0011389272631293205
beamp=5 beamq=17 I=0.0004288161562390286
beamp=6 beamq=17 I=1.6105574809274305e-14
beamp=7 beamq=17 I=0.0008261080051357246
beamp=8 beamq=17 I=0.0003051719810053048
beamp=9 beamq=17 I=0.00015184190118564816
beamp=10 beamq=17 I=0.00020586988269923157
beamp=11 beamq=17 I=0.00010191779658325404
beamp=12 beamq=17 I=7.663434593215926e-15
beamp=13 beamq=17 I=0.0002858911852366407
beamp=14 beamq=17 I=0.00012122771073416156
beamp=15 beamq=17 I=6.779111547454615e-5
beamp=16 beamq=17 I=0.00010174248805579369
beamp=17 beamq=17 I=5.50772340241155e-5
beamp=18 beamq=17 I=9.09216459355396e-15
beamp=19 beamq=17 I=0.0001801980756741922
beamp=20 beamq=17 I=8.177521976088943e-5
beamp=21 beamq=17 I=4.87207307264181e-5
beamp=22 beamq=17 I=7.761029994036605e-5
beamp=23 beamq=17 I=4.450066552116033e-5
beamp=24 beamq=17 I=1.6958728981294097e-14
beamp=25 beamq=17 I=0.00016229828895051053
beamp=26 beamq=17 I=7.761597024614869e-5
beamp=27 beamq=17 I=4.8723134166156796e-5
beamp=28 beamq=17 I=8.176681275828238e-5
beamp=29 beamq=17 I=4.942666093868761e-5
beamp=30 beamq=17 I=7.035681535346819e-14
beamp=31 beamq=17 I=0.00020092708932623537
beamp=32 beamq=17 I=0.00010176801839030086
beamp=33 beamq=17 I=6.77932420380797e-5
beamp=34 beamq=17 I=0.00012121419268039099
beamp=35 beamq=17 I=7.835753831337954e-5
beamp=36 beamq=17 I=7.499546141072112e-14
beamp=37 beamq=17 I=0.0003717360846570259
beamp=38 beamq=17 I=0.00020583946330866658
beamp=39 beamq=17 I=0.00015184812177756557
beamp=40 beamq=17 I=0.0003051742681147371
beamp=41 beamq=17 I=0.00022647724138037556
beamp=42 beamq=17 I=1.6594766829499766e-13
beamp=43 beamq=17 I=0.0015640569585373162
beamp=44 beamq=17 I=0.0011388530940491504
beamp=45 beamq=17 I=0.0012315102350837566
beamp=46 beamq=17 I=0.004478439022702141
beamp=47 beamq=17 I=0.010358226233522396
beamp=0 beamq=18 I=0.005122372932819298
beamp=1 beamq=18 I=0.0005106593952378021
beamp=2 beamq=18 I=0.004478109394706791
beamp=3 beamq=18 I=0.001565657101753105
beamp=4 beamq=18 I=0.001138934602018507
beamp=5 beamq=18 I=0.0005205984201800983
beamp=6 beamq=18 I=0.0
beamp=7 beamq=18 I=1.1166888794594086e-5
beamp=8 beamq=18 I=0.00030517533096762004
beamp=9 beamq=18 I=0.0001930590386795215
beamp=10 beamq=18 I=0.00020587294548111203
beamp=11 beamq=18 I=0.00012373137918648752
beamp=12 beamq=18 I=0.0
beamp=13 beamq=18 I=3.864541142882278e-6
beamp=14 beamq=18 I=0.00012121388314762688
beamp=15 beamq=18 I=8.619366463917626e-5
beamp=16 beamq=18 I=0.00010172694665317597
beamp=17 beamq=18 I=6.687070634009309e-5
beamp=18 beamq=18 I=0.0
beamp=19 beamq=18 I=2.436004897890056e-6
beamp=20 beamq=18 I=8.177211052233297e-5
beamp=21 beamq=18 I=6.194699484205712e-5
beamp=22 beamq=18 I=7.761756085891405e-5
beamp=23 beamq=18 I=5.4021289571951375e-5
beamp=24 beamq=18 I=0.0
beamp=25 beamq=18 I=2.193866230537727e-6
beamp=26 beamq=18 I=7.761531189762044e-5
beamp=27 beamq=18 I=6.194699061578355e-5
beamp=28 beamq=18 I=8.177052520155604e-5
beamp=29 beamq=18 I=5.999030305301649e-5
beamp=30 beamq=18 I=0.0
beamp=31 beamq=18 I=2.716425780529668e-6
beamp=32 beamq=18 I=0.00010172447256377185
beamp=33 beamq=18 I=8.619366368505088e-5
beamp=34 beamq=18 I=0.00012121513508946809
beamp=35 beamq=18 I=9.515825229187175e-5
beamp=36 beamq=18 I=0.0
beamp=37 beamq=18 I=5.02497287299339e-6
beamp=38 beamq=18 I=0.00020586872367872708
beamp=39 beamq=18 I=0.00019305906558065474
beamp=40 beamq=18 I=0.0003051782620758338
beamp=41 beamq=18 I=0.0002749722851417736
beamp=42 beamq=18 I=0.0
beamp=43 beamq=18 I=2.1140898050605283e-5
beamp=44 beamq=18 I=0.0011389300566041383
beamp=45 beamq=18 I=0.0015656571253820902
beamp=46 beamq=18 I=0.00447811205404759
beamp=47 beamq=18 I=0.012574914489537377
beamp=0 beamq=19 I=0.03080591686909047
beamp=1 beamq=19 I=0.03227136199977904
beamp=2 beamq=19 I=0.004478119405364283
beamp=3 beamq=19 I=0.001876054798591572
beamp=4 beamq=19 I=0.001138925145403715
beamp=5 beamq=19 I=0.0001481173050498838
beamp=6 beamq=19 I=3.3552669106637345e-14
beamp=7 beamq=19 I=0.0007056702728692344
beamp=8 beamq=19 I=0.0003051733273239818
beamp=9 beamq=19 I=0.00023133454211607147
beamp=10 beamq=19 I=0.00020587163799774285
beamp=11 beamq=19 I=3.520295714164721e-5
beamp=12 beamq=19 I=1.3990386720936127e-14
beamp=13 beamq=19 I=0.00024421609395400994
beamp=14 beamq=19 I=0.00012121599864161927
beamp=15 beamq=19 I=0.00010328257028046566
beamp=16 beamq=19 I=0.00010174108294120337
beamp=17 beamq=19 I=1.9027910793110266e-5
beamp=18 beamq=19 I=6.028186666564664e-15
beamp=19 beamq=19 I=0.0001539502283443684
beamp=20 beamq=19 I=8.177199776570994e-5
beamp=21 beamq=19 I=7.422978329930958e-5
beamp=22 beamq=19 I=7.7614156183151e-5
beamp=23 beamq=19 I=1.5368639726566438e-5
beamp=24 beamq=19 I=3.5107369846891037e-15
beamp=25 beamq=19 I=0.00013863836255354576
beamp=26 beamq=19 I=7.761699886623882e-5
beamp=27 beamq=19 I=7.423074774570598e-5
beamp=28 beamq=19 I=8.177440528369718e-5
beamp=29 beamq=19 I=1.706834307236698e-5
beamp=30 beamq=19 I=3.814810518980767e-15
beamp=31 beamq=19 I=0.00017161338472923332
beamp=32 beamq=19 I=0.00010171815497075304
beamp=33 beamq=19 I=0.0001032825583132038
beamp=34 beamq=19 I=0.00012121028308601336
beamp=35 beamq=19 I=2.70778738877068e-5
beamp=36 beamq=19 I=1.6515742043652727e-14
beamp=37 beamq=19 I=0.0003175433214371868
beamp=38 beamq=19 I=0.000205874252763702
beamp=39 beamq=19 I=0.00023133366642114073
beamp=40 beamq=19 I=0.0003051729565305487
beamp=41 beamq=19 I=7.823700158407245e-5
beamp=42 beamq=19 I=5.2117711369104495e-14
beamp=43 beamq=19 I=0.0013360215492017572
beamp=44 beamq=19 I=0.001138962692484145
beamp=45 beamq=19 I=0.0018760346948778035
beamp=46 beamq=19 I=0.004478051062183458
beamp=47 beamq=19 I=0.0035777227237759578
beamp=0 beamq=20 I=0.013146281751515585
beamp=1 beamq=20 I=0.0036129204876222025
beamp=2 beamq=20 I=0.0044781119231387615
beamp=3 beamq=20 I=0.0007161590125863929
beamp=4 beamq=20 I=0.0011389337607991443
beamp=5 beamq=20 I=0.0007737494622916191
beamp=6 beamq=20 I=2.0147096520030845e-14
beamp=7 beamq=20 I=7.900295588985178e-5
beamp=8 beamq=20 I=0.0003051756582456251
beamp=9 beamq=20 I=8.83101055785781e-5
beamp=10 beamq=20 I=0.00020587088009892728
beamp=11 beamq=20 I=0.00018389304191522912
beamp=12 beamq=20 I=6.812403650450586e-16
beamp=13 beamq=20 I=2.7339953485202462e-5
beamp=14 beamq=20 I=0.00012121265218299968
beamp=15 beamq=20 I=3.942717738422523e-5
beamp=16 beamq=20 I=0.0001017225834930274
beamp=17 beamq=20 I=9.939326660316359e-5
beamp=18 beamq=20 I=1.1456402955930162e-16
beamp=19 beamq=20 I=1.7233429813060546e-5
beamp=20 beamq=20 I=8.177270963534767e-5
beamp=21 beamq=20 I=2.833633543813304e-5
beamp=22 beamq=20 I=7.761959501953855e-5
beamp=23 beamq=20 I=8.029429447370706e-5
beamp=24 beamq=20 I=9.408164351742965e-16
beamp=25 beamq=20 I=1.5521034477523978e-5
beamp=26 beamq=20 I=7.761497070998773e-5
beamp=27 beamq=20 I=2.833608963602393e-5
beamp=28 beamq=20 I=8.17707567070189e-5
beamp=29 beamq=20 I=8.91631526344311e-5
beamp=30 beamq=20 I=6.293612910916272e-15
beamp=31 beamq=20 I=1.9208560053084312e-5
beamp=32 beamq=20 I=0.00010171652598697835
beamp=33 beamq=20 I=3.942793872069463e-5
beamp=34 beamq=20 I=0.0001212172639965856
beamp=35 beamq=20 I=0.00014142657318332415
beamp=36 beamq=20 I=1.8666347402958765e-15
beamp=37 beamq=20 I=3.5550261383185444e-5
beamp=38 beamq=20 I=0.00020586286259879983
beamp=39 beamq=20 I=8.830674209220479e-5
beamp=40 beamq=20 I=0.00030518041919660533
beamp=41 beamq=20 I=0.0004086726332204309
beamp=42 beamq=20 I=6.342700164275553e-14
beamp=43 beamq=20 I=0.00014957964563097744
beamp=44 beamq=20 I=0.0011389439909250754
beamp=45 beamq=20 I=0.0007161521974220855
beamp=46 beamq=20 I=0.004478159085729277
beamp=47 beamq=20 I=0.01868976940250585
beamp=0 beamq=21 I=0.01684375010913393
beamp=1 beamq=21 I=0.02177649599464923
beamp=2 beamq=21 I=0.004478111014926952
beamp=3 beamq=21 I=0.00237159293299406
beamp=4 beamq=21 I=0.0011389320751401429
beamp=5 beamq=21 I=9.119209483828469e-6
beamp=6 beamq=21 I=0.0
beamp=7 beamq=21 I=0.0004761791315417257
beamp=8 beamq=21 I=0.0003051760957249425
beamp=9 beamq=21 I=0.0002924378809961853
beamp=10 beamq=21 I=0.0002058722969076736
beamp=11 beamq=21 I=2.167339909655064e-6
beamp=12 beamq=21 I=0.0
beamp=13 beamq=21 I=0.0001647925556815189
beamp=14 beamq=21 I=0.00012121464711583562
beamp=15 beamq=21 I=0.00013056259661376208
beamp=16 beamq=21 I=0.000101727516496574
beamp=17 beamq=21 I=1.171442453831473e-6
beamp=18 beamq=21 I=0.0
beamp=19 beamq=21 I=0.00010388470844241299
beamp=20 beamq=21 I=8.177311812300048e-5
beamp=21 beamq=21 I=9.383471000994532e-5
beamp=22 beamq=21 I=7.761751424912646e-5
beamp=23 beamq=21 I=9.46218182539428e-7
beamp=24 beamq=21 I=0.0
beamp=25 beamq=21 I=9.355236465843409e-5
beamp=26 beamq=21 I=7.761525400858365e-5
beamp=27 beamq=21 I=9.383480330087766e-5
beamp=28 beamq=21 I=8.177461768416654e-5
beamp=29 beamq=21 I=1.0507724590005395e-6
beamp=30 beamq=21 I=0.0
beamp=31 beamq=21 I=0.00011580871007177274
beamp=32 beamq=21 I=0.00010172522378119336
beamp=33 beamq=21 I=0.00013056263602221363
beamp=34 beamq=21 I=0.00012121585059017475
beamp=35 beamq=21 I=1.66701537584081e-6
beamp=36 beamq=21 I=0.0
beamp=37 beamq=21 I=0.00021426704957489484
beamp=38 beamq=21 I=0.00020587082725673128
beamp=39 beamq=21 I=0.00029243792883285226
beamp=40 beamq=21 I=0.0003051812047854648
beamp=41 beamq=21 I=4.816972670134077e-6
beamp=42 beamq=21 I=0.0
beamp=43 beamq=21 I=0.0009015437514344074
beamp=44 beamq=21 I=0.0011389304907105087
beamp=45 beamq=21 I=0.002371593034713208
beamp=46 beamq=21 I=0.0044781250470969335
beamp=47 beamq=21 I=0.00022027164455320467
beamp=0 beamq=22 I=0.022229808494417084
beamp=1 beamq=22 I=0.010925673643643597
beamp=2 beamq=22 I=0.00447810387336287
beamp=3 beamq=22 I=0.00018214154824334629
beamp=4 beamq=22 I=0.0011389316612073035
beamp=5 beamq=22 I=0.0008635900879616512
beamp=6 beamq=22 I=5.531238083296881e-16
beamp=7 beamq=22 I=0.00023890975825717695
beamp=8 beamq=22 I=0.0003051740659713897
beamp=9 beamq=22 I=2.2459803592873897e-5
beamp=10 beamq=22 I=0.00020587342878485015
beamp=11 beamq=22 I=0.00020525098263716318
beamp=12 beamq=22 I=2.101274160457948e-15
beamp=13 beamq=22 I=8.267754004237049e-5
beamp=14 beamq=22 I=0.00012121135714109448
beamp=15 beamq=22 I=1.0027055875236222e-5
beamp=16 beamq=22 I=0.00010173233007046783
beamp=17 beamq=22 I=0.00011093327705891572
beamp=18 beamq=22 I=6.238680000843673e-15
beamp=19 beamq=22 I=5.211567178507928e-5
beamp=20 beamq=22 I=8.1769097890158e-5
beamp=21 beamq=22 I=7.206328074136812e-6
beamp=22 beamq=22 I=7.761764726128576e-5
beamp=23 beamq=22 I=8.961343529278882e-5
beamp=24 beamq=22 I=3.948754662373247e-15
beamp=25 beamq=22 I=4.6935765683459904e-5
beamp=26 beamq=22 I=7.761503653015425e-5
beamp=27 beamq=22 I=7.206704607338154e-6
beamp=28 beamq=22 I=8.177075578660969e-5
beamp=29 beamq=22 I=9.950844224156926e-5
beamp=30 beamq=22 I=2.3532698503978912e-14
beamp=31 beamq=22 I=5.81103904308254e-5
beamp=32 beamq=22 I=0.000101733386654319
beamp=33 beamq=22 I=1.0027123064619643e-5
beamp=34 beamq=22 I=0.00012120164285528788
beamp=35 beamq=22 I=0.00015785231145962113
beamp=36 beamq=22 I=1.2267837931854523e-14
beamp=37 beamq=22 I=0.0001074964945395436
beamp=38 beamq=22 I=0.00020587160875877412
beamp=39 beamq=22 I=2.2460621786695782e-5
beamp=40 beamq=22 I=0.0003051687534977173
beamp=41 beamq=22 I=0.0004561388422069403
beamp=42 beamq=22 I=2.3391029420107474e-14
beamp=43 beamq=22 I=0.00045232746006035427
beamp=44 beamq=22 I=0.0011389271925760242
beamp=45 beamq=22 I=0.00018214330785684322
beamp=46 beamq=22 I=0.004478069375498342
beamp=47 beamq=22 I=0.020859643224651104
beamp=0 beamq=23 I=0.007753152582862632
beamp=1 beamq=23 I=0.010542831846877338
beamp=2 beamq=23 I=0.0044781172097582925
beamp=3 beamq=23 I=0.0026384772913960017
beamp=4 beamq=23 I=0.001138932147451424
beamp=5 beamq=23 I=0.00010593280057885767
beamp=6 beamq=23 I=1.0065010167907098e-15
beamp=7 beamq=23 I=0.00023053929308983504
beamp=8 beamq=23 I=0.0003051763203736815
beamp=9 beamq=23 I=0.00032534715614520335
beamp=10 beamq=23 I=0.0002058713621158208
beamp=11 beamq=23 I=2.5178899051181337e-5
beamp=12 beamq=23 I=3.8118967256422125e-15
beamp=13 beamq=23 I=7.978302732658595e-5
beamp=14 beamq=23 I=0.00012121322607997964
beamp=15 beamq=23 I=0.00014525508602864819
beamp=16 beamq=23 I=0.00010173421908436182
beamp=17 beamq=23 I=1.3603192881800992e-5
beamp=18 beamq=23 I=8.718160019136981e-15
beamp=19 beamq=23 I=5.0291570196265987e-5
beamp=20 beamq=23 I=8.17750030547501e-5
beamp=21 beamq=23 I=0.00010439467033135527
beamp=22 beamq=23 I=7.762023381390946e-5
beamp=23 beamq=23 I=1.0991459211986559e-5
beamp=24 beamq=23 I=6.098456519868881e-15
beamp=25 beamq=23 I=4.5289689853109105e-5
beamp=26 beamq=23 I=7.761463517115407e-5
beamp=27 beamq=23 I=0.00010439576898892166
beamp=28 beamq=23 I=8.177121543736376e-5
beamp=29 beamq=23 I=1.2205841803534246e-5
beamp=30 beamq=23 I=1.1530941855288541e-14
beamp=31 beamq=23 I=5.606785477058736e-5
beamp=32 beamq=23 I=0.00010171539542779957
beamp=33 beamq=23 I=0.0001452590621730753
beamp=34 beamq=23 I=0.00012122572774280579
beamp=35 beamq=23 I=1.9362299963375863e-5
beamp=36 beamq=23 I=1.0180518356858273e-13
beamp=37 beamq=23 I=0.0001037333068973584
beamp=38 beamq=23 I=0.00020586616198157819
beamp=39 beamq=23 I=0.0003253444574576652
beamp=40 beamq=23 I=0.00030518234574661686
beamp=41 beamq=23 I=5.5953913710092096e-5
beamp=42 beamq=23 I=5.081623959876195e-14
beamp=43 beamq=23 I=0.00043646902061147513
beamp=44 beamq=23 I=0.0011389360317058867
beamp=45 beamq=23 I=0.0026385191041558916
beamp=46 beamq=23 I=0.004478095377296435
beamp=47 beamq=23 I=0.002558764398864239
beamp=0 beamq=24 I=0.026041666666666664
beamp=1 beamq=24 I=0.01783581871671596
beamp=2 beamq=24 I=0.004478107562017055
beamp=3 beamq=24 I=0.0
beamp=4 beamq=24 I=0.0011389338084349054
beamp=5 beamq=24 I=0.00073839889933313
beamp=6 beamq=24 I=0.0
beamp=7 beamq=24 I=0.00039001301923482026
beamp=8 beamq=24 I=0.00030517404544682714
beamp=9 beamq=24 I=0.0
beamp=10 beamq=24 I=0.00020587223476222277
beamp=11 beamq=24 I=0.00017549399657354505
beamp=12 beamq=24 I=0.0
beamp=13 beamq=24 I=0.00013497299752947227
beamp=14 beamq=24 I=0.00012121350825127855
beamp=15 beamq=24 I=0.0
beamp=16 beamq=24 I=0.00010172767412331224
beamp=17 beamq=24 I=9.484878940009214e-5
beamp=18 beamq=24 I=0.0
beamp=19 beamq=24 I=8.508432950411269e-5
beamp=20 beamq=24 I=8.177181558865227e-5
beamp=21 beamq=24 I=0.0
beamp=22 beamq=24 I=7.761759958872425e-5
beamp=23 beamq=24 I=7.662235072892446e-5
beamp=24 beamq=24 I=0.0
beamp=25 beamq=24 I=7.662363658959612e-5
beamp=26 beamq=24 I=7.7616123266597e-5
beamp=27 beamq=24 I=0.0
beamp=28 beamq=24 I=8.177121960893848e-5
beamp=29 beamq=24 I=8.508796912495278e-5
beamp=30 beamq=24 I=0.0
beamp=31 beamq=24 I=9.485508922155229e-5
beamp=32 beamq=24 I=0.00010172410196734829
beamp=33 beamq=24 I=0.0
beamp=34 beamq=24 I=0.0001212137968038778
beamp=35 beamq=24 I=0.00013497539686475649
beamp=36 beamq=24 I=0.0
beamp=37 beamq=24 I=0.00017549514341562653
beamp=38 beamq=24 I=0.00020587251281444443
beamp=39 beamq=24 I=0.0
beamp=40 beamq=24 I=0.0003051806466001894
beamp=41 beamq=24 I=0.00039000787885808954
beamp=42 beamq=24 I=0.0
beamp=43 beamq=24 I=0.0007383990407065215
beamp=44 beamq=24 I=0.0011389316319274979
beamp=45 beamq=24 I=0.0
beamp=46 beamq=24 I=0.004478096748030538
beamp=47 beamq=24 I=0.017835822055235075
beamp=0 beamq=25 I=0.007753333625605084
beamp=1 beamq=25 I=0.0025588084573851585
beamp=2 beamq=25 I=0.004478111773782297
beamp=3 beamq=25 I=0.0026385237957159448
beamp=4 beamq=25 I=0.0011389274843617418
beamp=5 beamq=25 I=0.00043647412172572857
beamp=6 beamq=25 I=1.4015571833901155e-15
beamp=7 beamq=25 I=5.595302550747881e-5
beamp=8 beamq=25 I=0.00030517537874894207
beamp=9 beamq=25 I=0.000325353351746826
beamp=10 beamq=25 I=0.00020587364378545268
beamp=11 beamq=25 I=0.0001037340772884649
beamp=12 beamq=25 I=4.438023480252591e-15
beamp=13 beamq=25 I=1.9363349796249492e-5
beamp=14 beamq=25 I=0.00012121552390834041
beamp=15 beamq=25 I=0.0001452580256150574
beamp=16 beamq=25 I=0.0001017238943354537
beamp=17 beamq=25 I=5.607122826372847e-5
beamp=18 beamq=25 I=1.0365424519866624e-16
beamp=19 beamq=25 I=1.2207160802081511e-5
beamp=20 beamq=25 I=8.177368416175662e-5
beamp=21 beamq=25 I=0.00010439639243845378
beamp=22 beamq=25 I=7.761547386683388e-5
beamp=23 beamq=25 I=4.529371947043144e-5
beamp=24 beamq=25 I=1.7383374832184254e-16
beamp=25 beamq=25 I=1.0994408470372557e-5
beamp=26 beamq=25 I=7.761628438455854e-5
beamp=27 beamq=25 I=0.00010439671810166813
beamp=28 beamq=25 I=8.177068657334349e-5
beamp=29 beamq=25 I=5.029374266754254e-5
beamp=30 beamq=25 I=1.0193759175889752e-15
beamp=31 beamq=25 I=1.3609015929551358e-5
beamp=32 beamq=25 I=0.00010172844556188085
beamp=33 beamq=25 I=0.00014526052953494478
beamp=34 beamq=25 I=0.00012121531846814404
beamp=35 beamq=25 I=7.978671943955967e-5
beamp=36 beamq=25 I=9.693926163092254e-14
beamp=37 beamq=25 I=2.517778948520636e-5
beamp=38 beamq=25 I=0.000205873058486407
beamp=39 beamq=25 I=0.0003253569045471058
beamp=40 beamq=25 I=0.0003051750327685165
beamp=41 beamq=25 I=0.00023054040403380294
beamp=42 beamq=25 I=8.686740743680161e-15
beamp=43 beamq=25 I=0.00010593302570794252
beamp=44 beamq=25 I=0.0011389213749452326
beamp=45 beamq=25 I=0.0026384870803232343
beamp=46 beamq=25 I=0.004478122522136765
beamp=47 beamq=25 I=0.010542917409843271
beamp=0 beamq=26 I=0.02223009589988975
beamp=1 beamq=26 I=0.020859998697930864
beamp=2 beamq=26 I=0.004478124833484009
beamp=3 beamq=26 I=0.00018213784866300122
beamp=4 beamq=26 I=0.0011389324849706147
beamp=5 beamq=26 I=0.0004523260145483973
beamp=6 beamq=26 I=4.1301778259024884e-15
beamp=7 beamq=26 I=0.00045614420297650666
beamp=8 beamq=26 I=0.0003051772790874653
beamp=9 beamq=26 I=2.245972601531402e-5
beamp=10 beamq=26 I=0.00020587418027830898
beamp=11 beamq=26 I=0.00010750340735608008
beamp=12 beamq=26 I=6.752772530963883e-15
beamp=13 beamq=26 I=0.00015785992804357788
beamp=14 beamq=26 I=0.00012121119527129072
beamp=15 beamq=26 I=1.0027109341541227e-5
beamp=16 beamq=26 I=0.00010172875451725785
beamp=17 beamq=26 I=5.8103747600023096e-5
beamp=18 beamq=26 I=7.19955417620895e-15
beamp=19 beamq=26 I=9.951208887944808e-5
beamp=20 beamq=26 I=8.177220904100115e-5
beamp=21 beamq=26 I=7.2058611665231875e-6
beamp=22 beamq=26 I=7.76186665511411e-5
beamp=23 beamq=26 I=4.6935684861457954e-5
beamp=24 beamq=26 I=5.379449779148911e-15
beamp=25 beamq=26 I=8.961607032655155e-5
beamp=26 beamq=26 I=7.761721765498659e-5
beamp=27 beamq=26 I=7.2061276756137135e-6
beamp=28 beamq=26 I=8.177179938685975e-5
beamp=29 beamq=26 I=5.212668197150552e-5
beamp=30 beamq=26 I=2.942560836198075e-14
beamp=31 beamq=26 I=0.00011092185013801435
beamp=32 beamq=26 I=0.00010171118292355022
beamp=33 beamq=26 I=1.0026812365274317e-5
beamp=34 beamq=26 I=0.0001212177121766564
beamp=35 beamq=26 I=8.268283472110774e-5
beamp=36 beamq=26 I=9.006259641420691e-14
beamp=37 beamq=26 I=0.00020525544975297038
beamp=38 beamq=26 I=0.00020587146947322922
beamp=39 beamq=26 I=2.245805088778879e-5
beamp=40 beamq=26 I=0.00030518361791514786
beamp=41 beamq=26 I=0.00023890809879531288
beamp=42 beamq=26 I=3.609400285887095e-13
beamp=43 beamq=26 I=0.0008636097736173279
beamp=44 beamq=26 I=0.001138920636400888
beamp=45 beamq=26 I=0.00018215288614863232
beamp=46 beamq=26 I=0.004478212416794552
beamp=47 beamq=26 I=0.010925976407750053
beamp=0 beamq=27 I=0.01684375010913393
beamp=1 beamq=27 I=0.00022026692341732817
beamp=2 beamq=27 I=0.004478109246877689
beamp=3 beamq=27 I=0.002371593034713208
beamp=4 beamq=27 I=0.0011389317417516813
beamp=5 beamq=27 I=0.0009015425338234538
beamp=6 beamq=27 I=0.0
beamp=7 beamq=27 I=4.816422954767557e-6
beamp=8 beamq=27 I=0.0003051770265973041
beamp=9 beamq=27 I=0.00029243792883285226
beamp=10 beamq=27 I=0.00020587299852358962
beamp=11 beamq=27 I=0.00021426967132287636
beamp=12 beamq=27 I=0.0
beamp=13 beamq=27 I=1.6666017990825884e-6
beamp=14 beamq=27 I=0.00012121279643570538
beamp=15 beamq=27 I=0.00013056263602221363
beamp=16 beamq=27 I=0.00010172621257251946
beamp=17 beamq=27 I=0.00011580277039959376
beamp=18 beamq=27 I=0.0
beamp=19 beamq=27 I=1.0507267140348582e-6
beamp=20 beamq=27 I=8.177196898063156e-5
beamp=21 beamq=27 I=9.383480330087766e-5
beamp=22 beamq=27 I=7.76184118113887e-5
beamp=23 beamq=27 I=9.355074224251707e-5
beamp=24 beamq=27 I=0.0
beamp=25 beamq=27 I=9.461853288007097e-7
beamp=26 beamq=27 I=7.761557842992194e-5
beamp=27 beamq=27 I=9.383471000994532e-5
beamp=28 beamq=27 I=8.177056738636613e-5
beamp=29 beamq=27 I=0.00010388713110448959
beamp=30 beamq=27 I=0.0
beamp=31 beamq=27 I=1.1708278381827648e-6
beamp=32 beamq=27 I=0.00010172249103766871
beamp=33 beamq=27 I=0.00013056259661376208
beamp=34 beamq=27 I=0.00012121238735864949
beamp=35 beamq=27 I=0.00016479181761319068
beamp=36 beamq=27 I=0.0
beamp=37 beamq=27 I=2.167464726642209e-6
beamp=38 beamq=27 I=0.00020586969881057241
beamp=39 beamq=27 I=0.0002924378809961853
beamp=40 beamq=27 I=0.0003051803143059895
beamp=41 beamq=27 I=0.00047618069938781306
beamp=42 beamq=27 I=0.0
beamp=43 beamq=27 I=9.11939112475834e-6
beamp=44 beamq=27 I=0.0011389406106053165
beamp=45 beamq=27 I=0.00237159293299406
beamp=46 beamq=27 I=0.004478109165014024
beamp=47 beamq=27 I=0.02177646307054141
beamp=0 beamq=28 I=0.013146173520094173
beamp=1 beamq=28 I=0.018689658112054804
beamp=2 beamq=28 I=0.004478114291401422
beamp=3 beamq=28 I=0.0007161804909181134
beamp=4 beamq=28 I=0.0011389327086730986
beamp=5 beamq=28 I=0.00014956923558120602
beamp=6 beamq=28 I=1.6558296978922783e-14
beamp=7 beamq=28 I=0.0004086841490303283
beamp=8 beamq=28 I=0.00030517487422677405
beamp=9 beamq=28 I=8.831207754134759e-5
beamp=10 beamq=28 I=0.00020587548161635102
beamp=11 beamq=28 I=3.5548700262707405e-5
beamp=12 beamq=28 I=1.2274975596156718e-14
beamp=13 beamq=28 I=0.00014143103650293148
beamp=14 beamq=28 I=0.00012121397665992087
beamp=15 beamq=28 I=3.9429470198999986e-5
beamp=16 beamq=28 I=0.00010171050450946388
beamp=17 beamq=28 I=1.9211599943872247e-5
beamp=18 beamq=28 I=1.5654614468156116e-14
beamp=19 beamq=28 I=8.91589976828097e-5
beamp=20 beamq=28 I=8.177008144527893e-5
beamp=21 beamq=28 I=2.833857386021422e-5
beamp=22 beamq=28 I=7.761740842846966e-5
beamp=23 beamq=28 I=1.551935989100208e-5
beamp=24 beamq=28 I=1.2228806653645044e-14
beamp=25 beamq=28 I=8.029107451782418e-5
beamp=26 beamq=28 I=7.761048302772606e-5
beamp=27 beamq=28 I=2.833739527320074e-5
beamp=28 beamq=28 I=8.176970275243443e-5
beamp=29 beamq=28 I=1.7234409271867584e-5
beamp=30 beamq=28 I=3.955621276132322e-15
beamp=31 beamq=28 I=9.940613808888839e-5
beamp=32 beamq=28 I=0.00010174429855441155
beamp=33 beamq=28 I=3.942755313308281e-5
beamp=34 beamq=28 I=0.00012119954579250864
beamp=35 beamq=28 I=2.7342720244255973e-5
beamp=36 beamq=28 I=7.986684953433427e-15
beamp=37 beamq=28 I=0.0001838896152497451
beamp=38 beamq=28 I=0.00020587509072105114
beamp=39 beamq=28 I=8.830595927451088e-5
beamp=40 beamq=28 I=0.0003051716020631489
beamp=41 beamq=28 I=7.900170401163046e-5
beamp=42 beamq=28 I=1.9783527391524038e-14
beamp=43 beamq=28 I=0.0007737388890873902
beamp=44 beamq=28 I=0.001138938313816516
beamp=45 beamq=28 I=0.000716151772705667
beamp=46 beamq=28 I=0.004478072434016958
beamp=47 beamq=28 I=0.0036127923109386902
beamp=0 beamq=29 I=0.030806838143512434
beamp=1 beamq=29 I=0.003577875357437042
beamp=2 beamq=29 I=0.00447810499082323
beamp=3 beamq=29 I=0.0018761416926757438
beamp=4 beamq=29 I=0.0011389285377576997
beamp=5 beamq=29 I=0.0013360515887413053
beamp=6 beamq=29 I=1.1676134596220559e-14
beamp=7 beamq=29 I=7.823617974740185e-5
beamp=8 beamq=29 I=0.0003051770844961975
beamp=9 beamq=29 I=0.00023134959015487288
beamp=10 beamq=29 I=0.00020587157422889422
beamp=11 beamq=29 I=0.0003175341161816485
beamp=12 beamq=29 I=1.1014093644646597e-14
beamp=13 beamq=29 I=2.7072843589606286e-5
beamp=14 beamq=29 I=0.0001212029305843114
beamp=15 beamq=29 I=0.00010329047716825307
beamp=16 beamq=29 I=0.00010173501443199331
beamp=17 beamq=29 I=0.00017163841679114915
beamp=18 beamq=29 I=2.900245328907776e-14
beamp=19 beamq=29 I=1.7068478439470452e-5
beamp=20 beamq=29 I=8.177032789273919e-5
beamp=21 beamq=29 I=7.423401285812289e-5
beamp=22 beamq=29 I=7.76150985404872e-5
beamp=23 beamq=29 I=0.0001386432803876953
beamp=24 beamq=29 I=1.2396406239475095e-14
beamp=25 beamq=29 I=1.5370518694424706e-5
beamp=26 beamq=29 I=7.761773920975927e-5
beamp=27 beamq=29 I=7.423445310218741e-5
beamp=28 beamq=29 I=8.176548465662847e-5
beamp=29 beamq=29 I=0.00015397053756748352
beamp=30 beamq=29 I=2.825948116283681e-14
beamp=31 beamq=29 I=1.9016811336989843e-5
beamp=32 beamq=29 I=0.00010169964278269842
beamp=33 beamq=29 I=0.00010328789481517962
beamp=34 beamq=29 I=0.00012121140456564513
beamp=35 beamq=29 I=0.0002442219906215488
beamp=36 beamq=29 I=4.2657143912358066e-14
beamp=37 beamq=29 I=3.5205137952676185e-5
beamp=38 beamq=29 I=0.0002058815269645055
beamp=39 beamq=29 I=0.00023134268731963967
beamp=40 beamq=29 I=0.0003051811467353724
beamp=41 beamq=29 I=0.0007056846703557395
beamp=42 beamq=29 I=1.0807349842880767e-13
beamp=43 beamq=29 I=0.00014812068670270892
beamp=44 beamq=29 I=0.0011389473572474685
beamp=45 beamq=29 I=0.0018760850131307439
beamp=46 beamq=29 I=0.004478288545106667
beamp=47 beamq=29 I=0.03227244761196192
beamp=0 beamq=30 I=0.005122372932819298
beamp=1 beamq=30 I=0.012574949118957741
beamp=2 beamq=30 I=0.004478111089654766
beamp=3 beamq=30 I=0.0015656571253820902
beamp=4 beamq=30 I=0.0011389322189865895
beamp=5 beamq=30 I=2.114157499179086e-5
beamp=6 beamq=30 I=0.0
beamp=7 beamq=30 I=0.00027497416293624825
beamp=8 beamq=30 I=0.0003051741968825893
beamp=9 beamq=30 I=0.00019305906558065474
beamp=10 beamq=30 I=0.00020587012757658586
beamp=11 beamq=30 I=5.025040076918469e-6
beamp=12 beamq=30 I=0.0
beamp=13 beamq=30 I=9.516218173475745e-5
beamp=14 beamq=30 I=0.00012121317526257829
beamp=15 beamq=30 I=8.619366368505088e-5
beamp=16 beamq=30 I=0.00010172610200817163
beamp=17 beamq=30 I=2.7153975474206594e-6
beamp=18 beamq=30 I=0.0
beamp=19 beamq=30 I=5.998868687873199e-5
beamp=20 beamq=30 I=8.177300246578205e-5
beamp=21 beamq=30 I=6.194699061578355e-5
beamp=22 beamq=30 I=7.76165897755693e-5
beamp=23 beamq=30 I=2.193756133533627e-6
beamp=24 beamq=30 I=0.0
beamp=25 beamq=30 I=5.4021027501549124e-5
beamp=26 beamq=30 I=7.761600147575417e-5
beamp=27 beamq=30 I=6.194699484205712e-5
beamp=28 beamq=30 I=8.177012570934437e-5
beamp=29 beamq=30 I=2.436640226429576e-6
beamp=30 beamq=30 I=0.0
beamp=31 beamq=30 I=6.687462205226407e-5
beamp=32 beamq=30 I=0.00010172216058424502
beamp=33 beamq=30 I=8.619366463917626e-5
beamp=34 beamq=30 I=0.00012121403127122496
beamp=35 beamq=30 I=3.864305328562005e-6
beamp=36 beamq=30 I=0.0
beamp=37 beamq=30 I=0.00012373228422431388
beamp=38 beamq=30 I=0.00020586997682244969
beamp=39 beamq=30 I=0.0001930590386795215
beamp=40 beamq=30 I=0.00030518325791040657
beamp=41 beamq=30 I=1.116792604263753e-5
beamp=42 beamq=30 I=0.0
beamp=43 beamq=30 I=0.0005205957973476712
beamp=44 beamq=30 I=0.0011389394716206699
beamp=45 beamq=30 I=0.001565657101753105
beamp=46 beamq=30 I=0.004478105666290655
beamp=47 beamq=30 I=0.0005106540227031609
beamp=0 beamq=31 I=0.04269170259760955
beamp=1 beamq=31 I=0.010358233501283254
beamp=2 beamq=31 I=0.004478108423775176
beamp=3 beamq=31 I=0.0012313653686276773
beamp=4 beamq=31 I=0.001138933571921884
beamp=5 beamq=31 I=0.001564044144625305
beamp=6 beamq=31 I=1.997868378257143e-16
beamp=7 beamq=31 I=0.0002265031461426198
beamp=8 beamq=31 I=0.0003051780327372796
beamp=9 beamq=31 I=0.0001518382208384241
beamp=10 beamq=31 I=0.00020586929420793906
beamp=11 beamq=31 I=0.00037171705805257813
beamp=12 beamq=31 I=4.4948356740908316e-14
beamp=13 beamq=31 I=7.839882473876291e-5
beamp=14 beamq=31 I=0.0001211958164284376
beamp=15 beamq=31 I=6.77882353449821e-5
beamp=16 beamq=31 I=0.00010169973225062475
beamp=17 beamq=31 I=0.00020089955844834599
beamp=18 beamq=31 I=2.517467751911769e-14
beamp=19 beamq=31 I=4.941742735865008e-5
beamp=20 beamq=31 I=8.176455020091381e-5
beamp=21 beamq=31 I=4.871906451524021e-5
beamp=22 beamq=31 I=7.761832160882185e-5
beamp=23 beamq=31 I=0.00016228420492458528
beamp=24 beamq=31 I=1.173368766154333e-14
beamp=25 beamq=31 I=4.4504224956098785e-5
beamp=26 beamq=31 I=7.761993561516816e-5
beamp=27 beamq=31 I=4.871837255296938e-5
beamp=28 beamq=31 I=8.177730382264545e-5
beamp=29 beamq=31 I=0.00018022220304327404
beamp=30 beamq=31 I=2.1916446702891408e-14
beamp=31 beamq=31 I=5.509985992477452e-5
beamp=32 beamq=31 I=0.00010168946228172909
beamp=33 beamq=31 I=6.77891232955159e-5
beamp=34 beamq=31 I=0.00012118222663666739
beamp=35 beamq=31 I=0.00028592195850980025
beamp=36 beamq=31 I=7.647548772634488e-14
beamp=37 beamq=31 I=0.00010191457921211456
beamp=38 beamq=31 I=0.00020588863640161786
beamp=39 beamq=31 I=0.00015183597969697146
beamp=40 beamq=31 I=0.000305171143763416
beamp=41 beamq=31 I=0.000826123899420364
beamp=42 beamq=31 I=3.471238144292741e-13
beamp=43 beamq=31 I=0.0004288225628492077
beamp=44 beamq=31 I=0.0011389723299840384
beamp=45 beamq=31 I=0.001231426053493421
beamp=46 beamq=31 I=0.004477830213490377
beamp=47 beamq=31 I=0.037778926057176095
beamp=0 beamq=32 I=0.006510712364943503
beamp=1 beamq=32 I=0.005945367888554834
beamp=2 beamq=32 I=0.004478108066513215
beamp=3 beamq=32 I=0.0026727764161339857
beamp=4 beamq=32 I=0.001138933519355288
beamp=5 beamq=32 I=0.00024613641164218224
beamp=6 beamq=32 I=1.4125347303865312e-15
beamp=7 beamq=32 I=0.0001300067404343893
beamp=8 beamq=32 I=0.00030517533371454545
beamp=9 beamq=32 I=0.00032957817153169073
beamp=10 beamq=32 I=0.00020585794867869532
beamp=11 beamq=32 I=5.84922758512135e-5
beamp=12 beamq=32 I=9.678040342510814e-15
beamp=13 beamq=32 I=4.498731742828305e-5
beamp=14 beamq=32 I=0.00012123129402088
beamp=15 beamq=32 I=0.00014714736838654464
beamp=16 beamq=32 I=0.00010171541614900081
beamp=17 beamq=32 I=3.162826993073399e-5
beamp=18 beamq=32 I=2.3320465928714875e-14
beamp=19 beamq=32 I=2.8354644064426344e-5
beamp=20 beamq=32 I=8.176561747745345e-5
beamp=21 beamq=32 I=0.00010575474204495037
beamp=22 beamq=32 I=7.760727870470785e-5
beamp=23 beamq=32 I=2.55388658288022e-5
beamp=24 beamq=32 I=2.4066848774290106e-14
beamp=25 beamq=32 I=2.5541338259163594e-5
beamp=26 beamq=32 I=7.761826424121753e-5
beamp=27 beamq=32 I=0.00010575411719950614
beamp=28 beamq=32 I=8.177759857723201e-5
beamp=29 beamq=32 I=2.8359248664425592e-5
beamp=30 beamq=32 I=6.725757826832786e-15
beamp=31 beamq=32 I=3.1621068610701824e-5
beamp=32 beamq=32 I=0.00010174059828288112
beamp=33 beamq=32 I=0.0001471446393804338
beamp=34 beamq=32 I=0.00012118945859320652
beamp=35 beamq=32 I=4.50019630418797e-5
beamp=36 beamq=32 I=2.444243447687529e-15
beamp=37 beamq=32 I=5.8496182949806004e-5
beamp=38 beamq=32 I=0.00020589697683290597
beamp=39 beamq=32 I=0.00032958165014025436
beamp=40 beamq=32 I=0.00030518021063473015
beamp=41 beamq=32 I=0.00012999284522416637
beamp=42 beamq=32 I=1.9873877572564498e-14
beamp=43 beamq=32 I=0.00024612225625231227
beamp=44 beamq=32 I=0.0011390293321993184
beamp=45 beamq=32 I=0.0026726998908894986
beamp=46 beamq=32 I=0.004478101748248267
beamp=47 beamq=32 I=0.005945747353354907
beamp=0 beamq=33 I=0.0454684145116416
beamp=1 beamq=33 I=0.01677960291355742
beamp=2 beamq=33 I=0.004478109852469692
beamp=3 beamq=33 I=0.0005661661542442131
beamp=4 beamq=33 I=0.00113893080541199
beamp=5 beamq=33 I=0.001464433156266179
beamp=6 beamq=33 I=0.0
beamp=7 beamq=33 I=0.00036691898662763315
beamp=8 beamq=33 I=0.00030517605654103097
beamp=9 beamq=33 I=6.981318743153342e-5
beamp=10 beamq=33 I=0.00020587521725177148
beamp=11 beamq=33 I=0.0003480463096381347
beamp=12 beamq=33 I=0.0
beamp=13 beamq=33 I=0.0001269747299034752
beamp=14 beamq=33 I=0.00012121407121725235
beamp=15 beamq=33 I=3.116898127268684e-5
beamp=16 beamq=33 I=0.00010172542499007015
beamp=17 beamq=33 I=0.00018810744612586216
beamp=18 beamq=33 I=0.0
beamp=19 beamq=33 I=8.004553805542286e-5
beamp=20 beamq=33 I=8.177061576959525e-5
beamp=21 beamq=33 I=2.240100667617323e-5
beamp=22 beamq=33 I=7.761812935473488e-5
beamp=23 beamq=33 I=0.00015195637125911532
beamp=24 beamq=33 I=0.0
beamp=25 beamq=33 I=7.208867775198736e-5
beamp=26 beamq=33 I=7.761734842399549e-5
beamp=27 beamq=33 I=2.240100010162655e-5
beamp=28 beamq=33 I=8.177064395050335e-5
beamp=29 beamq=33 I=0.00016875139456496487
beamp=30 beamq=33 I=0.0
beamp=31 beamq=33 I=8.923594712777201e-5
beamp=32 beamq=33 I=0.00010171908740779212
beamp=33 beamq=33 I=3.116898249403155e-5
beamp=34 beamq=33 I=0.00012121080849099912
beamp=35 beamq=33 I=0.00026768457436629917
beamp=36 beamq=33 I=0.0
beamp=37 beamq=33 I=0.0001651016481834319
beamp=38 beamq=33 I=0.00020587455390325485
beamp=39 beamq=33 I=6.981317767838208e-5
beamp=40 beamq=33 I=0.0003051780166099581
beamp=41 beamq=33 I=0.0007734918915964798
beamp=42 beamq=33 I=0.0
beamp=43 beamq=33 I=0.0006946663692863437
beamp=44 beamq=33 I=0.0011389513272166603
beamp=45 beamq=33 I=0.0005661661366951704
beamp=46 beamq=33 I=0.004478125769062334
beamp=47 beamq=33 I=0.0353729990949231
beamp=0 beamq=34 I=0.025020387802090666
beamp=1 beamq=34 I=0.003367111732620115
beamp=2 beamq=34 I=0.004478113488347153
beamp=3 beamq=34 I=0.003961942145915394
beamp=4 beamq=34 I=0.0011389352229933248
beamp=5 beamq=34 I=0.0009339324741187037
beamp=6 beamq=34 I=6.753974188371721e-14
beamp=7 beamq=34 I=7.362807525121477e-5
beamp=8 beamq=34 I=0.00030517917084056206
beamp=9 beamq=34 I=0.0004885350205109291
beamp=10 beamq=34 I=0.00020587240644077804
beamp=11 beamq=34 I=0.00022197718919035803
beamp=12 beamq=34 I=2.4067210175014266e-14
beamp=13 beamq=34 I=2.548235467761695e-5
beamp=14 beamq=34 I=0.00012121889208236305
beamp=15 beamq=34 I=0.00021811445327319642
beamp=16 beamq=34 I=0.00010173155277288643
beamp=17 beamq=34 I=0.00011995313662571517
beamp=18 beamq=34 I=1.1888367171484596e-14
beamp=19 beamq=34 I=1.606765417083836e-5
beamp=20 beamq=34 I=8.177265805126851e-5
beamp=21 beamq=34 I=0.00015675997134292286
beamp=22 beamq=34 I=7.762040912774333e-5
beamp=23 beamq=34 I=9.691699069369274e-5
beamp=24 beamq=34 I=7.038008052508611e-15
beamp=25 beamq=34 I=1.4465541804712106e-5
beamp=26 beamq=34 I=7.762156702400501e-5
beamp=27 beamq=34 I=0.00015675628747666468
beamp=28 beamq=34 I=8.177413046405951e-5
beamp=29 beamq=34 I=0.00010762154054343501
beamp=30 beamq=34 I=4.48819945329341e-14
beamp=31 beamq=34 I=1.7914567711778058e-5
beamp=32 beamq=34 I=0.00010168862653716298
beamp=33 beamq=34 I=0.00021811523856618645
beamp=34 beamq=34 I=0.00012125364664247286
beamp=35 beamq=34 I=0.0001706768487250195
beamp=36 beamq=34 I=8.244643755322041e-14
beamp=37 beamq=34 I=3.31225355222487e-5
beamp=38 beamq=34 I=0.00020586920721721346
beamp=39 beamq=34 I=0.0004885426248926123
beamp=40 beamq=34 I=0.0003051862235815958
beamp=41 beamq=34 I=0.0004932859764311513
beamp=42 beamq=34 I=1.775371118925099e-13
beamp=43 beamq=34 I=0.00013939529487513167
beamp=44 beamq=34 I=0.0011389489333995268
beamp=45 beamq=34 I=0.003961971369466962
beamp=46 beamq=34 I=0.00447810159776648
beamp=47 beamq=34 I=0.02255899527185364
beamp=0 beamq=35 I=0.03534318646841201
beamp=1 beamq=35 I=0.019020507746183007
beamp=2 beamq=35 I=0.0044781017077394
beamp=3 beamq=35 I=8.055306698849258e-5
beamp=4 beamq=35 I=0.0011389298301672328
beamp=5 beamq=35 I=0.0010335885196986073
beamp=6 beamq=35 I=4.0751003555402246e-14
beamp=7 beamq=35 I=0.00041591534766746913
beamp=8 beamq=35 I=0.00030517757127662877
beamp=9 beamq=35 I=9.931988202950166e-6
beamp=10 beamq=35 I=0.0002058760890172734
beamp=11 beamq=35 I=0.00024565609137882987
beamp=12 beamq=35 I=2.562046531237131e-14
beamp=13 beamq=35 I=0.00014393940224390842
beamp=14 beamq=35 I=0.00012122294973217887
beamp=15 beamq=35 I=4.433803416306879e-6
beamp=16 beamq=35 I=0.00010171824069958576
beamp=17 beamq=35 I=0.0001327371750089739
beamp=18 beamq=35 I=1.2955515747298713e-14
beamp=19 beamq=35 I=9.07376047318032e-5
beamp=20 beamq=35 I=8.176611573876254e-5
beamp=21 beamq=35 I=3.186313352784572e-6
beamp=22 beamq=35 I=7.762462627519437e-5
beamp=23 beamq=35 I=0.00010725121247613336
beamp=24 beamq=35 I=2.084170871186989e-14
beamp=25 beamq=35 I=8.171508683368282e-5
beamp=26 beamq=35 I=7.761317985592576e-5
beamp=27 beamq=35 I=3.1862476374808445e-6
beamp=28 beamq=35 I=8.177650585756296e-5
beamp=29 beamq=35 I=0.00011911299532818446
beamp=30 beamq=35 I=3.3683834981962827e-14
beamp=31 beamq=35 I=0.000101162247440638
beamp=32 beamq=35 I=0.00010174053604626132
beamp=33 beamq=35 I=4.4344402253869195e-6
beamp=34 beamq=35 I=0.00012120534853240406
beamp=35 beamq=35 I=0.00018892946469779037
beamp=36 beamq=35 I=1.8555148917643222e-14
beamp=37 beamq=35 I=0.00018716308073251031
beamp=38 beamq=35 I=0.00020587176830876936
beamp=39 beamq=35 I=9.932892151723639e-6
beamp=40 beamq=35 I=0.00030517174102036873
beamp=41 beamq=35 I=0.0005459116920717011
beamp=42 beamq=35 I=5.720309389651197e-14
beamp=43 beamq=35 I=0.0007874543109554923
beamp=44 beamq=35 I=0.00113894170276023
beamp=45 beamq=35 I=8.055443121809209e-5
beamp=46 beamq=35 I=0.0044780590996923685
beamp=47 beamq=35 I=0.02496587333337752
beamp=0 beamq=36 I=0.06510416666666666
beamp=1 beamq=36 I=0.009131329575250495
beamp=2 beamq=36 I=0.004478114008578057
beamp=3 beamq=36 I=0.005345487758654661
beamp=4 beamq=36 I=0.001138931528812863
beamp=5 beamq=36 I=0.002083298265073483
beamp=6 beamq=36 I=0.0
beamp=7 beamq=36 I=0.00019967274424242162
beamp=8 beamq=36 I=0.0003051726536022911
beamp=9 beamq=36 I=0.0006591448169338284
beamp=10 beamq=36 I=0.00020587201868198812
beamp=11 beamq=36 I=0.000495141018749721
beamp=12 beamq=36 I=0.0
beamp=13 beamq=36 I=6.910787483012539e-5
beamp=14 beamq=36 I=0.0001212201895497147
beamp=15 beamq=36 I=0.00029428358266016784
beamp=16 beamq=36 I=0.00010171969049353292
beamp=17 beamq=36 I=0.0002676034739507842
beamp=18 beamq=36 I=0.0
beamp=19 beamq=36 I=4.3558132591650027e-5
beamp=20 beamq=36 I=8.17698273187743e-5
beamp=21 beamq=36 I=0.0002115002669374149
beamp=22 beamq=36 I=7.761614035285264e-5
beamp=23 beamq=36 I=0.00021618611386550708
beamp=24 beamq=36 I=0.0
beamp=25 beamq=36 I=3.922299996793821e-5
beamp=26 beamq=36 I=7.761199329571918e-5
beamp=27 beamq=36 I=0.0002115002669374149
beamp=28 beamq=36 I=8.177313512854882e-5
beamp=29 beamq=36 I=0.00024006156684071533
beamp=30 beamq=36 I=0.0
beamp=31 beamq=36 I=4.855788482245622e-5
beamp=32 beamq=36 I=0.0001017186760768887
beamp=33 beamq=36 I=0.00029428358266016784
beamp=34 beamq=36 I=0.00012120968825092953
beamp=35 beamq=36 I=0.00038080674771918027
beamp=36 beamq=36 I=0.0
beamp=37 beamq=36 I=8.98463204330245e-5
beamp=38 beamq=36 I=0.00020587565857079385
beamp=39 beamq=36 I=0.0006591448169338284
beamp=40 beamq=36 I=0.0003051782297100672
beamp=41 beamq=36 I=0.0011003707900751523
beamp=42 beamq=36 I=0.0
beamp=43 beamq=36 I=0.0003780370844504368
beamp=44 beamq=36 I=0.0011389373091758906
beamp=45 beamq=36 I=0.00534548775865466
beamp=46 beamq=36 I=0.004478125603584404
beamp=47 beamq=36 I=0.05032145187041823
beamp=0 beamq=37 I=0.01547866965974935
beamp=1 beamq=37 I=0.015161413020498735
beamp=2 beamq=37 I=0.004478124838547703
beamp=3 beamq=37 I=0.0001047408240829972
beamp=4 beamq=37 I=0.0011389311920128003
beamp=5 beamq=37 I=0.0004401311083771422
beamp=6 beamq=37 I=9.120873363579566e-15
beamp=7 beamq=37 I=0.000331527487214636
beamp=8 beamq=37 I=0.00030517484344596126
beamp=9 beamq=37 I=1.2915702149328708e-5
beamp=10 beamq=37 I=0.00020587074931694232
beamp=11 beamq=37 I=0.00010460900288230464
beamp=12 beamq=37 I=7.168496301476294e-15
beamp=13 beamq=37 I=0.00011473156421753731
beamp=14 beamq=37 I=0.00012122334930749748
beamp=15 beamq=37 I=5.76655869967786e-6
beamp=16 beamq=37 I=0.00010172959063682055
beamp=17 beamq=37 I=5.652634047745693e-5
beamp=18 beamq=37 I=6.707800728350995e-15
beamp=19 beamq=37 I=7.233085167436743e-5
beamp=20 beamq=37 I=8.177092921253972e-5
beamp=21 beamq=37 I=4.144310864268406e-6
beamp=22 beamq=37 I=7.761705769800584e-5
beamp=23 beamq=37 I=4.56704751661267e-5
beamp=24 beamq=37 I=2.353622216103949e-15
beamp=25 beamq=37 I=6.513611556847807e-5
beamp=26 beamq=37 I=7.76160171048356e-5
beamp=27 beamq=37 I=4.144097136243893e-6
beamp=28 beamq=37 I=8.177363384145936e-5
beamp=29 beamq=37 I=5.071904288417181e-5
beamp=30 beamq=37 I=1.1594638732922065e-15
beamp=31 beamq=37 I=8.063290871852152e-5
beamp=32 beamq=37 I=0.00010172505453020474
beamp=33 beamq=37 I=5.766287026208594e-6
beamp=34 beamq=37 I=0.0001212220301721265
beamp=35 beamq=37 I=8.044946041517752e-5
beamp=36 beamq=37 I=6.516506807543083e-16
beamp=37 beamq=37 I=0.00014918059060030733
beamp=38 beamq=37 I=0.000205873159223738
beamp=39 beamq=37 I=1.2915491841274167e-5
beamp=40 beamq=37 I=0.0003051686539702964
beamp=41 beamq=37 I=0.0002324757881501227
beamp=42 beamq=37 I=1.7960373675853882e-14
beamp=43 beamq=37 I=0.0006276722915410819
beamp=44 beamq=37 I=0.001138918130686459
beamp=45 beamq=37 I=0.00010474403662403571
beamp=46 beamq=37 I=0.004478120684685137
beamp=47 beamq=37 I=0.01063113509992468
beamp=0 beamq=38 I=0.12612099958852419
beamp=1 beamq=38 I=0.025857038414796515
beamp=2 beamq=38 I=0.004478094183984258
beamp=3 beamq=38 I=0.006728987886100988
beamp=4 beamq=38 I=0.0011389289693983025
beamp=5 beamq=38 I=0.003570255808581769
beamp=6 beamq=38 I=6.888731483393565e-14
beamp=7 beamq=38 I=0.0005654092988247336
beamp=8 beamq=38 I=0.00030517197922847974
beamp=9 beamq=38 I=0.0008297419001320775
beamp=10 beamq=38 I=0.00020586811416196528
beamp=11 beamq=38 I=0.0008485415422859051
beamp=12 beamq=38 I=1.32168762335035e-14
beamp=13 beamq=38 I=0.00019567227552764514
beamp=14 beamq=38 I=0.00012121722151508153
beamp=15 beamq=38 I=0.0003704502114767453
beamp=16 beamq=38 I=0.0001017285488040749
beamp=17 beamq=38 I=0.00045859369709802663
beamp=18 beamq=38 I=1.7080249974793515e-14
beamp=19 beamq=38 I=0.00012334873958864365
beamp=20 beamq=38 I=8.176865653588933e-5
beamp=21 beamq=38 I=0.0002662406063283615
beamp=22 beamq=38 I=7.761713084858214e-5
beamp=23 beamq=38 I=0.00037047291918265035
beamp=24 beamq=38 I=7.038008052508611e-15
beamp=25 beamq=38 I=0.0001110778033524556
beamp=26 beamq=38 I=7.761141413117273e-5
beamp=27 beamq=38 I=0.00026623913341636697
beamp=28 beamq=38 I=8.176871878693539e-5
beamp=29 beamq=38 I=0.0004113938622789979
beamp=30 beamq=38 I=4.876018570391475e-15
beamp=31 beamq=38 I=0.00013748205335951057
beamp=32 beamq=38 I=0.00010173566167537886
beamp=33 beamq=38 I=0.0003704460568252659
beamp=34 beamq=38 I=0.00012120902144749197
beamp=35 beamq=38 I=0.0006526038933819222
beamp=36 beamq=38 I=9.749597685894857e-15
beamp=37 beamq=38 I=0.0002544259270807452
beamp=38 beamq=38 I=0.00020586841371821214
beamp=39 beamq=38 I=0.0008297442412969395
beamp=40 beamq=38 I=0.0003051652931603476
beamp=41 beamq=38 I=0.0018857570945806292
beamp=42 beamq=38 I=2.5884423366281013e-14
beamp=43 beamq=38 I=0.0010704689707844873
beamp=44 beamq=38 I=0.0011389280408705435
beamp=45 beamq=38 I=0.006728970339033129
beamp=46 beamq=38 I=0.004478072236531448
beamp=47 beamq=38 I=0.08623831019490527
beamp=0 beamq=39 I=0.0010627450499074997
beamp=1 beamq=39 I=0.007787677453132946
beamp=2 beamq=39 I=0.004478111840557311
beamp=3 beamq=39 I=0.0012681152844813129
beamp=4 beamq=39 I=0.001138930326445422
beamp=5 beamq=39 I=9.325531402010029e-5
beamp=6 beamq=39 I=0.0
beamp=7 beamq=39 I=0.00017029038635415475
beamp=8 beamq=39 I=0.00030517826973947704
beamp=9 beamq=39 I=0.00015636957111944284
beamp=10 beamq=39 I=0.00020587443908930933
beamp=11 beamq=39 I=2.216376320302403e-5
beamp=12 beamq=39 I=0.0
beamp=13 beamq=39 I=5.892585171054761e-5
beamp=14 beamq=39 I=0.00012122019305728828
beamp=15 beamq=39 I=6.981318743153342e-5
beamp=16 beamq=39 I=0.00010172020960946491
beamp=17 beamq=39 I=1.1978895996728005e-5
beamp=18 beamq=39 I=0.0
beamp=19 beamq=39 I=3.71531980733242e-5
beamp=20 beamq=39 I=8.176888875535634e-5
beamp=21 beamq=39 I=5.017441628312181e-5
beamp=22 beamq=39 I=7.761592645718862e-5
beamp=23 beamq=39 I=9.678579693468237e-6
beamp=24 beamq=39 I=0.0
beamp=25 beamq=39 I=3.345671162660537e-5
beamp=26 beamq=39 I=7.76143301603647e-5
beamp=27 beamq=39 I=5.017441813679058e-5
beamp=28 beamq=39 I=8.17709476826748e-5
beamp=29 beamq=39 I=1.0747252341765336e-5
beamp=30 beamq=39 I=0.0
beamp=31 beamq=39 I=4.1412725736575554e-5
beamp=32 beamq=39 I=0.00010172109853085708
beamp=33 beamq=39 I=6.981317767838208e-5
beamp=34 beamq=39 I=0.00012121061746419368
beamp=35 beamq=39 I=1.704730764026627e-5
beamp=36 beamq=39 I=0.0
beamp=37 beamq=39 I=7.662958729473086e-5
beamp=38 beamq=39 I=0.00020587634322746136
beamp=39 beamq=39 I=0.0001563695269910682
beamp=40 beamq=39 I=0.00030518089457476003
beamp=41 beamq=39 I=4.925460514603402e-5
beamp=42 beamq=39 I=0.0
beamp=43 beamq=39 I=0.00032241232711588847
beamp=44 beamq=39 I=0.0011389431187548472
beamp=45 beamq=39 I=0.0012681152519597582
beamp=46 beamq=39 I=0.004478097456021719
beamp=47 beamq=39 I=0.002252541818893253
beamp=0 beamq=40 I=0.2018218198785953
beamp=1 beamq=40 I=0.053507139431087605
beamp=2 beamq=40 I=0.0044780915923384465
beamp=3 beamq=40 I=0.008018252110603618
beamp=4 beamq=40 I=0.0011389320189732076
beamp=5 beamq=40 I=0.005168768123505505
beamp=6 beamq=40 I=5.133091940505892e-14
beamp=7 beamq=40 I=0.0011700366104027274
beamp=8 beamq=40 I=0.00030517573399317703
beamp=9 beamq=40 I=0.000988712745437658
beamp=10 beamq=40 I=0.00020587254753918577
beamp=11 beamq=40 I=0.0012284515191802623
beamp=12 beamq=40 I=6.800567776734286e-15
beamp=13 beamq=40 I=0.0004049244130938309
beamp=14 beamq=40 I=0.00012121817557058466
beamp=15 beamq=40 I=0.00044142178255566675
beamp=16 beamq=40 I=0.00010170689609585293
beamp=17 beamq=40 I=0.0006639592572083516
beamp=18 beamq=40 I=6.01732205729455e-15
beamp=19 beamq=40 I=0.000255254960112099
beamp=20 beamq=40 I=8.176379650389921e-5
beamp=21 beamq=40 I=0.0003172473083396787
beamp=22 beamq=40 I=7.761436749926318e-5
beamp=23 beamq=40 I=0.0005363639553597726
beamp=24 beamq=40 I=8.957678349075238e-15
beamp=25 beamq=40 I=0.0002298565711525631
beamp=26 beamq=40 I=7.761544031468908e-5
beamp=27 beamq=40 I=0.0003172497226271992
beamp=28 beamq=40 I=8.177404780194894e-5
beamp=29 beamq=40 I=0.0005955995829761494
beamp=30 beamq=40 I=3.017018420393517e-14
beamp=31 beamq=40 I=0.0002845330699818743
beamp=32 beamq=40 I=0.00010173603304090327
beamp=33 beamq=40 I=0.00044141983402846936
beamp=34 beamq=40 I=0.00012121193948602694
beamp=35 beamq=40 I=0.0009448128759900435
beamp=36 beamq=40 I=1.7116390047209697e-14
beamp=37 beamq=40 I=0.0005264916752407876
beamp=38 beamq=40 I=0.000205871069777269
beamp=39 beamq=40 I=0.0009887097347033066
beamp=40 beamq=40 I=0.000305164697337377
beamp=41 beamq=40 I=0.0027300691894161996
beamp=42 beamq=40 I=6.136376490851561e-14
beamp=43 beamq=40 I=0.002215177687383693
beamp=44 beamq=40 I=0.001138934263486274
beamp=45 beamq=40 I=0.008018104480494326
beamp=46 beamq=40 I=0.004478097517987983
beamp=47 beamq=40 I=0.12484995910710697
beamp=0 beamq=41 I=0.03158048857603568
beamp=1 beamq=41 I=0.009203056585859157
beamp=2 beamq=41 I=0.004478099547988766
beamp=3 beamq=41 I=0.005063396552300975
beamp=4 beamq=41 I=0.0011389240588878012
beamp=5 beamq=41 I=0.0008389033123548243
beamp=6 beamq=41 I=1.2826879677042361e-14
beamp=7 beamq=41 I=0.00020124287156298936
beamp=8 beamq=41 I=0.0003051721175145421
beamp=9 beamq=41 I=0.0006243602344113879
beamp=10 beamq=41 I=0.00020587939292414327
beamp=11 beamq=41 I=0.00019937645652460612
beamp=12 beamq=41 I=2.9839502541327092e-15
beamp=13 beamq=41 I=6.96372509409655e-5
beamp=14 beamq=41 I=0.0001212213385373014
beamp=15 beamq=41 I=0.00027875411610011843
beamp=16 beamq=41 I=0.00010169498197234314
beamp=17 beamq=41 I=0.0001077692742693557
beamp=18 beamq=41 I=8.862449258258593e-15
beamp=19 beamq=41 I=4.390469168245675e-5
beamp=20 beamq=41 I=8.17714877082047e-5
beamp=21 beamq=41 I=0.00020033892266671876
beamp=22 beamq=41 I=7.761728439363635e-5
beamp=23 beamq=41 I=8.705280396743578e-5
beamp=24 beamq=41 I=1.0762965316444642e-14
beamp=25 beamq=41 I=3.953891490874352e-5
beamp=26 beamq=41 I=7.76126119451753e-5
beamp=27 beamq=41 I=0.00020034066054318365
beamp=28 beamq=41 I=8.177254002740157e-5
beamp=29 beamq=41 I=9.666180097797796e-5
beamp=30 beamq=41 I=6.042733045712179e-14
beamp=31 beamq=41 I=4.8953779362632174e-5
beamp=32 beamq=41 I=0.00010174330726014957
beamp=33 beamq=41 I=0.00027875147168115175
beamp=34 beamq=41 I=0.00012122284742708776
beamp=35 beamq=41 I=0.00015334248330304775
beamp=36 beamq=41 I=2.1624999606400148e-14
beamp=37 beamq=41 I=9.054721421449854e-5
beamp=38 beamq=41 I=0.00020587533675622442
beamp=39 beamq=41 I=0.0006243705489238676
beamp=40 beamq=41 I=0.0003051744093119566
beamp=41 beamq=41 I=0.0004431135260152759
beamp=42 beamq=41 I=2.67208175797178e-14
beamp=43 beamq=41 I=0.00038100736503118875
beamp=44 beamq=41 I=0.0011389399802372818
beamp=45 beamq=41 I=0.0050634272023932815
beamp=46 beamq=41 I=0.004478107377934269
beamp=47 beamq=41 I=0.020263626318433474
beamp=0 beamq=42 I=0.2813359546066202
beamp=1 beamq=42 I=0.08909527777477717
beamp=2 beamq=42 I=0.004478110882855656
beamp=3 beamq=42 I=0.009125318400583705
beamp=4 beamq=42 I=0.0011389304648038849
beamp=5 beamq=42 I=0.0065995839369694335
beamp=6 beamq=42 I=0.0
beamp=7 beamq=42 I=0.0019482345562218078
beamp=8 beamq=42 I=0.0003051776675521519
beamp=9 beamq=42 I=0.0011252306295633585
beamp=10 beamq=42 I=0.00020587107692941897
beamp=11 beamq=42 I=0.001568510706365271
beamp=12 beamq=42 I=0.0
beamp=13 beamq=42 I=0.0006742563040949142
beamp=14 beamq=42 I=0.00012122502609647422
beamp=15 beamq=42 I=0.0005023734897066634
beamp=16 beamq=42 I=0.00010171196347015848
beamp=17 beamq=42 I=0.000847736940592177
beamp=18 beamq=42 I=0.0
beamp=19 beamq=42 I=0.00042500627060361744
beamp=20 beamq=42 I=8.176865192642954e-5
beamp=21 beamq=42 I=0.0003610535306045572
beamp=22 beamq=42 I=7.761773639837865e-5
beamp=23 beamq=42 I=0.0006848206541703076
beamp=24 beamq=42 I=0.0
beamp=25 beamq=42 I=0.0003827535902231131
beamp=26 beamq=42 I=7.760512418795114e-5
beamp=27 beamq=42 I=0.0003610535348308308
beamp=28 beamq=42 I=8.177081386080943e-5
beamp=29 beamq=42 I=0.0007604758864130402
beamp=30 beamq=42 I=0.0
beamp=31 beamq=42 I=0.000473815403435127
beamp=32 beamq=42 I=0.00010171346356815776
beamp=33 beamq=42 I=0.0005023734906607888
beamp=34 beamq=42 I=0.00012119420152954425
beamp=35 beamq=42 I=0.0012063831410672277
beamp=36 beamq=42 I=0.0
beamp=37 beamq=42 I=0.0008766367089728207
beamp=38 beamq=42 I=0.00020588936108325868
beamp=39 beamq=42 I=0.0011252306026622253
beamp=40 beamq=42 I=0.0003051848976694752
beamp=41 beamq=42 I=0.0034858252671354007
beamp=42 beamq=42 I=0.0
beamp=43 beamq=42 I=0.003688518813740402
beamp=44 beamq=42 I=0.0011389441787291103
beamp=45 beamq=42 I=0.00912531837695472
beamp=46 beamq=42 I=0.004478101842021154
beamp=47 beamq=42 I=0.15941132578920383
beamp=0 beamq=43 I=0.22264753180117713
beamp=1 beamq=43 I=0.06125704498141861
beamp=2 beamq=43 I=0.004478113193328987
beamp=3 beamq=43 I=0.016281344791129214
beamp=4 beamq=43 I=0.0011389329945117827
beamp=5 beamq=43 I=0.004874307257331195
beamp=6 beamq=43 I=7.351816818807384e-15
beamp=7 beamq=43 I=0.001339498390908017
beamp=8 beamq=43 I=0.00030517597306342934
beamp=9 beamq=43 I=0.0020076303587652435
beamp=10 beamq=43 I=0.00020586916348144511
beamp=11 beamq=43 I=0.0011584753627914878
beamp=12 beamq=43 I=7.873702052042334e-15
beamp=13 beamq=43 I=0.00046357035586471417
beamp=14 beamq=43 I=0.00012122398566760101
beamp=15 beamq=43 I=0.0008963353706958112
beamp=16 beamq=43 I=0.00010169632117425151
beamp=17 beamq=43 I=0.0006261020218714906
beamp=18 beamq=43 I=6.614197940793079e-15
beamp=19 beamq=43 I=0.00029221950361292255
beamp=20 beamq=43 I=8.176922117712999e-5
beamp=21 beamq=43 I=0.0006441913586809679
beamp=22 beamq=43 I=7.76230089028247e-5
beamp=23 beamq=43 I=0.0005057919191639561
beamp=24 beamq=43 I=1.605522717088951e-15
beamp=25 beamq=43 I=0.00026315401139669666
beamp=26 beamq=43 I=7.761630050583168e-5
beamp=27 beamq=43 I=0.0006441984965070621
beamp=28 beamq=43 I=8.177202085692825e-5
beamp=29 beamq=43 I=0.0005616595573756449
beamp=30 beamq=43 I=4.449728346206383e-14
beamp=31 beamq=43 I=0.0003257584676517165
beamp=32 beamq=43 I=0.00010173391192115047
beamp=33 beamq=43 I=0.0008963302676131765
beamp=34 beamq=43 I=0.0001212111133866842
beamp=35 beamq=43 I=0.0008909993496290759
beamp=36 beamq=43 I=4.8100855257772003e-14
beamp=37 beamq=43 I=0.0006027313814369531
beamp=38 beamq=43 I=0.00020586656535842433
beamp=39 beamq=43 I=0.002007620665692246
beamp=40 beamq=43 I=0.00030517631116294734
beamp=41 beamq=43 I=0.0025745526207422813
beamp=42 beamq=43 I=1.3411151710285747e-14
beamp=43 beamq=43 I=0.0025360219744335623
beamp=44 beamq=43 I=0.00113893542904496
beamp=45 beamq=43 I=0.016281305565499705
beamp=46 beamq=43 I=0.004478087865503717
beamp=47 beamq=43 I=0.11773725170600553
beamp=0 beamq=44 I=0.3514370596323307
beamp=1 beamq=44 I=0.12718292842757986
beamp=2 beamq=44 I=0.0044781070794943575
beamp=3 beamq=44 I=0.009974792057291095
beamp=4 beamq=44 I=0.0011389328479110335
beamp=5 beamq=44 I=0.007594777188786232
beamp=6 beamq=44 I=1.9921311417610737e-15
beamp=7 beamq=44 I=0.002781097980847042
beamp=8 beamq=44 I=0.00030517898140718205
beamp=9 beamq=44 I=0.001229979427086927
beamp=10 beamq=44 I=0.00020587376451417064
beamp=11 beamq=44 I=0.0018050252865040007
beamp=12 beamq=44 I=2.78513468075318e-15
beamp=13 beamq=44 I=0.0009624723764215445
beamp=14 beamq=44 I=0.00012122105476357961
beamp=15 beamq=44 I=0.0005491413234304302
beamp=16 beamq=44 I=0.00010167870265738224
beamp=17 beamq=44 I=0.000975619959717603
beamp=18 beamq=44 I=2.7990486086334104e-15
beamp=19 beamq=44 I=0.0006066947890548308
beamp=20 beamq=44 I=8.176846825077745e-5
beamp=21 beamq=44 I=0.00039466618127161675
beamp=22 beamq=44 I=7.761870687600532e-5
beamp=23 beamq=44 I=0.0007881071743277894
beamp=24 beamq=44 I=5.58815869735237e-16
beamp=25 beamq=44 I=0.0005463663118233457
beamp=26 beamq=44 I=7.761203754146422e-5
beamp=27 beamq=44 I=0.00039466939356763405
beamp=28 beamq=44 I=8.177679061354518e-5
beamp=29 beamq=44 I=0.0008751763010655159
beamp=30 beamq=44 I=2.1167240414158664e-15
beamp=31 beamq=44 I=0.0006763051033479903
beamp=32 beamq=44 I=0.00010172424127608455
beamp=33 beamq=44 I=0.0005491346368012
beamp=34 beamq=44 I=0.0001212114316228263
beamp=35 beamq=44 I=0.0013882582880087508
beamp=36 beamq=44 I=4.7384152446668564e-15
beamp=37 beamq=44 I=0.0012514402621501706
beamp=38 beamq=44 I=0.00020588544242075018
beamp=39 beamq=44 I=0.0012299874113146968
beamp=40 beamq=44 I=0.00030518742204976954
beamp=41 beamq=44 I=0.004011470909295628
beamp=42 beamq=44 I=6.052106876995126e-15
beamp=43 beamq=44 I=0.005265345988064012
beamp=44 beamq=44 I=0.0011389482365700865
beamp=45 beamq=44 I=0.009974855147235786
beamp=46 beamq=44 I=0.0044780513203174265
beamp=47 beamq=44 I=0.18344969205441966
beamp=0 beamq=45 I=1.1345417207366175
beamp=1 beamq=45 I=0.37621434185111946
beamp=2 beamq=45 I=0.00447810333617447
beamp=3 beamq=45 I=0.05993997867482283
beamp=4 beamq=45 I=0.001138931350085126
beamp=5 beamq=45 I=0.022289664343993466
beamp=6 beamq=45 I=0.0
beamp=7 beamq=45 I=0.008226655250799252
beamp=8 beamq=45 I=0.00030517211242571103
beamp=9 beamq=45 I=0.007391117345288047
beamp=10 beamq=45 I=0.00020586455599127555
beamp=11 beamq=45 I=0.005297534582353807
beamp=12 beamq=45 I=0.0
beamp=13 beamq=45 I=0.0028470945931515926
beamp=14 beamq=45 I=0.00012124594227319935
beamp=15 beamq=45 I=0.0032998581705102068
beamp=16 beamq=45 I=0.00010167499451023041
beamp=17 beamq=45 I=0.0028632792606443098
beamp=18 beamq=45 I=0.0
beamp=19 beamq=45 I=0.00179463864323987
beamp=20 beamq=45 I=8.176601679200861e-5
beamp=21 beamq=45 I=0.002371593034713208
beamp=22 beamq=45 I=7.76103544638028e-5
beamp=23 beamq=45 I=0.002312971858101972
beamp=24 beamq=45 I=0.0
beamp=25 beamq=45 I=0.00161618676892907
beamp=26 beamq=45 I=7.760537488397717e-5
beamp=27 beamq=45 I=0.00237159293299406
beamp=28 beamq=45 I=8.178139992873722e-5
beamp=29 beamq=45 I=0.002568349434630311
beamp=30 beamq=45 I=0.0
beamp=31 beamq=45 I=0.0020007487182122146
beamp=32 beamq=45 I=0.00010171971913524734
beamp=33 beamq=45 I=0.0032998581420762515
beamp=34 beamq=45 I=0.0001211846139776576
beamp=35 beamq=45 I=0.004074495412500541
beamp=36 beamq=45 I=0.0
beamp=37 beamq=45 I=0.0037016679640188488
beamp=38 beamq=45 I=0.00020588283145859854
beamp=39 beamq=45 I=0.0073911173318266035
beamp=40 beamq=45 I=0.00030518212223114473
beamp=41 beamq=45 I=0.011773157357008075
beamp=42 beamq=45 I=0.0
beamp=43 beamq=45 I=0.015575074712930667
beamp=44 beamq=45 I=0.0011389540017653112
beamp=45 beamq=45 I=0.05993997858807619
beamp=46 beamq=45 I=0.0044780445137878435
beamp=47 beamq=45 I=0.5384028296561758
beamp=0 beamq=46 I=0.3995439931811414
beamp=1 beamq=46 I=0.16106004601409404
beamp=2 beamq=46 I=0.004478106142943889
beamp=3 beamq=46 I=0.010508791575961459
beamp=4 beamq=46 I=0.0011389246255576412
beamp=5 beamq=46 I=0.00796186419496826
beamp=6 beamq=46 I=4.803919125921189e-16
beamp=7 beamq=46 I=0.0035218424366073022
beamp=8 beamq=46 I=0.0003051751305814482
beamp=9 beamq=46 I=0.0012958247689399613
beamp=10 beamq=46 I=0.00020587405240083193
beamp=11 beamq=46 I=0.001892283467077599
beamp=12 beamq=46 I=1.0860091761063136e-16
beamp=13 beamq=46 I=0.0012187645857981823
beamp=14 beamq=46 I=0.0001212147421245345
beamp=15 beamq=46 I=0.0005785356996050673
beamp=16 beamq=46 I=0.00010170572522146906
beamp=17 beamq=46 I=0.00102267369838551
beamp=18 beamq=46 I=2.787483785460232e-15
beamp=19 beamq=46 I=0.0007683298295659697
beamp=20 beamq=46 I=8.177236479111321e-5
beamp=21 beamq=46 I=0.0004157887308879952
beamp=22 beamq=46 I=7.761904583574766e-5
beamp=23 beamq=46 I=0.0008261932008790005
beamp=24 beamq=46 I=2.3377205842408282e-15
beamp=25 beamq=46 I=0.0006919158018516708
beamp=26 beamq=46 I=7.761608648687819e-5
beamp=27 beamq=46 I=0.0004157882060808129
beamp=28 beamq=46 I=8.176824023170202e-5
beamp=29 beamq=46 I=0.0009175192325600514
beamp=30 beamq=46 I=1.446515433475848e-14
beamp=31 beamq=46 I=0.0008564667300880774
beamp=32 beamq=46 I=0.00010169185566412346
beamp=33 beamq=46 I=0.0005785275161607829
beamp=34 beamq=46 I=0.00012121779866587903
beamp=35 beamq=46 I=0.0014553256738430516
beamp=36 beamq=46 I=7.680578540068353e-14
beamp=37 beamq=46 I=0.0015847483183756242
beamp=38 beamq=46 I=0.00020588040385994302
beamp=39 beamq=46 I=0.0012958112394780945
beamp=40 beamq=46 I=0.00030518429071885183
beamp=41 beamq=46 I=0.004205314789805218
beamp=42 beamq=46 I=5.453717627964168e-14
beamp=43 beamq=46 I=0.00666785305850723
beamp=44 beamq=46 I=0.0011389578522445591
beamp=45 beamq=46 I=0.010508640468938249
beamp=46 beamq=46 I=0.004478087554935492
beamp=47 beamq=46 I=0.1923154783195647
beamp=0 beamq=47 I=13.259537677848785
beamp=1 beamq=47 I=5.070911055397572
beamp=2 beamq=47 I=0.004478131590639982
beamp=3 beamq=47 I=0.6141824608122126
beamp=4 beamq=47 I=0.0011389270239324455
beamp=5 beamq=47 I=0.23528828736003748
beamp=6 beamq=47 I=1.1941583428117426e-15
beamp=7 beamq=47 I=0.11088472278389455
beamp=8 beamq=47 I=0.00030517643648821145
beamp=9 beamq=47 I=0.07573398253040388
beamp=10 beamq=47 I=0.00020587730772256486
beamp=11 beamq=47 I=0.05592062406938983
beamp=12 beamq=47 I=4.8739405162275445e-15
beamp=13 beamq=47 I=0.03837379957934946
beamp=14 beamq=47 I=0.00012119143378251662
beamp=15 beamq=47 I=0.03381241398796914
beamp=16 beamq=47 I=0.00010169005889090247
beamp=17 beamq=47 I=0.030223015477199928
beamp=18 beamq=47 I=1.4392264326204087e-14
beamp=19 beamq=47 I=0.024190175232193252
beamp=20 beamq=47 I=8.175151743283072e-5
beamp=21 beamq=47 I=0.024300851723282155
beamp=22 beamq=47 I=7.761754713176459e-5
beamp=23 beamq=47 I=0.02441517902900641
beamp=24 beamq=47 I=6.1846505925814786e-15
beamp=25 beamq=47 I=0.021784475776392663
beamp=26 beamq=47 I=7.761461076938596e-5
beamp=27 beamq=47 I=0.02430086365391597
beamp=28 beamq=47 I=8.177398387174016e-5
beamp=29 beamq=47 I=0.027112760821022895
beamp=30 beamq=47 I=3.524786437840895e-15
beamp=31 beamq=47 I=0.026966641190868175
beamp=32 beamq=47 I=0.00010165657806564623
beamp=33 beamq=47 I=0.03381252648383932
beamp=34 beamq=47 I=0.00012116902484735257
beamp=35 beamq=47 I=0.04300858767765398
beamp=36 beamq=47 I=1.6139878514260842e-13
beamp=37 beamq=47 I=0.049894718139851336
beamp=38 beamq=47 I=0.0002059000377560358
beamp=39 beamq=47 I=0.07573409890338345
beamp=40 beamq=47 I=0.0003051963613561983
beamp=41 beamq=47 I=0.1242762316697951
beamp=42 beamq=47 I=3.1498331865229914e-15
beamp=43 beamq=47 I=0.20993422959383903
beamp=44 beamq=47 I=0.0011389532414180425
beamp=45 beamq=47 I=0.6141839441467911
beamp=46 beamq=47 I=0.004478060415130191
beamp=47 beamq=47 I=5.6833165142547495
Copying data from CPU to GPU...
Running kernel...
Copying data back from GPU to CPU...
Done.
