[Choosing CUDA device...]
NVIDIA A40
[Creating frb kernel...]
[Done creating frb kernel]
CHORD FRB beamformer
Compiling kernel...
Allocating input data...
Setting up input data...
Tbarmin = 0
Tbarmax = 96
Fbar_in_min = 0
Fbar_in_max = 256
Ttildemin = 0
Ttildemax = 32
Fbar_out_min = 0
Fbar_out_max = 256
num_threads = 32
num_warps = 24
num_blocks = 256
dish_grid = [(0, 0), (1, 0), (2, 0), (3, 0), (4, 0), (5, 0), (6, 0), (7, 0), (8, 0), (9, 0), (10, 0), (11, 0), (12, 0), (13, 0), (14, 0), (15, 0), (16, 0), (17, 0), (18, 0), (19, 0), (20, 0), (21, 0), (22, 0), (23, 0), (0, 1), (1, 1), (2, 1), (3, 1), (4, 1), (5, 1), (6, 1), (7, 1), (8, 1), (9, 1), (10, 1), (11, 1), (12, 1), (13, 1), (14, 1), (15, 1), (16, 1), (17, 1), (18, 1), (19, 1), (20, 1), (21, 1), (22, 1), (23, 1), (0, 2), (1, 2), (2, 2), (3, 2), (4, 2), (5, 2), (6, 2), (7, 2), (8, 2), (9, 2), (10, 2), (11, 2), (12, 2), (13, 2), (14, 2), (15, 2), (16, 2), (17, 2), (18, 2), (19, 2), (20, 2), (21, 2), (22, 2), (23, 2), (0, 3), (1, 3), (2, 3), (3, 3), (4, 3), (5, 3), (6, 3), (7, 3), (8, 3), (9, 3), (10, 3), (11, 3), (12, 3), (13, 3), (14, 3), (15, 3), (16, 3), (17, 3), (18, 3), (19, 3), (20, 3), (21, 3), (22, 3), (23, 3), (0, 4), (1, 4), (2, 4), (3, 4), (4, 4), (5, 4), (6, 4), (7, 4), (8, 4), (9, 4), (10, 4), (11, 4), (12, 4), (13, 4), (14, 4), (15, 4), (16, 4), (17, 4), (18, 4), (19, 4), (20, 4), (21, 4), (22, 4), (23, 4), (0, 5), (1, 5), (2, 5), (3, 5), (4, 5), (5, 5), (6, 5), (7, 5), (8, 5), (9, 5), (10, 5), (11, 5), (12, 5), (13, 5), (14, 5), (15, 5), (16, 5), (17, 5), (18, 5), (19, 5), (20, 5), (21, 5), (22, 5), (23, 5), (0, 6), (1, 6), (2, 6), (3, 6), (4, 6), (5, 6), (6, 6), (7, 6), (8, 6), (9, 6), (10, 6), (11, 6), (12, 6), (13, 6), (14, 6), (15, 6), (16, 6), (17, 6), (18, 6), (19, 6), (20, 6), (21, 6), (22, 6), (23, 6), (0, 7), (1, 7), (2, 7), (3, 7), (4, 7), (5, 7), (6, 7), (7, 7), (8, 7), (9, 7), (10, 7), (11, 7), (12, 7), (13, 7), (14, 7), (15, 7), (16, 7), (17, 7), (18, 7), (19, 7), (20, 7), (21, 7), (22, 7), (23, 7), (0, 8), (1, 8), (2, 8), (3, 8), (4, 8), (5, 8), (6, 8), (7, 8), (8, 8), (9, 8), (10, 8), (11, 8), (12, 8), (13, 8), (14, 8), (15, 8), (16, 8), (17, 8), (18, 8), (19, 8), (20, 8), (21, 8), (22, 8), (23, 8), (0, 9), (1, 9), (2, 9), (3, 9), (4, 9), (5, 9), (6, 9), (7, 9), (8, 9), (9, 9), (10, 9), (11, 9), (12, 9), (13, 9), (14, 9), (15, 9), (16, 9), (17, 9), (18, 9), (19, 9), (20, 9), (21, 9), (22, 9), (23, 9), (0, 10), (1, 10), (2, 10), (3, 10), (4, 10), (5, 10), (6, 10), (7, 10), (8, 10), (9, 10), (10, 10), (11, 10), (12, 10), (13, 10), (14, 10), (15, 10), (16, 10), (17, 10), (18, 10), (19, 10), (20, 10), (21, 10), (22, 10), (23, 10), (0, 11), (1, 11), (2, 11), (3, 11), (4, 11), (5, 11), (6, 11), (7, 11), (8, 11), (9, 11), (10, 11), (11, 11), (12, 11), (13, 11), (14, 11), (15, 11), (16, 11), (17, 11), (18, 11), (19, 11), (20, 11), (21, 11), (22, 11), (23, 11), (0, 12), (1, 12), (2, 12), (3, 12), (4, 12), (5, 12), (6, 12), (7, 12), (8, 12), (9, 12), (10, 12), (11, 12), (12, 12), (13, 12), (14, 12), (15, 12), (16, 12), (17, 12), (18, 12), (19, 12), (20, 12), (21, 12), (22, 12), (23, 12), (0, 13), (1, 13), (2, 13), (3, 13), (4, 13), (5, 13), (6, 13), (7, 13), (8, 13), (9, 13), (10, 13), (11, 13), (12, 13), (13, 13), (14, 13), (15, 13), (16, 13), (17, 13), (18, 13), (19, 13), (20, 13), (21, 13), (22, 13), (23, 13), (0, 14), (1, 14), (2, 14), (3, 14), (4, 14), (5, 14), (6, 14), (7, 14), (8, 14), (9, 14), (10, 14), (11, 14), (12, 14), (13, 14), (14, 14), (15, 14), (16, 14), (17, 14), (18, 14), (19, 14), (20, 14), (21, 14), (22, 14), (23, 14), (0, 15), (1, 15), (2, 15), (3, 15), (4, 15), (5, 15), (6, 15), (7, 15), (8, 15), (9, 15), (10, 15), (11, 15), (12, 15), (13, 15), (14, 15), (15, 15), (16, 15), (17, 15), (18, 15), (19, 15), (20, 15), (21, 15), (22, 15), (23, 15), (0, 16), (1, 16), (2, 16), (3, 16), (4, 16), (5, 16), (6, 16), (7, 16), (8, 16), (9, 16), (10, 16), (11, 16), (12, 16), (13, 16), (14, 16), (15, 16), (16, 16), (17, 16), (18, 16), (19, 16), (20, 16), (21, 16), (22, 16), (23, 16), (0, 17), (1, 17), (2, 17), (3, 17), (4, 17), (5, 17), (6, 17), (7, 17), (8, 17), (9, 17), (10, 17), (11, 17), (12, 17), (13, 17), (14, 17), (15, 17), (16, 17), (17, 17), (18, 17), (19, 17), (20, 17), (21, 17), (22, 17), (23, 17), (0, 18), (1, 18), (2, 18), (3, 18), (4, 18), (5, 18), (6, 18), (7, 18), (8, 18), (9, 18), (10, 18), (11, 18), (12, 18), (13, 18), (14, 18), (15, 18), (16, 18), (17, 18), (18, 18), (19, 18), (20, 18), (21, 18), (22, 18), (23, 18), (0, 19), (1, 19), (2, 19), (3, 19), (4, 19), (5, 19), (6, 19), (7, 19), (8, 19), (9, 19), (10, 19), (11, 19), (12, 19), (13, 19), (14, 19), (15, 19), (16, 19), (17, 19), (18, 19), (19, 19), (20, 19), (21, 19), (22, 19), (23, 19), (0, 20), (1, 20), (2, 20), (3, 20), (4, 20), (5, 20), (6, 20), (7, 20), (8, 20), (9, 20), (10, 20), (11, 20), (12, 20), (13, 20), (14, 20), (15, 20), (16, 20), (17, 20), (18, 20), (19, 20), (20, 20), (21, 20), (22, 20), (23, 20), (0, 21), (1, 21), (2, 21), (3, 21), (4, 21), (5, 21), (6, 21), (7, 21), (8, 21), (9, 21), (10, 21), (11, 21), (12, 21), (13, 21), (14, 21), (15, 21), (16, 21), (17, 21), (18, 21), (19, 21), (20, 21), (21, 21), (22, 21), (23, 21), (0, 22), (1, 22), (2, 22), (3, 22), (4, 22), (5, 22), (6, 22), (7, 22), (8, 22), (9, 22), (10, 22), (11, 22), (12, 22), (13, 22), (14, 22), (15, 22), (16, 22), (17, 22), (18, 22), (19, 22), (20, 22), (21, 22), (22, 22), (23, 22), (0, 23), (1, 23), (2, 23), (3, 23), (4, 23), (5, 23), (6, 23), (7, 23), (8, 23), (9, 23), (10, 23), (11, 23), (12, 23), (13, 23), (14, 23), (15, 23), (16, 23), (17, 23), (18, 23), (19, 23), (20, 23), (21, 23), (22, 23), (23, 23)]
freq = 103
polr = 0
time = 441
Fvalue = -1.1594405f0 - 1.8685707f0im
Evalue = -1 - 2im
dish=0 E=Int4x8(6, 7, -8, -8, -8, -8, -8, -8)
dish=1 E=Int4x8(6, 7, 6, 7, -8, -8, -8, -8)
dish=2 E=Int4x8(6, 7, 6, 7, 6, 7, -8, -8)
dish=3 E=Int4x8(6, 7, 6, 7, 6, 7, 6, 7)
dish=4 E=Int4x8(6, 7, -8, -8, -8, -8, -8, -8)
dish=5 E=Int4x8(6, 7, 6, 7, -8, -8, -8, -8)
dish=6 E=Int4x8(6, 7, 6, 7, 6, 7, -8, -8)
dish=7 E=Int4x8(6, 7, 6, 7, 6, 7, 6, 7)
dish=8 E=Int4x8(6, 7, -8, -8, -8, -8, -8, -8)
dish=9 E=Int4x8(6, 7, 6, 7, -8, -8, -8, -8)
dish=10 E=Int4x8(6, 7, 6, 7, 6, 7, -8, -8)
dish=11 E=Int4x8(6, 7, 6, 7, 6, 7, 6, 7)
dish=12 E=Int4x8(6, 7, -8, -8, -8, -8, -8, -8)
dish=13 E=Int4x8(6, 7, 6, 7, -8, -8, -8, -8)
dish=14 E=Int4x8(6, 7, 6, 7, 6, 7, -8, -8)
dish=15 E=Int4x8(6, 7, 6, 7, 6, 7, 6, 7)
dish=16 E=Int4x8(6, 7, -8, -8, -8, -8, -8, -8)
dish=17 E=Int4x8(6, 7, 6, 7, -8, -8, -8, -8)
dish=18 E=Int4x8(6, 7, 6, 7, 6, 7, -8, -8)
dish=19 E=Int4x8(6, 7, 6, 7, 6, 7, 6, 7)
dish=20 E=Int4x8(6, 7, -8, -8, -8, -8, -8, -8)
dish=21 E=Int4x8(6, 7, 6, 7, -8, -8, -8, -8)
dish=22 E=Int4x8(6, 7, 6, 7, 6, 7, -8, -8)
dish=23 E=Int4x8(6, 7, 6, 7, 6, 7, 6, 7)
dish=24 E=Int4x8(6, 7, -8, -8, -8, -8, -8, -8)
dish=25 E=Int4x8(6, 7, 6, 7, -8, -8, -8, -8)
dish=26 E=Int4x8(6, 7, 6, 7, 6, 7, -8, -8)
dish=27 E=Int4x8(6, 7, 6, 7, 6, 7, 6, 7)
dish=28 E=Int4x8(6, 7, -8, -8, -8, -8, -8, -8)
dish=29 E=Int4x8(6, 7, 6, 7, -8, -8, -8, -8)
dish=30 E=Int4x8(6, 7, 6, 7, 6, 7, -8, -8)
dish=31 E=Int4x8(6, 7, 6, 7, 6, 7, 6, 7)
dish=32 E=Int4x8(6, 7, -8, -8, -8, -8, -8, -8)
dish=33 E=Int4x8(6, 7, 6, 7, -8, -8, -8, -8)
dish=34 E=Int4x8(6, 7, 6, 7, 6, 7, -8, -8)
dish=35 E=Int4x8(6, 7, 6, 7, 6, 7, 6, 7)
dish=36 E=Int4x8(6, 7, -8, -8, -8, -8, -8, -8)
dish=37 E=Int4x8(6, 7, 6, 7, -8, -8, -8, -8)
dish=38 E=Int4x8(6, 7, 6, 7, 6, 7, -8, -8)
dish=39 E=Int4x8(6, 7, 6, 7, 6, 7, 6, 7)
dish=40 E=Int4x8(6, 7, -8, -8, -8, -8, -8, -8)
dish=41 E=Int4x8(6, 7, 6, 7, -8, -8, -8, -8)
dish=42 E=Int4x8(6, 7, 6, 7, 6, 7, -8, -8)
dish=43 E=Int4x8(6, 7, 6, 7, 6, 7, 6, 7)
dish=44 E=Int4x8(6, 7, -8, -8, -8, -8, -8, -8)
dish=45 E=Int4x8(6, 7, 6, 7, -8, -8, -8, -8)
dish=46 E=Int4x8(6, 7, 6, 7, 6, 7, -8, -8)
dish=47 E=Int4x8(6, 7, 6, 7, 6, 7, 6, 7)
dish=48 E=Int4x8(6, 7, -8, -8, -8, -8, -8, -8)
dish=49 E=Int4x8(6, 7, 6, 7, -8, -8, -8, -8)
dish=50 E=Int4x8(6, 7, 6, 7, 6, 7, -8, -8)
dish=51 E=Int4x8(6, 7, 6, 7, 6, 7, 6, 7)
dish=52 E=Int4x8(6, 7, -8, -8, -8, -8, -8, -8)
dish=53 E=Int4x8(6, 7, 6, 7, -8, -8, -8, -8)
dish=54 E=Int4x8(6, 7, 6, 7, 6, 7, -8, -8)
dish=55 E=Int4x8(6, 7, 6, 7, 6, 7, 6, 7)
dish=56 E=Int4x8(6, 7, -8, -8, -8, -8, -8, -8)
dish=57 E=Int4x8(6, 7, 6, 7, -8, -8, -8, -8)
dish=58 E=Int4x8(6, 7, 6, 7, 6, 7, -8, -8)
dish=59 E=Int4x8(6, 7, 6, 7, 6, 7, 6, 7)
dish=60 E=Int4x8(6, 7, -8, -8, -8, -8, -8, -8)
dish=61 E=Int4x8(6, 7, 6, 7, -8, -8, -8, -8)
dish=62 E=Int4x8(6, 7, 6, 7, 6, 7, -8, -8)
dish=63 E=Int4x8(6, 7, 6, 7, 6, 7, 6, 7)
dish=64 E=Int4x8(6, 7, -8, -8, -8, -8, -8, -8)
dish=65 E=Int4x8(6, 7, 6, 7, -8, -8, -8, -8)
dish=66 E=Int4x8(6, 7, 6, 7, 6, 7, -8, -8)
dish=67 E=Int4x8(6, 7, 6, 7, 6, 7, 6, 7)
dish=68 E=Int4x8(6, 7, -8, -8, -8, -8, -8, -8)
dish=69 E=Int4x8(6, 7, 6, 7, -8, -8, -8, -8)
dish=70 E=Int4x8(6, 7, 6, 7, 6, 7, -8, -8)
dish=71 E=Int4x8(6, 7, 6, 7, 6, 7, 6, 7)
dish=72 E=Int4x8(6, 7, -8, -8, -8, -8, -8, -8)
dish=73 E=Int4x8(6, 7, 6, 7, -8, -8, -8, -8)
dish=74 E=Int4x8(6, 7, 6, 7, 6, 7, -8, -8)
dish=75 E=Int4x8(6, 7, 6, 7, 6, 7, 6, 7)
dish=76 E=Int4x8(6, 7, -8, -8, -8, -8, -8, -8)
dish=77 E=Int4x8(6, 7, 6, 7, -8, -8, -8, -8)
dish=78 E=Int4x8(6, 7, 6, 7, 6, 7, -8, -8)
dish=79 E=Int4x8(6, 7, 6, 7, 6, 7, 6, 7)
dish=80 E=Int4x8(6, 7, -8, -8, -8, -8, -8, -8)
dish=81 E=Int4x8(6, 7, 6, 7, -8, -8, -8, -8)
dish=82 E=Int4x8(6, 7, 6, 7, 6, 7, -8, -8)
dish=83 E=Int4x8(6, 7, 6, 7, 6, 7, 6, 7)
dish=84 E=Int4x8(6, 7, -8, -8, -8, -8, -8, -8)
dish=85 E=Int4x8(6, 7, 6, 7, -8, -8, -8, -8)
dish=86 E=Int4x8(6, 7, 6, 7, 6, 7, -8, -8)
dish=87 E=Int4x8(6, 7, 6, 7, 6, 7, 6, 7)
dish=88 E=Int4x8(6, 7, -8, -8, -8, -8, -8, -8)
dish=89 E=Int4x8(6, 7, 6, 7, -8, -8, -8, -8)
dish=90 E=Int4x8(6, 7, 6, 7, 6, 7, -8, -8)
dish=91 E=Int4x8(6, 7, 6, 7, 6, 7, 6, 7)
dish=92 E=Int4x8(6, 7, -8, -8, -8, -8, -8, -8)
dish=93 E=Int4x8(6, 7, 6, 7, -8, -8, -8, -8)
dish=94 E=Int4x8(6, 7, 6, 7, 6, 7, -8, -8)
dish=95 E=Int4x8(6, 7, 6, 7, 6, 7, 6, 7)
dish=96 E=Int4x8(6, 7, -8, -8, -8, -8, -8, -8)
dish=97 E=Int4x8(6, 7, 6, 7, -8, -8, -8, -8)
dish=98 E=Int4x8(6, 7, 6, 7, 6, 7, -8, -8)
dish=99 E=Int4x8(6, 7, 6, 7, 6, 7, 6, 7)
dish=100 E=Int4x8(6, 7, -8, -8, -8, -8, -8, -8)
dish=101 E=Int4x8(6, 7, 6, 7, -8, -8, -8, -8)
dish=102 E=Int4x8(6, 7, 6, 7, 6, 7, -8, -8)
dish=103 E=Int4x8(6, 7, 6, 7, 6, 7, 6, 7)
dish=104 E=Int4x8(6, 7, -8, -8, -8, -8, -8, -8)
dish=105 E=Int4x8(6, 7, 6, 7, -8, -8, -8, -8)
dish=106 E=Int4x8(6, 7, 6, 7, 6, 7, -8, -8)
dish=107 E=Int4x8(6, 7, 6, 7, 6, 7, 6, 7)
dish=108 E=Int4x8(6, 7, -8, -8, -8, -8, -8, -8)
dish=109 E=Int4x8(6, 7, 6, 7, -8, -8, -8, -8)
dish=110 E=Int4x8(6, 7, 6, 7, 6, 7, -8, -8)
dish=111 E=Int4x8(6, 7, 6, 7, 6, 7, 6, 7)
dish=112 E=Int4x8(6, 7, -8, -8, -8, -8, -8, -8)
dish=113 E=Int4x8(6, 7, 6, 7, -8, -8, -8, -8)
dish=114 E=Int4x8(6, 7, 6, 7, 6, 7, -8, -8)
dish=115 E=Int4x8(6, 7, 6, 7, 6, 7, 6, 7)
dish=116 E=Int4x8(6, 7, -8, -8, -8, -8, -8, -8)
dish=117 E=Int4x8(6, 7, 6, 7, -8, -8, -8, -8)
dish=118 E=Int4x8(6, 7, 6, 7, 6, 7, -8, -8)
dish=119 E=Int4x8(6, 7, 6, 7, 6, 7, 6, 7)
dish=120 E=Int4x8(6, 7, -8, -8, -8, -8, -8, -8)
dish=121 E=Int4x8(6, 7, 6, 7, -8, -8, -8, -8)
dish=122 E=Int4x8(6, 7, 6, 7, 6, 7, -8, -8)
dish=123 E=Int4x8(6, 7, 6, 7, 6, 7, 6, 7)
dish=124 E=Int4x8(6, 7, -8, -8, -8, -8, -8, -8)
dish=125 E=Int4x8(6, 7, 6, 7, -8, -8, -8, -8)
dish=126 E=Int4x8(6, 7, 6, 7, 6, 7, -8, -8)
dish=127 E=Int4x8(6, 7, 6, 7, 6, 7, 6, 7)
dish=128 E=Int4x8(6, 7, -8, -8, -8, -8, -8, -8)
dish=129 E=Int4x8(6, 7, 6, 7, -8, -8, -8, -8)
dish=130 E=Int4x8(6, 7, 6, 7, 6, 7, -8, -8)
dish=131 E=Int4x8(6, 7, 6, 7, 6, 7, 6, 7)
dish=132 E=Int4x8(6, 7, -8, -8, -8, -8, -8, -8)
dish=133 E=Int4x8(6, 7, 6, 7, -8, -8, -8, -8)
dish=134 E=Int4x8(6, 7, 6, 7, 6, 7, -8, -8)
dish=135 E=Int4x8(6, 7, 6, 7, 6, 7, 6, 7)
dish=136 E=Int4x8(6, 7, -8, -8, -8, -8, -8, -8)
dish=137 E=Int4x8(6, 7, 6, 7, -8, -8, -8, -8)
dish=138 E=Int4x8(6, 7, 6, 7, 6, 7, -8, -8)
dish=139 E=Int4x8(6, 7, 6, 7, 6, 7, 6, 7)
dish=140 E=Int4x8(6, 7, -8, -8, -8, -8, -8, -8)
dish=141 E=Int4x8(6, 7, 6, 7, -8, -8, -8, -8)
dish=142 E=Int4x8(6, 7, 6, 7, 6, 7, -8, -8)
dish=143 E=Int4x8(6, 7, 6, 7, 6, 7, 6, 7)
dish=144 E=Int4x8(6, 7, -8, -8, -8, -8, -8, -8)
dish=145 E=Int4x8(6, 7, 6, 7, -8, -8, -8, -8)
dish=146 E=Int4x8(6, 7, 6, 7, 6, 7, -8, -8)
dish=147 E=Int4x8(6, 7, 6, 7, 6, 7, 6, 7)
dish=148 E=Int4x8(6, 7, -8, -8, -8, -8, -8, -8)
dish=149 E=Int4x8(6, 7, 6, 7, -8, -8, -8, -8)
dish=150 E=Int4x8(6, 7, 6, 7, 6, 7, -8, -8)
dish=151 E=Int4x8(6, 7, 6, 7, 6, 7, 6, 7)
dish=152 E=Int4x8(6, 7, -8, -8, -8, -8, -8, -8)
dish=153 E=Int4x8(6, 7, 6, 7, -8, -8, -8, -8)
dish=154 E=Int4x8(6, 7, 6, 7, 6, 7, -8, -8)
dish=155 E=Int4x8(6, 7, 6, 7, 6, 7, 6, 7)
dish=156 E=Int4x8(6, 7, -8, -8, -8, -8, -8, -8)
dish=157 E=Int4x8(6, 7, 6, 7, -8, -8, -8, -8)
dish=158 E=Int4x8(6, 7, 6, 7, 6, 7, -8, -8)
dish=159 E=Int4x8(6, 7, 6, 7, 6, 7, 6, 7)
dish=160 E=Int4x8(6, 7, -8, -8, -8, -8, -8, -8)
dish=161 E=Int4x8(6, 7, 6, 7, -8, -8, -8, -8)
dish=162 E=Int4x8(6, 7, 6, 7, 6, 7, -8, -8)
dish=163 E=Int4x8(6, 7, 6, 7, 6, 7, 6, 7)
dish=164 E=Int4x8(6, 7, -8, -8, -8, -8, -8, -8)
dish=165 E=Int4x8(6, 7, 6, 7, -8, -8, -8, -8)
dish=166 E=Int4x8(6, 7, 6, 7, 6, 7, -8, -8)
dish=167 E=Int4x8(6, 7, 6, 7, 6, 7, 6, 7)
dish=168 E=Int4x8(6, 7, -8, -8, -8, -8, -8, -8)
dish=169 E=Int4x8(6, 7, 6, 7, -8, -8, -8, -8)
dish=170 E=Int4x8(6, 7, 6, 7, 6, 7, -8, -8)
dish=171 E=Int4x8(6, 7, 6, 7, 6, 7, 6, 7)
dish=172 E=Int4x8(6, 7, -8, -8, -8, -8, -8, -8)
dish=173 E=Int4x8(6, 7, 6, 7, -8, -8, -8, -8)
dish=174 E=Int4x8(6, 7, 6, 7, 6, 7, -8, -8)
dish=175 E=Int4x8(6, 7, 6, 7, 6, 7, 6, 7)
dish=176 E=Int4x8(6, 7, -8, -8, -8, -8, -8, -8)
dish=177 E=Int4x8(6, 7, 6, 7, -8, -8, -8, -8)
dish=178 E=Int4x8(6, 7, 6, 7, 6, 7, -8, -8)
dish=179 E=Int4x8(6, 7, 6, 7, 6, 7, 6, 7)
dish=180 E=Int4x8(6, 7, -8, -8, -8, -8, -8, -8)
dish=181 E=Int4x8(6, 7, 6, 7, -8, -8, -8, -8)
dish=182 E=Int4x8(6, 7, 6, 7, 6, 7, -8, -8)
dish=183 E=Int4x8(6, 7, 6, 7, 6, 7, 6, 7)
dish=184 E=Int4x8(6, 7, -8, -8, -8, -8, -8, -8)
dish=185 E=Int4x8(6, 7, 6, 7, -8, -8, -8, -8)
dish=186 E=Int4x8(6, 7, 6, 7, 6, 7, -8, -8)
dish=187 E=Int4x8(6, 7, 6, 7, 6, 7, 6, 7)
dish=188 E=Int4x8(6, 7, -8, -8, -8, -8, -8, -8)
dish=189 E=Int4x8(6, 7, 6, 7, -8, -8, -8, -8)
dish=190 E=Int4x8(6, 7, 6, 7, 6, 7, -8, -8)
dish=191 E=Int4x8(6, 7, 6, 7, 6, 7, 6, 7)
dish=192 E=Int4x8(6, 7, -8, -8, -8, -8, -8, -8)
dish=193 E=Int4x8(6, 7, 6, 7, -8, -8, -8, -8)
dish=194 E=Int4x8(6, 7, 6, 7, 6, 7, -8, -8)
dish=195 E=Int4x8(6, 7, 6, 7, 6, 7, 6, 7)
dish=196 E=Int4x8(6, 7, -8, -8, -8, -8, -8, -8)
dish=197 E=Int4x8(6, 7, 6, 7, -8, -8, -8, -8)
dish=198 E=Int4x8(6, 7, 6, 7, 6, 7, -8, -8)
dish=199 E=Int4x8(6, 7, 6, 7, 6, 7, 6, 7)
dish=200 E=Int4x8(6, 7, -8, -8, -8, -8, -8, -8)
dish=201 E=Int4x8(6, 7, 6, 7, -8, -8, -8, -8)
dish=202 E=Int4x8(6, 7, 6, 7, 6, 7, -8, -8)
dish=203 E=Int4x8(6, 7, 6, 7, 6, 7, 6, 7)
dish=204 E=Int4x8(6, 7, -8, -8, -8, -8, -8, -8)
dish=205 E=Int4x8(6, 7, 6, 7, -8, -8, -8, -8)
dish=206 E=Int4x8(6, 7, 6, 7, 6, 7, -8, -8)
dish=207 E=Int4x8(6, 7, 6, 7, 6, 7, 6, 7)
dish=208 E=Int4x8(6, 7, -8, -8, -8, -8, -8, -8)
dish=209 E=Int4x8(6, 7, 6, 7, -8, -8, -8, -8)
dish=210 E=Int4x8(6, 7, 6, 7, 6, 7, -8, -8)
dish=211 E=Int4x8(6, 7, 6, 7, 6, 7, 6, 7)
dish=212 E=Int4x8(6, 7, -8, -8, -8, -8, -8, -8)
dish=213 E=Int4x8(6, 7, 6, 7, -8, -8, -8, -8)
dish=214 E=Int4x8(6, 7, 6, 7, 6, 7, -8, -8)
dish=215 E=Int4x8(6, 7, 6, 7, 6, 7, 6, 7)
dish=216 E=Int4x8(6, 7, -8, -8, -8, -8, -8, -8)
dish=217 E=Int4x8(6, 7, 6, 7, -8, -8, -8, -8)
dish=218 E=Int4x8(6, 7, 6, 7, 6, 7, -8, -8)
dish=219 E=Int4x8(6, 7, 6, 7, 6, 7, 6, 7)
dish=220 E=Int4x8(6, 7, -8, -8, -8, -8, -8, -8)
dish=221 E=Int4x8(6, 7, 6, 7, -8, -8, -8, -8)
dish=222 E=Int4x8(6, 7, 6, 7, 6, 7, -8, -8)
dish=223 E=Int4x8(6, 7, 6, 7, 6, 7, 6, 7)
dish=224 E=Int4x8(6, 7, -8, -8, -8, -8, -8, -8)
dish=225 E=Int4x8(6, 7, 6, 7, -8, -8, -8, -8)
dish=226 E=Int4x8(6, 7, 6, 7, 6, 7, -8, -8)
dish=227 E=Int4x8(6, 7, 6, 7, 6, 7, 6, 7)
dish=228 E=Int4x8(6, 7, -8, -8, -8, -8, -8, -8)
dish=229 E=Int4x8(6, 7, 6, 7, -8, -8, -8, -8)
dish=230 E=Int4x8(6, 7, 6, 7, 6, 7, -8, -8)
dish=231 E=Int4x8(6, 7, 6, 7, 6, 7, 6, 7)
dish=232 E=Int4x8(6, 7, -8, -8, -8, -8, -8, -8)
dish=233 E=Int4x8(6, 7, 6, 7, -8, -8, -8, -8)
dish=234 E=Int4x8(6, 7, 6, 7, 6, 7, -8, -8)
dish=235 E=Int4x8(6, 7, 6, 7, 6, 7, 6, 7)
dish=236 E=Int4x8(6, 7, -8, -8, -8, -8, -8, -8)
dish=237 E=Int4x8(6, 7, 6, 7, -8, -8, -8, -8)
dish=238 E=Int4x8(6, 7, 6, 7, 6, 7, -8, -8)
dish=239 E=Int4x8(6, 7, 6, 7, 6, 7, 6, 7)
dish=240 E=Int4x8(6, 7, -8, -8, -8, -8, -8, -8)
dish=241 E=Int4x8(6, 7, 6, 7, -8, -8, -8, -8)
dish=242 E=Int4x8(6, 7, 6, 7, 6, 7, -8, -8)
dish=243 E=Int4x8(6, 7, 6, 7, 6, 7, 6, 7)
dish=244 E=Int4x8(6, 7, -8, -8, -8, -8, -8, -8)
dish=245 E=Int4x8(6, 7, 6, 7, -8, -8, -8, -8)
dish=246 E=Int4x8(6, 7, 6, 7, 6, 7, -8, -8)
dish=247 E=Int4x8(6, 7, 6, 7, 6, 7, 6, 7)
dish=248 E=Int4x8(6, 7, -8, -8, -8, -8, -8, -8)
dish=249 E=Int4x8(6, 7, 6, 7, -8, -8, -8, -8)
dish=250 E=Int4x8(6, 7, 6, 7, 6, 7, -8, -8)
dish=251 E=Int4x8(6, 7, 6, 7, 6, 7, 6, 7)
dish=252 E=Int4x8(6, 7, -8, -8, -8, -8, -8, -8)
dish=253 E=Int4x8(6, 7, 6, 7, -8, -8, -8, -8)
dish=254 E=Int4x8(6, 7, 6, 7, 6, 7, -8, -8)
dish=255 E=Int4x8(6, 7, 6, 7, 6, 7, 6, 7)
dish=256 E=Int4x8(6, 7, -8, -8, -8, -8, -8, -8)
dish=257 E=Int4x8(6, 7, 6, 7, -8, -8, -8, -8)
dish=258 E=Int4x8(6, 7, 6, 7, 6, 7, -8, -8)
dish=259 E=Int4x8(6, 7, 6, 7, 6, 7, 6, 7)
dish=260 E=Int4x8(6, 7, -8, -8, -8, -8, -8, -8)
dish=261 E=Int4x8(6, 7, 6, 7, -8, -8, -8, -8)
dish=262 E=Int4x8(6, 7, 6, 7, 6, 7, -8, -8)
dish=263 E=Int4x8(6, 7, 6, 7, 6, 7, 6, 7)
dish=264 E=Int4x8(6, 7, -8, -8, -8, -8, -8, -8)
dish=265 E=Int4x8(6, 7, 6, 7, -8, -8, -8, -8)
dish=266 E=Int4x8(6, 7, 6, 7, 6, 7, -8, -8)
dish=267 E=Int4x8(6, 7, 6, 7, 6, 7, 6, 7)
dish=268 E=Int4x8(6, 7, -8, -8, -8, -8, -8, -8)
dish=269 E=Int4x8(6, 7, 6, 7, -8, -8, -8, -8)
dish=270 E=Int4x8(6, 7, 6, 7, 6, 7, -8, -8)
dish=271 E=Int4x8(6, 7, 6, 7, 6, 7, 6, 7)
dish=272 E=Int4x8(6, 7, -8, -8, -8, -8, -8, -8)
dish=273 E=Int4x8(6, 7, 6, 7, -8, -8, -8, -8)
dish=274 E=Int4x8(6, 7, 6, 7, 6, 7, -8, -8)
dish=275 E=Int4x8(6, 7, 6, 7, 6, 7, 6, 7)
dish=276 E=Int4x8(6, 7, -8, -8, -8, -8, -8, -8)
dish=277 E=Int4x8(6, 7, 6, 7, -8, -8, -8, -8)
dish=278 E=Int4x8(6, 7, 6, 7, 6, 7, -8, -8)
dish=279 E=Int4x8(6, 7, 6, 7, 6, 7, 6, 7)
dish=280 E=Int4x8(6, 7, -8, -8, -8, -8, -8, -8)
dish=281 E=Int4x8(6, 7, 6, 7, -8, -8, -8, -8)
dish=282 E=Int4x8(6, 7, 6, 7, 6, 7, -8, -8)
dish=283 E=Int4x8(6, 7, 6, 7, 6, 7, 6, 7)
dish=284 E=Int4x8(6, 7, -8, -8, -8, -8, -8, -8)
dish=285 E=Int4x8(6, 7, 6, 7, -8, -8, -8, -8)
dish=286 E=Int4x8(6, 7, 6, 7, 6, 7, -8, -8)
dish=287 E=Int4x8(6, 7, 6, 7, 6, 7, 6, 7)
dish=288 E=Int4x8(6, 7, -8, -8, -8, -8, -8, -8)
dish=289 E=Int4x8(6, 7, 6, 7, -8, -8, -8, -8)
dish=290 E=Int4x8(6, 7, 6, 7, 6, 7, -8, -8)
dish=291 E=Int4x8(6, 7, 6, 7, 6, 7, 6, 7)
dish=292 E=Int4x8(6, 7, -8, -8, -8, -8, -8, -8)
dish=293 E=Int4x8(6, 7, 6, 7, -8, -8, -8, -8)
dish=294 E=Int4x8(6, 7, 6, 7, 6, 7, -8, -8)
dish=295 E=Int4x8(6, 7, 6, 7, 6, 7, 6, 7)
dish=296 E=Int4x8(6, 7, -8, -8, -8, -8, -8, -8)
dish=297 E=Int4x8(6, 7, 6, 7, -8, -8, -8, -8)
dish=298 E=Int4x8(6, 7, 6, 7, 6, 7, -8, -8)
dish=299 E=Int4x8(6, 7, 6, 7, 6, 7, 6, 7)
dish=300 E=Int4x8(6, 7, -8, -8, -8, -8, -8, -8)
dish=301 E=Int4x8(6, 7, 6, 7, -8, -8, -8, -8)
dish=302 E=Int4x8(6, 7, 6, 7, 6, 7, -8, -8)
dish=303 E=Int4x8(6, 7, 6, 7, 6, 7, 6, 7)
dish=304 E=Int4x8(6, 7, -8, -8, -8, -8, -8, -8)
dish=305 E=Int4x8(6, 7, 6, 7, -8, -8, -8, -8)
dish=306 E=Int4x8(6, 7, 6, 7, 6, 7, -8, -8)
dish=307 E=Int4x8(6, 7, 6, 7, 6, 7, 6, 7)
dish=308 E=Int4x8(6, 7, -8, -8, -8, -8, -8, -8)
dish=309 E=Int4x8(6, 7, 6, 7, -8, -8, -8, -8)
dish=310 E=Int4x8(6, 7, 6, 7, 6, 7, -8, -8)
dish=311 E=Int4x8(6, 7, 6, 7, 6, 7, 6, 7)
dish=312 E=Int4x8(6, 7, -8, -8, -8, -8, -8, -8)
dish=313 E=Int4x8(6, 7, 6, 7, -8, -8, -8, -8)
dish=314 E=Int4x8(6, 7, 6, 7, 6, 7, -8, -8)
dish=315 E=Int4x8(6, 7, 6, 7, 6, 7, 6, 7)
dish=316 E=Int4x8(6, 7, -8, -8, -8, -8, -8, -8)
dish=317 E=Int4x8(6, 7, 6, 7, -8, -8, -8, -8)
dish=318 E=Int4x8(6, 7, 6, 7, 6, 7, -8, -8)
dish=319 E=Int4x8(6, 7, 6, 7, 6, 7, 6, 7)
dish=320 E=Int4x8(6, 7, -8, -8, -8, -8, -8, -8)
dish=321 E=Int4x8(6, 7, 6, 7, -8, -8, -8, -8)
dish=322 E=Int4x8(6, 7, 6, 7, 6, 7, -8, -8)
dish=323 E=Int4x8(6, 7, 6, 7, 6, 7, 6, 7)
dish=324 E=Int4x8(6, 7, -8, -8, -8, -8, -8, -8)
dish=325 E=Int4x8(6, 7, 6, 7, -8, -8, -8, -8)
dish=326 E=Int4x8(6, 7, 6, 7, 6, 7, -8, -8)
dish=327 E=Int4x8(6, 7, 6, 7, 6, 7, 6, 7)
dish=328 E=Int4x8(6, 7, -8, -8, -8, -8, -8, -8)
dish=329 E=Int4x8(6, 7, 6, 7, -8, -8, -8, -8)
dish=330 E=Int4x8(6, 7, 6, 7, 6, 7, -8, -8)
dish=331 E=Int4x8(6, 7, 6, 7, 6, 7, 6, 7)
dish=332 E=Int4x8(6, 7, -8, -8, -8, -8, -8, -8)
dish=333 E=Int4x8(6, 7, 6, 7, -8, -8, -8, -8)
dish=334 E=Int4x8(6, 7, 6, 7, 6, 7, -8, -8)
dish=335 E=Int4x8(6, 7, 6, 7, 6, 7, 6, 7)
dish=336 E=Int4x8(6, 7, -8, -8, -8, -8, -8, -8)
dish=337 E=Int4x8(6, 7, 6, 7, -8, -8, -8, -8)
dish=338 E=Int4x8(6, 7, 6, 7, 6, 7, -8, -8)
dish=339 E=Int4x8(6, 7, 6, 7, 6, 7, 6, 7)
dish=340 E=Int4x8(6, 7, -8, -8, -8, -8, -8, -8)
dish=341 E=Int4x8(6, 7, 6, 7, -8, -8, -8, -8)
dish=342 E=Int4x8(6, 7, 6, 7, 6, 7, -8, -8)
dish=343 E=Int4x8(6, 7, 6, 7, 6, 7, 6, 7)
dish=344 E=Int4x8(6, 7, -8, -8, -8, -8, -8, -8)
dish=345 E=Int4x8(6, 7, 6, 7, -8, -8, -8, -8)
dish=346 E=Int4x8(6, 7, 6, 7, 6, 7, -8, -8)
dish=347 E=Int4x8(6, 7, 6, 7, 6, 7, 6, 7)
dish=348 E=Int4x8(6, 7, -8, -8, -8, -8, -8, -8)
dish=349 E=Int4x8(6, 7, 6, 7, -8, -8, -8, -8)
dish=350 E=Int4x8(6, 7, 6, 7, 6, 7, -8, -8)
dish=351 E=Int4x8(6, 7, 6, 7, 6, 7, 6, 7)
dish=352 E=Int4x8(6, 7, -8, -8, -8, -8, -8, -8)
dish=353 E=Int4x8(6, 7, 6, 7, -8, -8, -8, -8)
dish=354 E=Int4x8(6, 7, 6, 7, 6, 7, -8, -8)
dish=355 E=Int4x8(6, 7, 6, 7, 6, 7, 6, 7)
dish=356 E=Int4x8(6, 7, -8, -8, -8, -8, -8, -8)
dish=357 E=Int4x8(6, 7, 6, 7, -8, -8, -8, -8)
dish=358 E=Int4x8(6, 7, 6, 7, 6, 7, -8, -8)
dish=359 E=Int4x8(6, 7, 6, 7, 6, 7, 6, 7)
dish=360 E=Int4x8(6, 7, -8, -8, -8, -8, -8, -8)
dish=361 E=Int4x8(6, 7, 6, 7, -8, -8, -8, -8)
dish=362 E=Int4x8(6, 7, 6, 7, 6, 7, -8, -8)
dish=363 E=Int4x8(6, 7, 6, 7, 6, 7, 6, 7)
dish=364 E=Int4x8(6, 7, -8, -8, -8, -8, -8, -8)
dish=365 E=Int4x8(6, 7, 6, 7, -8, -8, -8, -8)
dish=366 E=Int4x8(6, 7, 6, 7, 6, 7, -8, -8)
dish=367 E=Int4x8(6, 7, 6, 7, 6, 7, 6, 7)
dish=368 E=Int4x8(6, 7, -8, -8, -8, -8, -8, -8)
dish=369 E=Int4x8(6, 7, 6, 7, -8, -8, -8, -8)
dish=370 E=Int4x8(6, 7, 6, 7, 6, 7, -8, -8)
dish=371 E=Int4x8(6, 7, 6, 7, 6, 7, 6, 7)
dish=372 E=Int4x8(6, 7, -8, -8, -8, -8, -8, -8)
dish=373 E=Int4x8(6, 7, 6, 7, -8, -8, -8, -8)
dish=374 E=Int4x8(6, 7, 6, 7, 6, 7, -8, -8)
dish=375 E=Int4x8(6, 7, 6, 7, 6, 7, 6, 7)
dish=376 E=Int4x8(6, 7, -8, -8, -8, -8, -8, -8)
dish=377 E=Int4x8(6, 7, 6, 7, -8, -8, -8, -8)
dish=378 E=Int4x8(6, 7, 6, 7, 6, 7, -8, -8)
dish=379 E=Int4x8(6, 7, 6, 7, 6, 7, 6, 7)
dish=380 E=Int4x8(6, 7, -8, -8, -8, -8, -8, -8)
dish=381 E=Int4x8(6, 7, 6, 7, -8, -8, -8, -8)
dish=382 E=Int4x8(6, 7, 6, 7, 6, 7, -8, -8)
dish=383 E=Int4x8(6, 7, 6, 7, 6, 7, 6, 7)
dish=384 E=Int4x8(6, 7, -8, -8, -8, -8, -8, -8)
dish=385 E=Int4x8(6, 7, 6, 7, -8, -8, -8, -8)
dish=386 E=Int4x8(6, 7, 6, 7, 6, 7, -8, -8)
dish=387 E=Int4x8(6, 7, 6, 7, 6, 7, 6, 7)
dish=388 E=Int4x8(6, 7, -8, -8, -8, -8, -8, -8)
dish=389 E=Int4x8(6, 7, 6, 7, -8, -8, -8, -8)
dish=390 E=Int4x8(6, 7, 6, 7, 6, 7, -8, -8)
dish=391 E=Int4x8(6, 7, 6, 7, 6, 7, 6, 7)
dish=392 E=Int4x8(6, 7, -8, -8, -8, -8, -8, -8)
dish=393 E=Int4x8(6, 7, 6, 7, -8, -8, -8, -8)
dish=394 E=Int4x8(6, 7, 6, 7, 6, 7, -8, -8)
dish=395 E=Int4x8(6, 7, 6, 7, 6, 7, 6, 7)
dish=396 E=Int4x8(6, 7, -8, -8, -8, -8, -8, -8)
dish=397 E=Int4x8(6, 7, 6, 7, -8, -8, -8, -8)
dish=398 E=Int4x8(6, 7, 6, 7, 6, 7, -8, -8)
dish=399 E=Int4x8(6, 7, 6, 7, 6, 7, 6, 7)
dish=400 E=Int4x8(6, 7, -8, -8, -8, -8, -8, -8)
dish=401 E=Int4x8(6, 7, 6, 7, -8, -8, -8, -8)
dish=402 E=Int4x8(6, 7, 6, 7, 6, 7, -8, -8)
dish=403 E=Int4x8(6, 7, 6, 7, 6, 7, 6, 7)
dish=404 E=Int4x8(6, 7, -8, -8, -8, -8, -8, -8)
dish=405 E=Int4x8(6, 7, 6, 7, -8, -8, -8, -8)
dish=406 E=Int4x8(6, 7, 6, 7, 6, 7, -8, -8)
dish=407 E=Int4x8(6, 7, 6, 7, 6, 7, 6, 7)
dish=408 E=Int4x8(6, 7, -8, -8, -8, -8, -8, -8)
dish=409 E=Int4x8(6, 7, 6, 7, -8, -8, -8, -8)
dish=410 E=Int4x8(6, 7, 6, 7, 6, 7, -8, -8)
dish=411 E=Int4x8(6, 7, 6, 7, 6, 7, 6, 7)
dish=412 E=Int4x8(6, 7, -8, -8, -8, -8, -8, -8)
dish=413 E=Int4x8(6, 7, 6, 7, -8, -8, -8, -8)
dish=414 E=Int4x8(6, 7, 6, 7, 6, 7, -8, -8)
dish=415 E=Int4x8(6, 7, 6, 7, 6, 7, 6, 7)
dish=416 E=Int4x8(6, 7, -8, -8, -8, -8, -8, -8)
dish=417 E=Int4x8(6, 7, 6, 7, -8, -8, -8, -8)
dish=418 E=Int4x8(6, 7, 6, 7, 6, 7, -8, -8)
dish=419 E=Int4x8(6, 7, 6, 7, 6, 7, 6, 7)
dish=420 E=Int4x8(6, 7, -8, -8, -8, -8, -8, -8)
dish=421 E=Int4x8(6, 7, 6, 7, -8, -8, -8, -8)
dish=422 E=Int4x8(6, 7, 6, 7, 6, 7, -8, -8)
dish=423 E=Int4x8(6, 7, 6, 7, 6, 7, 6, 7)
dish=424 E=Int4x8(6, 7, -8, -8, -8, -8, -8, -8)
dish=425 E=Int4x8(6, 7, 6, 7, -8, -8, -8, -8)
dish=426 E=Int4x8(6, 7, 6, 7, 6, 7, -8, -8)
dish=427 E=Int4x8(6, 7, 6, 7, 6, 7, 6, 7)
dish=428 E=Int4x8(6, 7, -8, -8, -8, -8, -8, -8)
dish=429 E=Int4x8(6, 7, 6, 7, -8, -8, -8, -8)
dish=430 E=Int4x8(6, 7, 6, 7, 6, 7, -8, -8)
dish=431 E=Int4x8(6, 7, 6, 7, 6, 7, 6, 7)
dish=432 E=Int4x8(6, 7, -8, -8, -8, -8, -8, -8)
dish=433 E=Int4x8(6, 7, 6, 7, -8, -8, -8, -8)
dish=434 E=Int4x8(6, 7, 6, 7, 6, 7, -8, -8)
dish=435 E=Int4x8(6, 7, 6, 7, 6, 7, 6, 7)
dish=436 E=Int4x8(6, 7, -8, -8, -8, -8, -8, -8)
dish=437 E=Int4x8(6, 7, 6, 7, -8, -8, -8, -8)
dish=438 E=Int4x8(6, 7, 6, 7, 6, 7, -8, -8)
dish=439 E=Int4x8(6, 7, 6, 7, 6, 7, 6, 7)
dish=440 E=Int4x8(6, 7, -8, -8, -8, -8, -8, -8)
dish=441 E=Int4x8(6, 7, 6, 7, -8, -8, -8, -8)
dish=442 E=Int4x8(6, 7, 6, 7, 6, 7, -8, -8)
dish=443 E=Int4x8(6, 7, 6, 7, 6, 7, 6, 7)
dish=444 E=Int4x8(6, 7, -8, -8, -8, -8, -8, -8)
dish=445 E=Int4x8(6, 7, 6, 7, -8, -8, -8, -8)
dish=446 E=Int4x8(6, 7, 6, 7, 6, 7, -8, -8)
dish=447 E=Int4x8(6, 7, 6, 7, 6, 7, 6, 7)
dish=448 E=Int4x8(6, 7, -8, -8, -8, -8, -8, -8)
dish=449 E=Int4x8(6, 7, 6, 7, -8, -8, -8, -8)
dish=450 E=Int4x8(6, 7, 6, 7, 6, 7, -8, -8)
dish=451 E=Int4x8(6, 7, 6, 7, 6, 7, 6, 7)
dish=452 E=Int4x8(6, 7, -8, -8, -8, -8, -8, -8)
dish=453 E=Int4x8(6, 7, 6, 7, -8, -8, -8, -8)
dish=454 E=Int4x8(6, 7, 6, 7, 6, 7, -8, -8)
dish=455 E=Int4x8(6, 7, 6, 7, 6, 7, 6, 7)
dish=456 E=Int4x8(6, 7, -8, -8, -8, -8, -8, -8)
dish=457 E=Int4x8(6, 7, 6, 7, -8, -8, -8, -8)
dish=458 E=Int4x8(6, 7, 6, 7, 6, 7, -8, -8)
dish=459 E=Int4x8(6, 7, 6, 7, 6, 7, 6, 7)
dish=460 E=Int4x8(6, 7, -8, -8, -8, -8, -8, -8)
dish=461 E=Int4x8(6, 7, 6, 7, -8, -8, -8, -8)
dish=462 E=Int4x8(6, 7, 6, 7, 6, 7, -8, -8)
dish=463 E=Int4x8(6, 7, 6, 7, 6, 7, 6, 7)
dish=464 E=Int4x8(6, 7, -8, -8, -8, -8, -8, -8)
dish=465 E=Int4x8(6, 7, 6, 7, -8, -8, -8, -8)
dish=466 E=Int4x8(6, 7, 6, 7, 6, 7, -8, -8)
dish=467 E=Int4x8(6, 7, 6, 7, 6, 7, 6, 7)
dish=468 E=Int4x8(6, 7, -8, -8, -8, -8, -8, -8)
dish=469 E=Int4x8(6, 7, 6, 7, -8, -8, -8, -8)
dish=470 E=Int4x8(6, 7, 6, 7, 6, 7, -8, -8)
dish=471 E=Int4x8(6, 7, 6, 7, 6, 7, 6, 7)
dish=472 E=Int4x8(6, 7, -8, -8, -8, -8, -8, -8)
dish=473 E=Int4x8(6, 7, 6, 7, -8, -8, -8, -8)
dish=474 E=Int4x8(6, 7, 6, 7, 6, 7, -8, -8)
dish=475 E=Int4x8(6, 7, 6, 7, 6, 7, 6, 7)
dish=476 E=Int4x8(6, 7, -8, -8, -8, -8, -8, -8)
dish=477 E=Int4x8(6, 7, 6, 7, -8, -8, -8, -8)
dish=478 E=Int4x8(6, 7, 6, 7, 6, 7, -8, -8)
dish=479 E=Int4x8(6, 7, 6, 7, 6, 7, 6, 7)
dish=480 E=Int4x8(6, 7, -8, -8, -8, -8, -8, -8)
dish=481 E=Int4x8(6, 7, 6, 7, -8, -8, -8, -8)
dish=482 E=Int4x8(6, 7, 6, 7, 6, 7, -8, -8)
dish=483 E=Int4x8(6, 7, 6, 7, 6, 7, 6, 7)
dish=484 E=Int4x8(6, 7, -8, -8, -8, -8, -8, -8)
dish=485 E=Int4x8(6, 7, 6, 7, -8, -8, -8, -8)
dish=486 E=Int4x8(6, 7, 6, 7, 6, 7, -8, -8)
dish=487 E=Int4x8(6, 7, 6, 7, 6, 7, 6, 7)
dish=488 E=Int4x8(6, 7, -8, -8, -8, -8, -8, -8)
dish=489 E=Int4x8(6, 7, 6, 7, -8, -8, -8, -8)
dish=490 E=Int4x8(6, 7, 6, 7, 6, 7, -8, -8)
dish=491 E=Int4x8(6, 7, 6, 7, 6, 7, 6, 7)
dish=492 E=Int4x8(6, 7, -8, -8, -8, -8, -8, -8)
dish=493 E=Int4x8(6, 7, 6, 7, -8, -8, -8, -8)
dish=494 E=Int4x8(6, 7, 6, 7, 6, 7, -8, -8)
dish=495 E=Int4x8(6, 7, 6, 7, 6, 7, 6, 7)
dish=496 E=Int4x8(6, 7, -8, -8, -8, -8, -8, -8)
dish=497 E=Int4x8(6, 7, 6, 7, -8, -8, -8, -8)
dish=498 E=Int4x8(6, 7, 6, 7, 6, 7, -8, -8)
dish=499 E=Int4x8(6, 7, 6, 7, 6, 7, 6, 7)
dish=500 E=Int4x8(6, 7, -8, -8, -8, -8, -8, -8)
dish=501 E=Int4x8(6, 7, 6, 7, -8, -8, -8, -8)
dish=502 E=Int4x8(6, 7, 6, 7, 6, 7, -8, -8)
dish=503 E=Int4x8(6, 7, 6, 7, 6, 7, 6, 7)
dish=504 E=Int4x8(6, 7, -8, -8, -8, -8, -8, -8)
dish=505 E=Int4x8(6, 7, 6, 7, -8, -8, -8, -8)
dish=506 E=Int4x8(6, 7, 6, 7, 6, 7, -8, -8)
dish=507 E=Int4x8(6, 7, 6, 7, 6, 7, 6, 7)
dish=508 E=Int4x8(6, 7, -8, -8, -8, -8, -8, -8)
dish=509 E=Int4x8(6, 7, 6, 7, -8, -8, -8, -8)
dish=510 E=Int4x8(6, 7, 6, 7, 6, 7, -8, -8)
dish=511 E=Int4x8(6, 7, 6, 7, 6, 7, 6, 7)
dstime = 147
beamp=0 beamq=0 I=213.33333333333331
beamp=1 beamq=0 I=85.94485812979532
beamp=2 beamq=0 I=0.035824867685771214
beamp=3 beamq=0 I=10.348864300755425
beamp=4 beamq=0 I=0.009111482430442672
beamp=5 beamq=0 I=3.558102806323431
beamp=6 beamq=0 I=0.0
beamp=7 beamq=0 I=1.8793404873891846
beamp=8 beamq=0 I=0.0024413999916667326
beamp=9 beamq=0 I=1.2761043655838917
beamp=10 beamq=0 I=0.00164683755735214
beamp=11 beamq=0 I=0.8456494519122694
beamp=12 beamq=0 I=0.0
beamp=13 beamq=0 I=0.6503809798381258
beamp=14 beamq=0 I=0.000969844872602828
beamp=15 beamq=0 I=0.569733016030085
beamp=16 beamq=0 I=0.0008137017778850261
beamp=17 beamq=0 I=0.45703978813004903
beamp=18 beamq=0 I=0.0
beamp=19 beamq=0 I=0.40999284355613247
beamp=20 beamq=0 I=0.0006541497608134607
beamp=21 beamq=0 I=0.4094645167908353
beamp=22 beamq=0 I=0.0006208307032672407
beamp=23 beamq=0 I=0.3692132441870859
beamp=24 beamq=0 I=0.0
beamp=25 beamq=0 I=0.36921639818975344
beamp=26 beamq=0 I=0.000620952032186146
beamp=27 beamq=0 I=0.4094645167908353
beamp=28 beamq=0 I=0.0006542500173918406
beamp=29 beamq=0 I=0.41000181748260633
beamp=30 beamq=0 I=0.0
beamp=31 beamq=0 I=0.4570458299457535
beamp=32 beamq=0 I=0.0008139953282159118
beamp=33 beamq=0 I=0.569733016030085
beamp=34 beamq=0 I=0.0009697915392968576
beamp=35 beamq=0 I=0.6503906230474167
beamp=36 beamq=0 I=0.0
beamp=37 beamq=0 I=0.845647383367345
beamp=38 beamq=0 I=0.001646745440246157
beamp=39 beamq=0 I=1.2761043655838917
beamp=40 beamq=0 I=0.002441200249819157
beamp=41 beamq=0 I=1.8793435740497664
beamp=42 beamq=0 I=0.0
beamp=43 beamq=0 I=3.558095416193094
beamp=44 beamq=0 I=0.009111091378350863
beamp=45 beamq=0 I=10.348864300755423
beamp=46 beamq=0 I=0.03582511065810145
beamp=47 beamq=0 I=85.94488344465947
beamp=0 beamq=1 I=106.07625820270073
beamp=1 beamq=1 I=45.46649326609082
beamp=2 beamq=1 I=0.035824868244318714
beamp=3 beamq=1 I=4.913459973973773
beamp=4 beamq=1 I=0.009111462386249184
beamp=5 beamq=1 I=1.6794783844004133
beamp=6 beamq=1 I=4.757840533590555e-16
beamp=7 beamq=1 I=0.9942078249192605
beamp=8 beamq=1 I=0.0024413943900173578
beamp=9 beamq=1 I=0.6058721239510296
beamp=10 beamq=1 I=0.0016469436117708344
beamp=11 beamq=1 I=0.3991593169923755
beamp=12 beamq=1 I=1.3480247011236438e-16
beamp=13 beamq=1 I=0.34406443359191485
beamp=14 beamq=1 I=0.0009698708641180861
beamp=15 beamq=1 I=0.2704993085969182
beamp=16 beamq=1 I=0.0008139100176750471
beamp=17 beamq=1 I=0.21572941038746798
beamp=18 beamq=1 I=1.6263032587282567e-17
beamp=19 beamq=1 I=0.21689399814734994
beamp=20 beamq=1 I=0.0006542496447368212
beamp=21 beamq=1 I=0.19440656286378635
beamp=22 beamq=1 I=0.000620887557737667
beamp=23 beamq=1 I=0.17427405569487803
beamp=24 beamq=1 I=8.131516293641283e-18
beamp=25 beamq=1 I=0.19532256782548152
beamp=26 beamq=1 I=0.0006209715483359125
beamp=27 beamq=1 I=0.19440657323425703
beamp=28 beamq=1 I=0.0006541837581787845
beamp=29 beamq=1 I=0.19352712508974385
beamp=30 beamq=1 I=1.5757071573455997e-16
beamp=31 beamq=1 I=0.2417861697961154
beamp=32 beamq=1 I=0.0008140520834237125
beamp=33 beamq=1 I=0.27049934129410547
beamp=34 beamq=1 I=0.0009700280450429135
beamp=35 beamq=1 I=0.30699449510303356
beamp=36 beamq=1 I=7.91648286276499e-15
beamp=37 beamq=1 I=0.4473639078633066
beamp=38 beamq=1 I=0.0016466960594025903
beamp=39 beamq=1 I=0.6058721835831763
beamp=40 beamq=1 I=0.00244121780448098
beamp=41 beamq=1 I=0.8870790508734807
beamp=42 beamq=1 I=4.205873207578185e-14
beamp=43 beamq=1 I=1.8823020117448728
beamp=44 beamq=1 I=0.009111295006797209
beamp=45 beamq=1 I=4.913462347454008
beamp=46 beamq=1 I=0.03582522264037382
beamp=47 beamq=1 I=40.567283863928566
beamp=0 beamq=2 I=3.196358282960802
beamp=1 beamq=2 I=1.5385290324263914
beamp=2 beamq=2 I=0.03582488530834845
beamp=3 beamq=2 I=0.08407066184441055
beamp=4 beamq=2 I=0.009111452904885632
beamp=5 beamq=2 I=0.05334294383221877
beamp=6 beamq=2 I=8.919369872314082e-16
beamp=7 beamq=2 I=0.03364273803753369
beamp=8 beamq=2 I=0.0024414085273331554
beamp=9 beamq=2 I=0.010366631040858549
beamp=10 beamq=2 I=0.0016469890322371138
beamp=11 beamq=2 I=0.012677950657051379
beamp=12 beamq=2 I=8.818177669548769e-16
beamp=13 beamq=2 I=0.011642725938490882
beamp=14 beamq=2 I=0.0009697048433459771
beamp=15 beamq=2 I=0.00462831856058934
beamp=16 beamq=2 I=0.0008138268236044736
beamp=17 beamq=2 I=0.006851888416912576
beamp=18 beamq=2 I=1.880729368538188e-15
beamp=19 beamq=2 I=0.0073394444785484375
beamp=20 beamq=2 I=0.0006541817665654582
beamp=21 beamq=2 I=0.0033263512801757593
beamp=22 beamq=2 I=0.0006209459586872287
beamp=23 beamq=2 I=0.0055352096736646615
beamp=24 beamq=2 I=1.319112643190697e-15
beamp=25 beamq=2 I=0.006609452867207084
beamp=26 beamq=2 I=0.0006209247991828956
beamp=27 beamq=2 I=0.003326349300110008
beamp=28 beamq=2 I=0.0006541557599393616
beamp=29 beamq=2 I=0.006146751486893037
beamp=30 beamq=2 I=1.3718771489183248e-15
beamp=31 beamq=2 I=0.008181774484235703
beamp=32 beamq=2 I=0.0008137923721786932
beamp=33 beamq=2 I=0.004628325038473281
beamp=34 beamq=2 I=0.0009697498714018437
beamp=35 beamq=2 I=0.009750649166206632
beamp=36 beamq=2 I=8.847089727481716e-16
beamp=37 beamq=2 I=0.015138284428654914
beamp=38 beamq=2 I=0.0016469440735075499
beamp=39 beamq=2 I=0.01036664414644042
beamp=40 beamq=2 I=0.0024414204730801164
beamp=41 beamq=2 I=0.028174996744389853
beamp=42 beamq=2 I=1.6841273745941501e-16
beamp=43 beamq=2 I=0.06369472734592248
beamp=44 beamq=2 I=0.009111455530228355
beamp=45 beamq=2 I=0.08407065349592131
beamp=46 beamq=2 I=0.03582485315290482
beamp=47 beamq=2 I=1.2884818637883582
beamp=0 beamq=3 I=9.07633376589294
beamp=1 beamq=3 I=4.307216070080274
beamp=2 beamq=3 I=0.035824869843664474
beamp=3 beamq=3 I=0.4795198287046095
beamp=4 beamq=3 I=0.009111454170191862
beamp=5 beamq=3 I=0.12460158119193881
beamp=6 beamq=3 I=0.0
beamp=7 beamq=3 I=0.09418518356052838
beamp=8 beamq=3 I=0.002441390232217739
beamp=9 beamq=3 I=0.05912893865461283
beamp=10 beamq=3 I=0.0016469438336264612
beamp=11 beamq=3 I=0.029613894256620872
beamp=12 beamq=3 I=0.0
beamp=13 beamq=3 I=0.032594643658203235
beamp=14 beamq=3 I=0.0009697643696077088
beamp=15 beamq=3 I=0.026398865136610012
beamp=16 beamq=3 I=0.0008138401326824377
beamp=17 beamq=3 I=0.016005095623648345
beamp=18 beamq=3 I=0.0
beamp=19 beamq=3 I=0.020547087436552258
beamp=20 beamq=3 I=0.000654205765020762
beamp=21 beamq=3 I=0.01897274346395248
beamp=22 beamq=3 I=0.0006209187943836815
beamp=23 beamq=3 I=0.012929477775828787
beamp=24 beamq=3 I=0.0
beamp=25 beamq=3 I=0.01850380007423339
beamp=26 beamq=3 I=0.0006209275424743771
beamp=27 beamq=3 I=0.018972744277705664
beamp=28 beamq=3 I=0.0006541818840540207
beamp=29 beamq=3 I=0.014357900883493376
beamp=30 beamq=3 I=0.0
beamp=31 beamq=3 I=0.02290537043279957
beamp=32 beamq=3 I=0.0008139007205413209
beamp=33 beamq=3 I=0.026398865364081654
beamp=34 beamq=3 I=0.0009698260566192
beamp=35 beamq=3 I=0.022776239755463643
beamp=36 beamq=3 I=0.0
beamp=37 beamq=3 I=0.042380350155400155
beamp=38 beamq=3 I=0.001646851768554547
beamp=39 beamq=3 I=0.05912893876230438
beamp=40 beamq=3 I=0.002441347922534411
beamp=41 beamq=3 I=0.06581289840082338
beamp=42 beamq=3 I=0.0
beamp=43 beamq=3 I=0.17831744956787582
beamp=44 beamq=3 I=0.009111357524686663
beamp=45 beamq=3 I=0.4795198293985826
beamp=46 beamq=3 I=0.0358252174091913
beamp=47 beamq=3 I=3.0097137272878784
beamp=0 beamq=4 I=2.8114989258972636
beamp=1 beamq=4 I=1.4675983524222453
beamp=2 beamq=4 I=0.035824878765995535
beamp=3 beamq=4 I=0.0797985827844816
beamp=4 beamq=4 I=0.009111447659306507
beamp=5 beamq=4 I=0.04212286150689863
beamp=6 beamq=4 I=1.807003620809174e-17
beamp=7 beamq=4 I=0.03209170410340288
beamp=8 beamq=4 I=0.0024414088767888073
beamp=9 beamq=4 I=0.009839851361320803
beamp=10 beamq=4 I=0.001646979775708459
beamp=11 beamq=4 I=0.010011277531751534
beamp=12 beamq=4 I=5.598097217266821e-15
beamp=13 beamq=4 I=0.011105949506523417
beamp=14 beamq=4 I=0.0009697084777506402
beamp=15 beamq=4 I=0.004393125832861396
beamp=16 beamq=4 I=0.0008138317415480282
beamp=17 beamq=4 I=0.005410690356646281
beamp=18 beamq=4 I=2.3251076989675802e-14
beamp=19 beamq=4 I=0.007001043047789001
beamp=20 beamq=4 I=0.0006541873777945207
beamp=21 beamq=4 I=0.0031573156825248786
beamp=22 beamq=4 I=0.0006209402683042895
beamp=23 beamq=4 I=0.004370955962531669
beamp=24 beamq=4 I=3.993478001988274e-15
beamp=25 beamq=4 I=0.006304764544000949
beamp=26 beamq=4 I=0.0006209252642641619
beamp=27 beamq=4 I=0.0031573144638285117
beamp=28 beamq=4 I=0.0006541645904413769
beamp=29 beamq=4 I=0.00485385832239776
beamp=30 beamq=4 I=2.847837706395258e-14
beamp=31 beamq=4 I=0.007804568970536087
beamp=32 beamq=4 I=0.0008138079820965762
beamp=33 beamq=4 I=0.004393124811378326
beamp=34 beamq=4 I=0.0009697541560264649
beamp=35 beamq=4 I=0.007699682369734091
beamp=36 beamq=4 I=4.947575913775518e-15
beamp=37 beamq=4 I=0.01444029573936579
beamp=38 beamq=4 I=0.0016469580247760324
beamp=39 beamq=4 I=0.009839853518248533
beamp=40 beamq=4 I=0.002441424027090758
beamp=41 beamq=4 I=0.02224867040034147
beamp=42 beamq=4 I=6.1438123107511915e-15
beamp=43 beamq=4 I=0.06075827764672777
beamp=44 beamq=4 I=0.009111485225037748
beamp=45 beamq=4 I=0.07979880070449492
beamp=46 beamq=4 I=0.035825019013378784
beamp=47 beamq=4 I=1.0174650796753613
beamp=0 beamq=5 I=1.7811863820907
beamp=1 beamq=5 I=0.9419025762234485
beamp=2 beamq=5 I=0.03582488427164224
beamp=3 beamq=5 I=0.13025133003261247
beamp=4 beamq=5 I=0.009111457691254815
beamp=5 beamq=5 I=0.02028835334620903
beamp=6 beamq=5 I=1.675815157938428e-15
beamp=7 beamq=5 I=0.020596401430615478
beamp=8 beamq=5 I=0.0024414094832746138
beamp=9 beamq=5 I=0.01606112306391657
beamp=10 beamq=5 I=0.0016469654002383431
beamp=11 beamq=5 I=0.004821871847187909
beamp=12 beamq=5 I=1.5410126878260635e-15
beamp=13 beamq=5 I=0.007127779619089482
beamp=14 beamq=5 I=0.0009697533451422906
beamp=15 beamq=5 I=0.007170647758569147
beamp=16 beamq=5 I=0.0008137907548131955
beamp=17 beamq=5 I=0.002606092774764014
beamp=18 beamq=5 I=1.932283181839874e-14
beamp=19 beamq=5 I=0.0044932732549809885
beamp=20 beamq=5 I=0.0006541840112029833
beamp=21 beamq=5 I=0.005153544254256548
beamp=22 beamq=5 I=0.0006209210476933471
beamp=23 beamq=5 I=0.002105250481674048
beamp=24 beamq=5 I=2.4882439858542327e-15
beamp=25 beamq=5 I=0.004046383725259313
beamp=26 beamq=5 I=0.0006209274531925104
beamp=27 beamq=5 I=0.005153541971697644
beamp=28 beamq=5 I=0.0006541884751732011
beamp=29 beamq=5 I=0.002337815727853159
beamp=30 beamq=5 I=9.564199114399836e-14
beamp=31 beamq=5 I=0.005008918304644569
beamp=32 beamq=5 I=0.000813835083730092
beamp=33 beamq=5 I=0.007170690380853129
beamp=34 beamq=5 I=0.000969788573088157
beamp=35 beamq=5 I=0.0037085662429300675
beamp=36 beamq=5 I=1.7383374832184252e-14
beamp=37 beamq=5 I=0.009267755847132311
beamp=38 beamq=5 I=0.0016469316417794637
beamp=39 beamq=5 I=0.016061110547054988
beamp=40 beamq=5 I=0.0024414164432098513
beamp=41 beamq=5 I=0.01071608143365441
beamp=42 beamq=5 I=2.3927619145306756e-13
beamp=43 beamq=5 I=0.038994508717658596
beamp=44 beamq=5 I=0.009111450799670672
beamp=45 beamq=5 I=0.13025098744168884
beamp=46 beamq=5 I=0.0358248579627973
beamp=47 beamq=5 I=0.49005887023832445
beamp=0 beamq=6 I=2.2506876368529616
beamp=1 beamq=6 I=1.2752888151278339
beamp=2 beamq=6 I=0.03582486401307042
beamp=3 beamq=6 I=0.07300254701563776
beamp=4 beamq=6 I=0.009111451408033983
beamp=5 beamq=6 I=0.029508203479986797
beamp=6 beamq=6 I=0.0
beamp=7 beamq=6 I=0.027886550435660795
beamp=8 beamq=6 I=0.0024414013684126643
beamp=9 beamq=6 I=0.009001844821297803
beamp=10 beamq=6 I=0.0016469784365964121
beamp=11 beamq=6 I=0.007013178304289946
beamp=12 beamq=6 I=0.0
beamp=13 beamq=6 I=0.009650715043337064
beamp=14 beamq=6 I=0.0009697340213737054
beamp=15 beamq=6 I=0.00401898792528631
beamp=16 beamq=6 I=0.00081384819292648
beamp=17 beamq=6 I=0.0037902848342565897
beamp=18 beamq=6 I=0.0
beamp=19 beamq=6 I=0.006083608624385348
beamp=20 beamq=6 I=0.0006541916780145539
beamp=21 beamq=6 I=0.0028884282786466463
beamp=22 beamq=6 I=0.0006209427875420644
beamp=23 beamq=6 I=0.0030619860710415408
beamp=24 beamq=6 I=0.0
beamp=25 beamq=6 I=0.0054786283005139125
beamp=26 beamq=6 I=0.0006209375804419718
beamp=27 beamq=6 I=0.0028884282448364577
beamp=28 beamq=6 I=0.0006541714575424892
beamp=29 beamq=6 I=0.003400307850010137
beamp=30 beamq=6 I=0.0
beamp=31 beamq=6 I=0.006781927935168679
beamp=32 beamq=6 I=0.00081382620811106
beamp=33 beamq=6 I=0.004018987917653307
beamp=34 beamq=6 I=0.000969772977770399
beamp=35 beamq=6 I=0.005393811919329642
beamp=36 beamq=6 I=0.0
beamp=37 beamq=6 I=0.012548122372264103
beamp=38 beamq=6 I=0.001646923480473498
beamp=39 beamq=6 I=0.009001845036506868
beamp=40 beamq=6 I=0.002441419526826724
beamp=41 beamq=6 I=0.015585835766299658
beamp=42 beamq=6 I=0.0
beamp=43 beamq=6 I=0.05279670993444065
beamp=44 beamq=6 I=0.00911149461384241
beamp=45 beamq=6 I=0.07300254720466964
beamp=46 beamq=6 I=0.035824852282243476
beamp=47 beamq=6 I=0.7127623242377444
beamp=0 beamq=7 I=0.25264183460949885
beamp=1 beamq=7 I=0.16210689710479742
beamp=2 beamq=7 I=0.03582487387458502
beamp=3 beamq=7 I=0.04050702337803239
beamp=4 beamq=7 I=0.00911144216057508
beamp=5 beamq=7 I=0.0030480453420822133
beamp=6 beamq=7 I=1.7703214473067477e-15
beamp=7 beamq=7 I=0.003544737145525786
beamp=8 beamq=7 I=0.002441402861330453
beamp=9 beamq=7 I=0.004994856231484608
beamp=10 beamq=7 I=0.0016469589118422595
beamp=11 beamq=7 I=0.0007244231121748087
beamp=12 beamq=7 I=3.3483777093593994e-15
beamp=13 beamq=7 I=0.0012267282083700654
beamp=14 beamq=7 I=0.0009697029535114412
beamp=15 beamq=7 I=0.002230017110542088
beamp=16 beamq=7 I=0.0008138418715689629
beamp=17 beamq=7 I=0.00039151935663919333
beamp=18 beamq=7 I=2.506458582351989e-14
beamp=19 beamq=7 I=0.0007733287716279718
beamp=20 beamq=7 I=0.0006541768942966957
beamp=21 beamq=7 I=0.001602687683212525
beamp=22 beamq=7 I=0.0006209306427728846
beamp=23 beamq=7 I=0.0003162848163989311
beamp=24 beamq=7 I=1.1862978770612227e-15
beamp=25 beamq=7 I=0.0006964095024690102
beamp=26 beamq=7 I=0.0006209239138191176
beamp=27 beamq=7 I=0.0016027076714199991
beamp=28 beamq=7 I=0.0006541733205508082
beamp=29 beamq=7 I=0.00035122464392532227
beamp=30 beamq=7 I=1.4314540582964032e-14
beamp=31 beamq=7 I=0.0008620456643371384
beamp=32 beamq=7 I=0.000813810988276187
beamp=33 beamq=7 I=0.002230029277104687
beamp=34 beamq=7 I=0.000969733053760898
beamp=35 beamq=7 I=0.0005571546015434195
beamp=36 beamq=7 I=5.873845969802301e-15
beamp=37 beamq=7 I=0.0015950264691441227
beamp=38 beamq=7 I=0.0016469673263735708
beamp=39 beamq=7 I=0.004994826769743759
beamp=40 beamq=7 I=0.0024414380140633826
beamp=41 beamq=7 I=0.0016099476374455278
beamp=42 beamq=7 I=8.630424572335833e-13
beamp=43 beamq=7 I=0.0067112001960301804
beamp=44 beamq=7 I=0.009111457777128622
beamp=45 beamq=7 I=0.04050735290558272
beamp=46 beamq=7 I=0.035824936131827786
beamp=47 beamq=7 I=0.07362397295168341
beamp=0 beamq=8 I=1.6145839044758188
beamp=1 beamq=8 I=0.998806059226038
beamp=2 beamq=8 I=0.035824860034777174
beamp=3 beamq=8 I=0.06414583677253562
beamp=4 beamq=8 I=0.009111456702014312
beamp=5 beamq=8 I=0.017721613724705307
beamp=6 beamq=8 I=6.534125092845973e-15
beamp=7 beamq=8 I=0.021840666158622034
beamp=8 beamq=8 I=0.0024414033550854515
beamp=9 beamq=8 I=0.007909747148258418
beamp=10 beamq=8 I=0.001646976023793835
beamp=11 beamq=8 I=0.004211857887844806
beamp=12 beamq=8 I=2.0021600118565646e-15
beamp=13 beamq=8 I=0.007558403685384709
beamp=14 beamq=8 I=0.0009697376150252587
beamp=15 beamq=8 I=0.0035314004518004214
beamp=16 beamq=8 I=0.0008138036461309857
beamp=17 beamq=8 I=0.002276361346497324
beamp=18 beamq=8 I=1.0611448062839793e-14
beamp=19 beamq=8 I=0.004764752795913103
beamp=20 beamq=8 I=0.0006541827943763112
beamp=21 beamq=8 I=0.002538009971340306
beamp=22 beamq=8 I=0.0006209322977149686
beamp=23 beamq=8 I=0.001838913222907887
beamp=24 beamq=8 I=2.7825687356116308e-14
beamp=25 beamq=8 I=0.0042908370237678545
beamp=26 beamq=8 I=0.0006209313636526294
beamp=27 beamq=8 I=0.002537961435242961
beamp=28 beamq=8 I=0.0006541844083330572
beamp=29 beamq=8 I=0.0020420567921379156
beamp=30 beamq=8 I=1.4156066365419069e-14
beamp=31 beamq=8 I=0.005311585293972238
beamp=32 beamq=8 I=0.0008138200302772672
beamp=33 beamq=8 I=0.0035314007174049268
beamp=34 beamq=8 I=0.0009697763492313357
beamp=35 beamq=8 I=0.003239380351482435
beamp=36 beamq=8 I=2.5441526778820684e-13
beamp=37 beamq=8 I=0.009827591198889369
beamp=38 beamq=8 I=0.0016470034154333103
beamp=39 beamq=8 I=0.007909704939534978
beamp=40 beamq=8 I=0.0024414220169525964
beamp=41 beamq=8 I=0.00936028038258142
beamp=42 beamq=8 I=4.1347856851355517e-14
beamp=43 beamq=8 I=0.04135031398470512
beamp=44 beamq=8 I=0.009111566385860975
beamp=45 beamq=8 I=0.06414562921913605
beamp=46 beamq=8 I=0.035824559928993416
beamp=47 beamq=8 I=0.4280593511297115
beamp=0 beamq=9 I=0.008501960399259998
beamp=1 beamq=9 I=0.01802035380889062
beamp=2 beamq=9 I=0.03582489252885222
beamp=3 beamq=9 I=0.010144922015678065
beamp=4 beamq=9 I=0.009111462038043524
beamp=5 beamq=9 I=0.0025792741264594908
beamp=6 beamq=9 I=0.0
beamp=7 beamq=9 I=0.00039404779215628926
beamp=8 beamq=9 I=0.0024414090569900597
beamp=9 beamq=9 I=0.0012509562159285456
beamp=10 beamq=9 I=0.001646983065639714
beamp=11 beamq=9 I=0.000613018814402266
beamp=12 beamq=9 I=0.0
beamp=13 beamq=9 I=0.00013637196792767384
beamp=14 beamq=9 I=0.0009697208449127588
beamp=15 beamq=9 I=0.0005585054214270566
beamp=16 beamq=9 I=0.0008138288604503739
beamp=17 beamq=9 I=0.0003313049911099605
beamp=18 beamq=9 I=0.0
beamp=19 beamq=9 I=8.596110133616041e-5
beamp=20 beamq=9 I=0.00065417958344359
beamp=21 beamq=9 I=0.0004013953450943246
beamp=22 beamq=9 I=0.000620927153164446
beamp=23 beamq=9 I=0.0002676489777356817
beamp=24 beamq=9 I=0.0
beamp=25 beamq=9 I=7.741602653536016e-5
beamp=26 beamq=9 I=0.0006209364063868235
beamp=27 beamq=9 I=0.00040139533026497447
beamp=28 beamq=9 I=0.000654173980358672
beamp=29 beamq=9 I=0.0002972199780675006
beamp=30 beamq=9 I=0.0
beamp=31 beamq=9 I=9.584574484607309e-5
beamp=32 beamq=9 I=0.0008138024825043958
beamp=33 beamq=9 I=0.0005585054994522674
beamp=34 beamq=9 I=0.0009697564049787018
beamp=35 beamq=9 I=0.0004714567965730753
beamp=36 beamq=9 I=0.0
beamp=37 beamq=9 I=0.00017731212364714442
beamp=38 beamq=9 I=0.0016469619234149133
beamp=39 beamq=9 I=0.0012509565689555427
beamp=40 beamq=9 I=0.0024414519235134652
beamp=41 beamq=9 I=0.0013623018380982976
beamp=42 beamq=9 I=0.0
beamp=43 beamq=9 I=0.0007460451936114566
beamp=44 beamq=9 I=0.009111451355538872
beamp=45 beamq=9 I=0.010144922275850503
beamp=46 beamq=9 I=0.035824941331976945
beamp=47 beamq=9 I=0.0623012831627876
beamp=0 beamq=10 I=1.0089712839660878
beamp=1 beamq=10 I=0.6899090232409755
beamp=2 beamq=10 I=0.03582490117569549
beamp=3 beamq=10 I=0.05383181538865291
beamp=4 beamq=10 I=0.0091114416965608
beamp=5 beamq=10 I=0.008563852542980806
beamp=6 beamq=10 I=2.4905569504888682e-14
beamp=7 beamq=10 I=0.015086090856893122
beamp=8 beamq=10 I=0.0024414051527381813
beamp=9 beamq=10 I=0.006637932387078307
beamp=10 beamq=10 I=0.0016469671480709794
beamp=11 beamq=10 I=0.0020353361116630738
beamp=12 beamq=10 I=3.4007808143628653e-15
beamp=13 beamq=10 I=0.005220837898383472
beamp=14 beamq=10 I=0.000969715895516539
beamp=15 beamq=10 I=0.002963589299551055
beamp=16 beamq=10 I=0.0008138178457399281
beamp=17 beamq=10 I=0.0011000795515827538
beamp=18 beamq=10 I=5.7318154852067e-15
beamp=19 beamq=10 I=0.003291217129690726
beamp=20 beamq=10 I=0.0006541865918605183
beamp=21 beamq=10 I=0.0021299148312900152
beamp=22 beamq=10 I=0.0006209313963420275
beamp=23 beamq=10 I=0.0008886392014865931
beamp=24 beamq=10 I=8.286918605030872e-15
beamp=25 beamq=10 I=0.002963834292457123
beamp=26 beamq=10 I=0.0006209363313696744
beamp=27 beamq=10 I=0.002129921823956309
beamp=28 beamq=10 I=0.0006541908614352981
beamp=29 beamq=10 I=0.0009868254942913194
beamp=30 beamq=10 I=6.415014642176715e-13
beamp=31 beamq=10 I=0.003668783383824384
beamp=32 beamq=10 I=0.0008137848306996518
beamp=33 beamq=10 I=0.0029635609997507636
beamp=34 beamq=10 I=0.000969788017075249
beamp=35 beamq=10 I=0.0015654390529274084
beamp=36 beamq=10 I=2.0855568429641497e-13
beamp=37 beamq=10 I=0.006788357848495272
beamp=38 beamq=10 I=0.0016469426538718791
beamp=39 beamq=10 I=0.006637953284346521
beamp=40 beamq=10 I=0.002441390445039767
beamp=41 beamq=10 I=0.004523330188140988
beamp=42 beamq=10 I=2.9722896597676274e-13
beamp=43 beamq=10 I=0.028562172092395414
beamp=44 beamq=10 I=0.009111264611631593
beamp=45 beamq=10 I=0.05383198291345765
beamp=46 beamq=10 I=0.03582509102235047
beamp=47 beamq=10 I=0.20685852454877912
beamp=0 beamq=11 I=0.12382821584880377
beamp=1 beamq=11 I=0.08504880170417367
beamp=2 beamq=11 I=0.03582487920477585
beamp=3 beamq=11 I=0.0008379566780740524
beamp=4 beamq=11 I=0.009111456801918003
beamp=5 beamq=11 I=0.005021417007152144
beamp=6 beamq=11 I=6.56900026272759e-15
beamp=7 beamq=11 I=0.0018597405354324255
beamp=8 beamq=11 I=0.002441401707570861
beamp=9 beamq=11 I=0.00010332977293432608
beamp=10 beamq=11 I=0.0016469742624371406
beamp=11 beamq=11 I=0.0011934455655699741
beamp=12 beamq=11 I=3.794165502613023e-15
beamp=13 beamq=11 I=0.0006436107122165552
beamp=14 beamq=11 I=0.0009696828972934262
beamp=15 beamq=11 I=4.613361649805706e-5
beamp=16 beamq=11 I=0.0008138609604626229
beamp=17 beamq=11 I=0.0006450090840012543
beamp=18 beamq=11 I=1.5800439660355416e-14
beamp=19 beamq=11 I=0.00040572084431442755
beamp=20 beamq=11 I=0.0006541900382413346
beamp=21 beamq=11 I=3.315513297035437e-5
beamp=22 beamq=11 I=0.0006209355843435193
beamp=23 beamq=11 I=0.000521067954598996
beamp=24 beamq=11 I=1.1209927662051792e-14
beamp=25 beamq=11 I=0.0003653646120747581
beamp=26 beamq=11 I=0.0006209135597771333
beamp=27 beamq=11 I=3.3153043476958354e-5
beamp=28 beamq=11 I=0.0006541651492858356
beamp=29 beamq=11 I=0.0005786388338257778
beamp=30 beamq=11 I=4.176509398740036e-13
beamp=31 beamq=11 I=0.00045229302481900795
beamp=32 beamq=11 I=0.0008137417892270502
beamp=33 beamq=11 I=4.6133079677839156e-5
beamp=34 beamq=11 I=0.0009697110379194259
beamp=35 beamq=11 I=0.0009178470506881967
beamp=36 beamq=11 I=8.749903651743736e-13
beamp=37 beamq=11 I=0.0008367952490045874
beamp=38 beamq=11 I=0.0016469700880505488
beamp=39 beamq=11 I=0.00010333067281524727
beamp=40 beamq=11 I=0.0024414280798453532
beamp=41 beamq=11 I=0.0026522385416614296
beamp=42 beamq=11 I=2.508500496443503e-13
beamp=43 beamq=11 I=0.003520993814594752
beamp=44 beamq=11 I=0.009111341206152567
beamp=45 beamq=11 I=0.0008379315681234486
beamp=46 beamq=11 I=0.03582481244711884
beamp=47 beamq=11 I=0.12129051137422467
beamp=0 beamq=12 I=0.5208333333333333
beamp=1 beamq=12 I=0.4025711423158197
beamp=2 beamq=12 I=0.03582487566666655
beamp=3 beamq=12 I=0.04276390206923729
beamp=4 beamq=12 I=0.00911144829002274
beamp=5 beamq=12 I=0.0030242849866506023
beamp=6 beamq=12 I=0.0
beamp=7 beamq=12 I=0.008802945892022483
beamp=8 beamq=12 I=0.0024414053624081515
beamp=9 beamq=12 I=0.005273158535470627
beamp=10 beamq=12 I=0.0016469694954355674
beamp=11 beamq=12 I=0.0007187720684371055
beamp=12 beamq=12 I=0.0
beamp=13 beamq=12 I=0.003046448786864998
beamp=14 beamq=12 I=0.0009697351871580928
beamp=15 beamq=12 I=0.0023542686612813427
beamp=16 beamq=12 I=0.0008138332900059872
beamp=17 beamq=12 I=0.0003884838003653051
beamp=18 beamq=12 I=0.0
beamp=19 beamq=12 I=0.0019204399864528564
beamp=20 beamq=12 I=0.0006541887468792765
beamp=21 beamq=12 I=0.0016920021354993192
beamp=22 beamq=12 I=0.000620926041227761
beamp=23 beamq=12 I=0.000313818210405166
beamp=24 beamq=12 I=0.0
beamp=25 beamq=12 I=0.0017294667335739054
beamp=26 beamq=12 I=0.0006209370128678165
beamp=27 beamq=12 I=0.0016920021354993192
beamp=28 beamq=12 I=0.000654166707851628
beamp=29 beamq=12 I=0.00034848002830642954
beamp=30 beamq=12 I=0.0
beamp=31 beamq=12 I=0.002140872300873664
beamp=32 beamq=12 I=0.0008138249747433689
beamp=33 beamq=12 I=0.0023542686612813427
beamp=34 beamq=12 I=0.0009697781626497875
beamp=35 beamq=12 I=0.0005528446331085162
beamp=36 beamq=12 I=0.0
beamp=37 beamq=12 I=0.003961073634331169
beamp=38 beamq=12 I=0.001646957779624884
beamp=39 beamq=12 I=0.005273158535470627
beamp=40 beamq=12 I=0.002441419526635833
beamp=41 beamq=12 I=0.001597398194231115
beamp=42 beamq=12 I=0.0
beamp=43 beamq=12 I=0.01666633808615731
beamp=44 beamq=12 I=0.009111444903898754
beamp=45 beamq=12 I=0.04276390206923728
beamp=46 beamq=12 I=0.035824972782465915
beamp=47 beamq=12 I=0.07305077069915894
beamp=0 beamq=13 I=0.28274638789420553
beamp=1 beamq=13 I=0.19973044489497532
beamp=2 beamq=13 I=0.035824929732865066
beamp=3 beamq=13 I=0.0006445037594147397
beamp=4 beamq=13 I=0.00911146488271856
beamp=5 beamq=13 I=0.006299527442764503
beamp=6 beamq=13 I=1.0479934339317301e-13
beamp=7 beamq=13 I=0.004367479377310503
beamp=8 beamq=13 I=0.0024414232381219543
beamp=9 beamq=13 I=7.947816517705076e-5
beamp=10 beamq=13 I=0.0016469955415051797
beamp=11 beamq=13 I=0.0014971594753905903
beamp=12 beamq=13 I=6.51672364797758e-14
beamp=13 beamq=13 I=0.0015115131254626892
beamp=14 beamq=13 I=0.0009697583716771798
beamp=15 beamq=13 I=3.548283806920484e-5
beamp=16 beamq=13 I=0.0008136956765829817
beamp=17 beamq=13 I=0.0008091054254192374
beamp=18 beamq=13 I=4.6080037933530584e-14
beamp=19 beamq=13 I=0.0009528124852937505
beamp=20 beamq=13 I=0.0006541420391824448
beamp=21 beamq=13 I=2.549860161565836e-5
beamp=22 beamq=13 I=0.0006209579672780037
beamp=23 beamq=13 I=0.0006536796044377038
beamp=24 beamq=13 I=1.1521455086279293e-14
beamp=25 beamq=13 I=0.0008580477225886922
beamp=26 beamq=13 I=0.0006209125510263479
beamp=27 beamq=13 I=2.5498913702271242e-5
beamp=28 beamq=13 I=0.0006542314554968337
beamp=29 beamq=13 I=0.0007258804831216521
beamp=30 beamq=13 I=1.989601336691941e-13
beamp=31 beamq=13 I=0.0010623272673026126
beamp=32 beamq=13 I=0.0008138320777389118
beamp=33 beamq=13 I=3.5480579828872544e-5
beamp=34 beamq=13 I=0.0009697222389734814
beamp=35 beamq=13 I=0.0011515050129031342
beamp=36 beamq=13 I=1.1166519821072714e-12
beamp=37 beamq=13 I=0.0019652106504954004
beamp=38 beamq=13 I=0.0016469695755488506
beamp=39 beamq=13 I=7.946352008691522e-5
beamp=40 beamq=13 I=0.0024413716331667676
beamp=41 beamq=13 I=0.0033271722348663783
beamp=42 beamq=13 I=7.02807206239923e-12
beamp=43 beamq=13 I=0.008268952168443998
beamp=44 beamq=13 I=0.00911139795635504
beamp=45 beamq=13 I=0.0006445488342213736
beamp=46 beamq=13 I=0.03582488174265222
beamp=47 beamq=13 I=0.15216302359107067
beamp=0 beamq=14 I=0.20016341705710544
beamp=1 beamq=14 I=0.1804694734609556
beamp=2 beamq=14 I=0.03582485131867256
beamp=3 beamq=14 I=0.03169604849757321
beamp=4 beamq=14 I=0.009111457017251025
beamp=5 beamq=14 I=0.0011152565255816331
beamp=6 beamq=14 I=9.605308446773245e-14
beamp=7 beamq=14 I=0.003946284032588583
beamp=8 beamq=14 I=0.002441368661593672
beamp=9 beamq=14 I=0.003908410245389552
beamp=10 beamq=14 I=0.001647003383548592
beamp=11 beamq=14 I=0.0002650653956786868
beamp=12 beamq=14 I=5.789639601072594e-14
beamp=13 beamq=14 I=0.0013656619495059294
beamp=14 beamq=14 I=0.0009695721735962402
beamp=15 beamq=14 I=0.0017449589845690218
beamp=16 beamq=14 I=0.0008138976784847035
beamp=17 beamq=14 I=0.00014322831497821828
beamp=18 beamq=14 I=1.3451407233448323e-13
beamp=19 beamq=14 I=0.0008609281045440969
beamp=20 beamq=14 I=0.000654178471475333
beamp=21 beamq=14 I=0.0012540889551739538
beamp=22 beamq=14 I=0.0006209292389114803
beamp=23 beamq=14 I=0.00011573222000253883
beamp=24 beamq=14 I=1.2029295383871502e-13
beamp=25 beamq=14 I=0.0007752745160608239
beamp=26 beamq=14 I=0.0006208737039364177
beamp=27 beamq=14 I=0.0012540832066075109
beamp=28 beamq=14 I=0.0006541597321108219
beamp=29 beamq=14 I=0.00012853996984728196
beamp=30 beamq=14 I=1.0476645592727429e-13
beamp=31 beamq=14 I=0.0009598147160870346
beamp=32 beamq=14 I=0.0008136927388204693
beamp=33 beamq=14 I=0.0017449380763398152
beamp=34 beamq=14 I=0.0009696831418153807
beamp=35 beamq=14 I=0.00020382063068288668
beamp=36 beamq=14 I=3.855278365068789e-13
beamp=37 beamq=14 I=0.0017756422737397264
beamp=38 beamq=14 I=0.0016470174327820896
beamp=39 beamq=14 I=0.003908210900393321
beamp=40 beamq=14 I=0.002441425277093651
beamp=41 beamq=14 I=0.0005890610647487139
beamp=42 beamq=14 I=2.193246307948445e-12
beamp=43 beamq=14 I=0.0074714933020455735
beamp=44 beamq=14 I=0.009111507381878561
beamp=45 beamq=14 I=0.031695921642717985
beamp=46 beamq=14 I=0.03582552221016244
beamp=47 beamq=14 I=0.026937851184676953
beamp=0 beamq=15 I=0.3637473160931328
beamp=1 beamq=15 I=0.28298428905617845
beamp=2 beamq=15 I=0.035824885264508374
beamp=3 beamq=15 I=0.004529329093561363
beamp=4 beamq=15 I=0.009111449747217846
beamp=5 beamq=15 I=0.005557378528136589
beamp=6 beamq=15 I=0.0
beamp=7 beamq=15 I=0.006187950894817726
beamp=8 beamq=15 I=0.0024414087938505994
beamp=9 beamq=15 I=0.0005585054214270566
beamp=10 beamq=15 I=0.0016469790132120053
beamp=11 beamq=15 I=0.0013208179129501855
beamp=12 beamq=15 I=0.0
beamp=13 beamq=15 I=0.0021414774012376665
beamp=14 beamq=15 I=0.0009697244376472801
beamp=15 beamq=15 I=0.0002493518599522524
beamp=16 beamq=15 I=0.0008138266962164957
beamp=17 beamq=15 I=0.0007138352942372306
beamp=18 beamq=15 I=0.0
beamp=19 beamq=15 I=0.0013499430653812537
beamp=20 beamq=15 I=0.0006541764736100037
beamp=21 beamq=15 I=0.0001792080008130124
beamp=22 beamq=15 I=0.0006209332231217727
beamp=23 beamq=15 I=0.0005766740519041556
beamp=24 beamq=15 I=0.0
beamp=25 beamq=15 I=0.001215719109074879
beamp=26 beamq=15 I=0.0006209356134419978
beamp=27 beamq=15 I=0.00017920805340938584
beamp=28 beamq=15 I=0.0006541687689892242
beamp=29 beamq=15 I=0.0006404063860252094
beamp=30 beamq=15 I=0.0
beamp=31 beamq=15 I=0.0015049282373997331
beamp=32 beamq=15 I=0.0008137908689004139
beamp=33 beamq=15 I=0.00024935185018149474
beamp=34 beamq=15 I=0.0009697551845008844
beamp=35 beamq=15 I=0.0010158471267898393
beamp=36 beamq=15 I=0.0
beamp=37 beamq=15 I=0.0027844056772819937
beamp=38 beamq=15 I=0.0016469458826144326
beamp=39 beamq=15 I=0.0005585054994522674
beamp=40 beamq=15 I=0.002441423185621413
beamp=41 beamq=15 I=0.0029353277396162725
beamp=42 beamq=15 I=0.0
beamp=43 beamq=15 I=0.01171546866451276
beamp=44 beamq=15 I=0.009111450621725341
beamp=45 beamq=15 I=0.004529329233953705
beamp=46 beamq=15 I=0.03582489429021382
beamp=47 beamq=15 I=0.1342367770769227
beamp=0 beamq=16 I=0.052082085368560696
beamp=1 beamq=16 I=0.04756183347576519
beamp=2 beamq=16 I=0.035824858238636806
beamp=3 beamq=16 I=0.021381790343739146
beamp=4 beamq=16 I=0.009111453352649856
beamp=5 beamq=16 I=0.0019690440797028143
beamp=6 beamq=16 I=3.984732104463558e-14
beamp=7 beamq=16 I=0.0010400294260558512
beamp=8 beamq=16 I=0.0024414145637008857
beamp=9 beamq=16 I=0.0026365206101169173
beamp=10 beamq=16 I=0.001646908908294172
beamp=11 beamq=16 I=0.0004679511822650507
beamp=12 beamq=16 I=1.1564823173178712e-13
beamp=13 beamq=16 I=0.0003598811500672641
beamp=14 beamq=16 I=0.0009698754269041414
beamp=15 beamq=16 I=0.001177115949247355
beamp=16 beamq=16 I=0.0008137382805283322
beamp=17 beamq=16 I=0.0002529366078360083
beamp=18 beamq=16 I=4.745191508244891e-15
beamp=19 beamq=16 I=0.0002268841091444241
beamp=20 beamq=16 I=0.000654136399194514
beamp=21 beamq=16 I=0.0008459934423530983
beamp=22 beamq=16 I=0.000620916025290003
beamp=23 beamq=16 I=0.0002043248676373604
beamp=24 beamq=16 I=2.847837706395258e-15
beamp=25 beamq=16 I=0.00020433022800241154
beamp=26 beamq=16 I=0.0006209204562592129
beamp=27 beamq=16 I=0.0008459783890379219
beamp=28 beamq=16 I=0.0006542548268600411
beamp=29 beamq=16 I=0.00022683879162186277
beamp=30 beamq=16 I=2.9339089028616406e-13
beamp=31 beamq=16 I=0.00025285490172038646
beamp=32 beamq=16 I=0.0008137290153542536
beamp=33 beamq=16 I=0.0011770673311449257
beamp=34 beamq=16 I=0.000969548977090984
beamp=35 beamq=16 I=0.0003599211720962665
beamp=36 beamq=16 I=5.893036348255294e-13
beamp=37 beamq=16 I=0.0004679735259138865
beamp=38 beamq=16 I=0.0016471297423953806
beamp=39 beamq=16 I=0.0026364431205361757
beamp=40 beamq=16 I=0.0024414787157488738
beamp=41 beamq=16 I=0.0010398238815203427
beamp=42 beamq=16 I=2.648763731497953e-12
beamp=43 beamq=16 I=0.0019690448462071153
beamp=44 beamq=16 I=0.009112245828054387
beamp=45 beamq=16 I=0.02137976176244981
beamp=46 beamq=16 I=0.035825034536397904
beamp=47 beamq=16 I=0.04756427978690664
beamp=0 beamq=17 I=0.34153020910334303
beamp=1 beamq=17 I=0.30223141599216596
beamp=2 beamq=17 I=0.03582489529477021
beamp=3 beamq=17 I=0.00985102534227331
beamp=4 beamq=17 I=0.009111418105034564
beamp=5 beamq=17 I=0.003430529249912229
beamp=6 beamq=17 I=1.2884459847419444e-13
beamp=7 beamq=17 I=0.006608864041085797
beamp=8 beamq=17 I=0.0024413758480424383
beamp=9 beamq=17 I=0.0012147352094851853
beamp=10 beamq=17 I=0.0016469590615938526
beamp=11 beamq=17 I=0.0008153423726660323
beamp=12 beamq=17 I=6.130747674572741e-14
beamp=13 beamq=17 I=0.0022871294818931254
beamp=14 beamq=17 I=0.0009698216858732925
beamp=15 beamq=17 I=0.0005423289237963692
beamp=16 beamq=17 I=0.0008139399044463495
beamp=17 beamq=17 I=0.000440617872192924
beamp=18 beamq=17 I=7.273731674843167e-14
beamp=19 beamq=17 I=0.0014415846053935377
beamp=20 beamq=17 I=0.0006542017580871154
beamp=21 beamq=17 I=0.0003897658458113448
beamp=22 beamq=17 I=0.0006208823995229284
beamp=23 beamq=17 I=0.0003560053241692826
beamp=24 beamq=17 I=1.3566983185035278e-13
beamp=25 beamq=17 I=0.0012983863116040842
beamp=26 beamq=17 I=0.0006209277619691895
beamp=27 beamq=17 I=0.00038978507332925437
beamp=28 beamq=17 I=0.000654134502066259
beamp=29 beamq=17 I=0.00039541328750950086
beamp=30 beamq=17 I=5.628545228277455e-13
beamp=31 beamq=17 I=0.001607416714609883
beamp=32 beamq=17 I=0.0008141441471224069
beamp=33 beamq=17 I=0.0005423459363046376
beamp=34 beamq=17 I=0.0009697135414431279
beamp=35 beamq=17 I=0.0006268603065070364
beamp=36 beamq=17 I=5.99963691285769e-13
beamp=37 beamq=17 I=0.0029738886772562073
beamp=38 beamq=17 I=0.0016467157064693327
beamp=39 beamq=17 I=0.0012147849742205246
beamp=40 beamq=17 I=0.0024413941449178966
beamp=41 beamq=17 I=0.0018118179310430045
beamp=42 beamq=17 I=1.3275813463599813e-12
beamp=43 beamq=17 I=0.01251245566829853
beamp=44 beamq=17 I=0.009110824752393203
beamp=45 beamq=17 I=0.009852081880670053
beamp=46 beamq=17 I=0.03582751218161713
beamp=47 beamq=17 I=0.08286580986817917
beamp=0 beamq=18 I=0.04097898346255439
beamp=1 beamq=18 I=0.004085275161902417
beamp=2 beamq=18 I=0.035824875157654326
beamp=3 beamq=18 I=0.01252525681402484
beamp=4 beamq=18 I=0.009111476816148056
beamp=5 beamq=18 I=0.004164787361440787
beamp=6 beamq=18 I=0.0
beamp=7 beamq=18 I=8.933511035675269e-5
beamp=8 beamq=18 I=0.0024414026477409603
beamp=9 beamq=18 I=0.001544472309436172
beamp=10 beamq=18 I=0.0016469835638488963
beamp=11 beamq=18 I=0.0009898510334919002
beamp=12 beamq=18 I=0.0
beamp=13 beamq=18 I=3.091632914305823e-5
beamp=14 beamq=18 I=0.000969711065181015
beamp=15 beamq=18 I=0.0006895493171134101
beamp=16 beamq=18 I=0.0008138155732254077
beamp=17 beamq=18 I=0.0005349656507207447
beamp=18 beamq=18 I=0.0
beamp=19 beamq=18 I=1.9488039183120446e-5
beamp=20 beamq=18 I=0.0006541768841786638
beamp=21 beamq=18 I=0.0004955759587364569
beamp=22 beamq=18 I=0.0006209404868713124
beamp=23 beamq=18 I=0.000432170316575611
beamp=24 beamq=18 I=0.0
beamp=25 beamq=18 I=1.7550929844301816e-5
beamp=26 beamq=18 I=0.0006209224951809635
beamp=27 beamq=18 I=0.0004955759249262684
beamp=28 beamq=18 I=0.0006541642016124484
beamp=29 beamq=18 I=0.00047992242442413194
beamp=30 beamq=18 I=0.0
beamp=31 beamq=18 I=2.1731406244237346e-5
beamp=32 beamq=18 I=0.0008137957805101748
beamp=33 beamq=18 I=0.000689549309480407
beamp=34 beamq=18 I=0.0009697210807157447
beamp=35 beamq=18 I=0.000761266018334974
beamp=36 beamq=18 I=0.0
beamp=37 beamq=18 I=4.019978298394712e-5
beamp=38 beamq=18 I=0.0016469497894298166
beamp=39 beamq=18 I=0.001544472524645238
beamp=40 beamq=18 I=0.0024414260966066706
beamp=41 beamq=18 I=0.0021997782811341887
beamp=42 beamq=18 I=0.0
beamp=43 beamq=18 I=0.00016912718440484226
beamp=44 beamq=18 I=0.009111440452833106
beamp=45 beamq=18 I=0.012525257003056721
beamp=46 beamq=18 I=0.03582489643238072
beamp=47 beamq=18 I=0.10059931591629902
beamp=0 beamq=19 I=0.24644733495272375
beamp=1 beamq=19 I=0.25817089599823234
beamp=2 beamq=19 I=0.035824955242914264
beamp=3 beamq=19 I=0.015008438388732576
beamp=4 beamq=19 I=0.00911140116322972
beamp=5 beamq=19 I=0.0011849384403990705
beamp=6 beamq=19 I=2.6842135285309876e-13
beamp=7 beamq=19 I=0.005645362182953875
beamp=8 beamq=19 I=0.002441386618591854
beamp=9 beamq=19 I=0.0018506763369285717
beamp=10 beamq=19 I=0.0016469731039819428
beamp=11 beamq=19 I=0.0002816236571331777
beamp=12 beamq=19 I=1.1192309376748902e-13
beamp=13 beamq=19 I=0.0019537287516320796
beamp=14 beamq=19 I=0.0009697279891329541
beamp=15 beamq=19 I=0.0008262605622437253
beamp=16 beamq=19 I=0.000813928663529627
beamp=17 beamq=19 I=0.00015222328634488213
beamp=18 beamq=19 I=4.8225493332517314e-14
beamp=19 beamq=19 I=0.0012316018267549472
beamp=20 beamq=19 I=0.0006541759821256795
beamp=21 beamq=19 I=0.0005938382663944766
beamp=22 beamq=19 I=0.000620913249465208
beamp=23 beamq=19 I=0.0001229491178125315
beamp=24 beamq=19 I=2.808589587751283e-14
beamp=25 beamq=19 I=0.001109106900428366
beamp=26 beamq=19 I=0.0006209359909299106
beamp=27 beamq=19 I=0.0005938459819656479
beamp=28 beamq=19 I=0.0006541952422695774
beamp=29 beamq=19 I=0.00013654674457893584
beamp=30 beamq=19 I=3.051848415184614e-14
beamp=31 beamq=19 I=0.0013729070778338666
beamp=32 beamq=19 I=0.0008137452397660244
beamp=33 beamq=19 I=0.0008262604665056305
beamp=34 beamq=19 I=0.0009696822646881069
beamp=35 beamq=19 I=0.0002166229911016544
beamp=36 beamq=19 I=1.3212593634922182e-13
beamp=37 beamq=19 I=0.0025403465714974945
beamp=38 beamq=19 I=0.001646994022109616
beamp=39 beamq=19 I=0.0018506693313691258
beamp=40 beamq=19 I=0.0024413836522443897
beamp=41 beamq=19 I=0.0006258960126725796
beamp=42 beamq=19 I=4.1694169095283596e-13
beamp=43 beamq=19 I=0.010688172393614057
beamp=44 beamq=19 I=0.00911170153987316
beamp=45 beamq=19 I=0.015008277559022428
beamp=46 beamq=19 I=0.035824408497467666
beamp=47 beamq=19 I=0.028621781790207662
beamp=0 beamq=20 I=0.10517025401212468
beamp=1 beamq=20 I=0.02890336390097762
beamp=2 beamq=20 I=0.03582489538511009
beamp=3 beamq=20 I=0.0057292721006911435
beamp=4 beamq=20 I=0.009111470086393155
beamp=5 beamq=20 I=0.0061899956983329524
beamp=6 beamq=20 I=1.6117677216024676e-13
beamp=7 beamq=20 I=0.0006320236471188143
beamp=8 beamq=20 I=0.0024414052659650007
beamp=9 beamq=20 I=0.0007064808446286249
beamp=10 beamq=20 I=0.0016469670407914183
beamp=11 beamq=20 I=0.001471144335321833
beamp=12 beamq=20 I=5.449922920360469e-15
beamp=13 beamq=20 I=0.0002187196278816197
beamp=14 beamq=20 I=0.0009697012174639974
beamp=15 beamq=20 I=0.00031541741907380183
beamp=16 beamq=20 I=0.0008137806679442192
beamp=17 beamq=20 I=0.0007951461328253087
beamp=18 beamq=20 I=9.16512236474413e-16
beamp=19 beamq=20 I=0.00013786743850448436
beamp=20 beamq=20 I=0.0006541816770827813
beamp=21 beamq=20 I=0.00022669068350506433
beamp=22 beamq=20 I=0.0006209567601563084
beamp=23 beamq=20 I=0.0006423543557896565
beamp=24 beamq=20 I=7.526531481394372e-15
beamp=25 beamq=20 I=0.00012416827582019182
beamp=26 beamq=20 I=0.0006209197656799018
beamp=27 beamq=20 I=0.00022668871708819143
beamp=28 beamq=20 I=0.0006541660536561512
beamp=29 beamq=20 I=0.0007133052210754488
beamp=30 beamq=20 I=5.0348903287330174e-14
beamp=31 beamq=20 I=0.0001536684804246745
beamp=32 beamq=20 I=0.0008137322078958268
beamp=33 beamq=20 I=0.00031542350976555703
beamp=34 beamq=20 I=0.0009697381119726848
beamp=35 beamq=20 I=0.0011314125854665932
beamp=36 beamq=20 I=1.4933077922367012e-14
beamp=37 beamq=20 I=0.00028440209106548356
beamp=38 beamq=20 I=0.0016469029007903987
beamp=39 beamq=20 I=0.0007064539367376383
beamp=40 beamq=20 I=0.0024414433535728426
beamp=41 beamq=20 I=0.0032693810657634472
beamp=42 beamq=20 I=5.074160131420442e-13
beamp=43 beamq=20 I=0.0011966371650478196
beamp=44 beamq=20 I=0.009111551927400603
beamp=45 beamq=20 I=0.005729217579376684
beamp=46 beamq=20 I=0.035825272685834214
beamp=47 beamq=20 I=0.1495181552200468
beamp=0 beamq=21 I=0.13475000087307143
beamp=1 beamq=21 I=0.17421196795719385
beamp=2 beamq=21 I=0.035824888119415615
beamp=3 beamq=21 I=0.01897274346395248
beamp=4 beamq=21 I=0.009111456601121143
beamp=5 beamq=21 I=7.295367587062775e-5
beamp=6 beamq=21 I=0.0
beamp=7 beamq=21 I=0.0038094330523338058
beamp=8 beamq=21 I=0.00244140876579954
beamp=9 beamq=21 I=0.0023395030479694823
beamp=10 beamq=21 I=0.0016469783752613887
beamp=11 beamq=21 I=1.7338719277240513e-5
beamp=12 beamq=21 I=0.0
beamp=13 beamq=21 I=0.0013183404454521512
beamp=14 beamq=21 I=0.0009697171769266849
beamp=15 beamq=21 I=0.0010445007729100967
beamp=16 beamq=21 I=0.000813820131972592
beamp=17 beamq=21 I=9.371539630651784e-6
beamp=18 beamq=21 I=0.0
beamp=19 beamq=21 I=0.0008310776675393039
beamp=20 beamq=21 I=0.0006541849449840038
beamp=21 beamq=21 I=0.0007506776800795626
beamp=22 beamq=21 I=0.0006209401139930117
beamp=23 beamq=21 I=7.569745460315424e-6
beamp=24 beamq=21 I=0.0
beamp=25 beamq=21 I=0.0007484189172674727
beamp=26 beamq=21 I=0.0006209220320686692
beamp=27 beamq=21 I=0.0007506784264070213
beamp=28 beamq=21 I=0.0006541969414733324
beamp=29 beamq=21 I=8.406179672004316e-6
beamp=30 beamq=21 I=0.0
beamp=31 beamq=21 I=0.0009264696805741819
beamp=32 beamq=21 I=0.0008138017902495469
beamp=33 beamq=21 I=0.001044501088177709
beamp=34 beamq=21 I=0.000969726804721398
beamp=35 beamq=21 I=1.333612300672648e-5
beamp=36 beamq=21 I=0.0
beamp=37 beamq=21 I=0.0017141363965991587
beamp=38 beamq=21 I=0.0016469666180538502
beamp=39 beamq=21 I=0.002339503430662818
beamp=40 beamq=21 I=0.0024414496382837185
beamp=41 beamq=21 I=3.8535781361072614e-5
beamp=42 beamq=21 I=0.0
beamp=43 beamq=21 I=0.007212350011475259
beamp=44 beamq=21 I=0.00911144392568407
beamp=45 beamq=21 I=0.018972744277705664
beamp=46 beamq=21 I=0.03582500037677547
beamp=47 beamq=21 I=0.0017621731564256373
beamp=0 beamq=22 I=0.17783846795533667
beamp=1 beamq=22 I=0.08740538914914878
beamp=2 beamq=22 I=0.03582483098690296
beamp=3 beamq=22 I=0.0014571323859467703
beamp=4 beamq=22 I=0.009111453289658428
beamp=5 beamq=22 I=0.00690872070369321
beamp=6 beamq=22 I=4.424990466637505e-15
beamp=7 beamq=22 I=0.0019112780660574156
beamp=8 beamq=22 I=0.0024413925277711177
beamp=9 beamq=22 I=0.00017967842874299118
beamp=10 beamq=22 I=0.0016469874302788012
beamp=11 beamq=22 I=0.0016420078610973055
beamp=12 beamq=22 I=1.6810193283663583e-14
beamp=13 beamq=22 I=0.0006614203203389639
beamp=14 beamq=22 I=0.0009696908571287558
beamp=15 beamq=22 I=8.021644700188977e-5
beamp=16 beamq=22 I=0.0008138586405637427
beamp=17 beamq=22 I=0.0008874662164713257
beamp=18 beamq=22 I=4.9909440006749385e-14
beamp=19 beamq=22 I=0.0004169253742806342
beamp=20 beamq=22 I=0.000654152783121264
beamp=21 beamq=22 I=5.7650624593094495e-5
beamp=22 beamq=22 I=0.0006209411780902861
beamp=23 beamq=22 I=0.0007169074823423105
beamp=24 beamq=22 I=3.1590037298985977e-14
beamp=25 beamq=22 I=0.00037548612546767923
beamp=26 beamq=22 I=0.000620920292241234
beamp=27 beamq=22 I=5.765363685870523e-5
beamp=28 beamq=22 I=0.0006541660462928775
beamp=29 beamq=22 I=0.0007960675379325541
beamp=30 beamq=22 I=1.882615880318313e-13
beamp=31 beamq=22 I=0.0004648831234466032
beamp=32 beamq=22 I=0.000813867093234552
beamp=33 beamq=22 I=8.021698451695714e-5
beamp=34 beamq=22 I=0.000969613142842303
beamp=35 beamq=22 I=0.001262818491676969
beamp=36 beamq=22 I=9.814270345483618e-14
beamp=37 beamq=22 I=0.0008599719563163488
beamp=38 beamq=22 I=0.001646972870070193
beamp=39 beamq=22 I=0.00017968497429356626
beamp=40 beamq=22 I=0.0024413500279817386
beamp=41 beamq=22 I=0.0036491107376555223
beamp=42 beamq=22 I=1.871282353608598e-13
beamp=43 beamq=22 I=0.003618619680482834
beamp=44 beamq=22 I=0.009111417540608194
beamp=45 beamq=22 I=0.0014571464628547457
beamp=46 beamq=22 I=0.035824555003986736
beamp=47 beamq=22 I=0.16687714579720883
beamp=0 beamq=23 I=0.06202522066290106
beamp=1 beamq=23 I=0.0843426547750187
beamp=2 beamq=23 I=0.03582493767806634
beamp=3 beamq=23 I=0.021107818331168014
beamp=4 beamq=23 I=0.009111457179611392
beamp=5 beamq=23 I=0.0008474624046308614
beamp=6 beamq=23 I=8.052008134325679e-15
beamp=7 beamq=23 I=0.0018443143447186804
beamp=8 beamq=23 I=0.002441410562989452
beamp=9 beamq=23 I=0.002602777249161627
beamp=10 beamq=23 I=0.0016469708969265664
beamp=11 beamq=23 I=0.0002014311924094507
beamp=12 beamq=23 I=3.04951738051377e-14
beamp=13 beamq=23 I=0.0006382642186126876
beamp=14 beamq=23 I=0.0009697058086398371
beamp=15 beamq=23 I=0.0011620406882291855
beamp=16 beamq=23 I=0.0008138737526748945
beamp=17 beamq=23 I=0.00010882554305440794
beamp=18 beamq=23 I=6.974528015309585e-14
beamp=19 beamq=23 I=0.0004023325615701279
beamp=20 beamq=23 I=0.0006542000244380008
beamp=21 beamq=23 I=0.0008351573626508422
beamp=22 beamq=23 I=0.0006209618705112756
beamp=23 beamq=23 I=8.793167369589247e-5
beamp=24 beamq=23 I=4.878765215895105e-14
beamp=25 beamq=23 I=0.00036231751882487284
beamp=26 beamq=23 I=0.0006209170813692326
beamp=27 beamq=23 I=0.0008351661519113733
beamp=28 beamq=23 I=0.0006541697234989101
beamp=29 beamq=23 I=9.764673442827397e-5
beamp=30 beamq=23 I=9.224753484230833e-14
beamp=31 beamq=23 I=0.0004485428381646989
beamp=32 beamq=23 I=0.0008137231634223965
beamp=33 beamq=23 I=0.0011620724973846024
beamp=34 beamq=23 I=0.0009698058219424463
beamp=35 beamq=23 I=0.0001548983997070069
beamp=36 beamq=23 I=8.144414685486618e-13
beamp=37 beamq=23 I=0.0008298664551788672
beamp=38 beamq=23 I=0.0016469292958526255
beamp=39 beamq=23 I=0.0026027556596613217
beamp=40 beamq=23 I=0.002441458765972935
beamp=41 beamq=23 I=0.00044763130968073677
beamp=42 beamq=23 I=4.065299167900956e-13
beamp=43 beamq=23 I=0.003491752164891801
beamp=44 beamq=23 I=0.009111488253647094
beamp=45 beamq=23 I=0.021108152833247133
beamp=46 beamq=23 I=0.03582476301837148
beamp=47 beamq=23 I=0.020470115190913914
beamp=0 beamq=24 I=0.20833333333333331
beamp=1 beamq=24 I=0.14268654973372769
beamp=2 beamq=24 I=0.03582486049613644
beamp=3 beamq=24 I=0.0
beamp=4 beamq=24 I=0.009111470467479243
beamp=5 beamq=24 I=0.00590719119466504
beamp=6 beamq=24 I=0.0
beamp=7 beamq=24 I=0.003120104153878562
beamp=8 beamq=24 I=0.002441392363574617
beamp=9 beamq=24 I=0.0
beamp=10 beamq=24 I=0.0016469778780977822
beamp=11 beamq=24 I=0.0014039519725883604
beamp=12 beamq=24 I=0.0
beamp=13 beamq=24 I=0.0010797839802357781
beamp=14 beamq=24 I=0.0009697080660102284
beamp=15 beamq=24 I=0.0
beamp=16 beamq=24 I=0.0008138213929864979
beamp=17 beamq=24 I=0.0007587903152007371
beamp=18 beamq=24 I=0.0
beamp=19 beamq=24 I=0.0006806746360329015
beamp=20 beamq=24 I=0.0006541745247092181
beamp=21 beamq=24 I=0.0
beamp=22 beamq=24 I=0.000620940796709794
beamp=23 beamq=24 I=0.0006129788058313957
beamp=24 beamq=24 I=0.0
beamp=25 beamq=24 I=0.0006129890927167689
beamp=26 beamq=24 I=0.000620928986132776
beamp=27 beamq=24 I=0.0
beamp=28 beamq=24 I=0.0006541697568715079
beamp=29 beamq=24 I=0.0006807037529996222
beamp=30 beamq=24 I=0.0
beamp=31 beamq=24 I=0.0007588407137724183
beamp=32 beamq=24 I=0.0008137928157387863
beamp=33 beamq=24 I=0.0
beamp=34 beamq=24 I=0.0009697103744310224
beamp=35 beamq=24 I=0.0010798031749180519
beamp=36 beamq=24 I=0.0
beamp=37 beamq=24 I=0.0014039611473250122
beamp=38 beamq=24 I=0.0016469801025155554
beamp=39 beamq=24 I=0.0
beamp=40 beamq=24 I=0.0024414451728015153
beamp=41 beamq=24 I=0.0031200630308647163
beamp=42 beamq=24 I=0.0
beamp=43 beamq=24 I=0.005907192325652172
beamp=44 beamq=24 I=0.009111453055419983
beamp=45 beamq=24 I=0.0
beamp=46 beamq=24 I=0.0358247739842443
beamp=47 beamq=24 I=0.1426865764418806
beamp=0 beamq=25 I=0.06202666900484067
beamp=1 beamq=25 I=0.020470467659081268
beamp=2 beamq=25 I=0.035824894190258375
beamp=3 beamq=25 I=0.021108190365727558
beamp=4 beamq=25 I=0.009111419874893934
beamp=5 beamq=25 I=0.0034917929738058286
beamp=6 beamq=25 I=1.1212457467120924e-14
beamp=7 beamq=25 I=0.0004476242040598305
beamp=8 beamq=25 I=0.0024414030299915366
beamp=9 beamq=25 I=0.002602826813974608
beamp=10 beamq=25 I=0.0016469891502836214
beamp=11 beamq=25 I=0.0008298726183077192
beamp=12 beamq=25 I=3.550418784202073e-14
beamp=13 beamq=25 I=0.00015490679836999594
beamp=14 beamq=25 I=0.0009697241912667233
beamp=15 beamq=25 I=0.0011620642049204593
beamp=16 beamq=25 I=0.0008137911546836296
beamp=17 beamq=25 I=0.00044856982610982774
beamp=18 beamq=25 I=8.292339615893299e-16
beamp=19 beamq=25 I=9.765728641665209e-5
beamp=20 beamq=25 I=0.0006541894732940529
beamp=21 beamq=25 I=0.0008351711395076303
beamp=22 beamq=25 I=0.0006209237909346711
beamp=23 beamq=25 I=0.00036234975576345153
beamp=24 beamq=25 I=1.3906699865747403e-15
beamp=25 beamq=25 I=8.795526776298046e-5
beamp=26 beamq=25 I=0.0006209302750764683
beamp=27 beamq=25 I=0.000835173744813345
beamp=28 beamq=25 I=0.0006541654925867479
beamp=29 beamq=25 I=0.00040234994134034035
beamp=30 beamq=25 I=8.155007340711801e-15
beamp=31 beamq=25 I=0.00010887212743641087
beamp=32 beamq=25 I=0.0008138275644950468
beamp=33 beamq=25 I=0.0011620842362795583
beamp=34 beamq=25 I=0.0009697225477451523
beamp=35 beamq=25 I=0.0006382937555164774
beamp=36 beamq=25 I=7.755140930473803e-13
beamp=37 beamq=25 I=0.00020142231588165087
beamp=38 beamq=25 I=0.001646984467891256
beamp=39 beamq=25 I=0.0026028552363768463
beamp=40 beamq=25 I=0.002441400262148132
beamp=41 beamq=25 I=0.0018443232322704235
beamp=42 beamq=25 I=6.949392594944129e-14
beamp=43 beamq=25 I=0.0008474642056635402
beamp=44 beamq=25 I=0.009111370999561861
beamp=45 beamq=25 I=0.021107896642585874
beamp=46 beamq=25 I=0.03582498017709412
beamp=47 beamq=25 I=0.08434333927874617
beamp=0 beamq=26 I=0.177840767199118
beamp=1 beamq=26 I=0.1668799895834469
beamp=2 beamq=26 I=0.035824998667872074
beamp=3 beamq=26 I=0.0014571027893040098
beamp=4 beamq=26 I=0.009111459879764918
beamp=5 beamq=26 I=0.0036186081163871783
beamp=6 beamq=26 I=3.304142260721991e-14
beamp=7 beamq=26 I=0.0036491536238120533
beamp=8 beamq=26 I=0.0024414182326997222
beamp=9 beamq=26 I=0.00017967780812251215
beamp=10 beamq=26 I=0.0016469934422264718
beamp=11 beamq=26 I=0.0008600272588486406
beamp=12 beamq=26 I=5.4022180247711063e-14
beamp=13 beamq=26 I=0.001262879424348623
beamp=14 beamq=26 I=0.0009696895621703257
beamp=15 beamq=26 I=8.021687473232982e-5
beamp=16 beamq=26 I=0.0008138300361380628
beamp=17 beamq=26 I=0.00046482998080018477
beamp=18 beamq=26 I=5.75964334096716e-14
beamp=19 beamq=26 I=0.0007960967110355846
beamp=20 beamq=26 I=0.0006541776723280092
beamp=21 beamq=26 I=5.76468893321855e-5
beamp=22 beamq=26 I=0.0006209493324091288
beamp=23 beamq=26 I=0.00037548547889166363
beamp=24 beamq=26 I=4.303559823319129e-14
beamp=25 beamq=26 I=0.0007169285626124124
beamp=26 beamq=26 I=0.0006209377412398927
beamp=27 beamq=26 I=5.764902140490971e-5
beamp=28 beamq=26 I=0.000654174395094878
beamp=29 beamq=26 I=0.00041701345577204417
beamp=30 beamq=26 I=2.35404866895846e-13
beamp=31 beamq=26 I=0.0008873748011041148
beamp=32 beamq=26 I=0.0008136894633884018
beamp=33 beamq=26 I=8.021449892219453e-5
beamp=34 beamq=26 I=0.0009697416974132512
beamp=35 beamq=26 I=0.0006614626777688619
beamp=36 beamq=26 I=7.205007713136553e-13
beamp=37 beamq=26 I=0.001642043598023763
beamp=38 beamq=26 I=0.0016469717557858338
beamp=39 beamq=26 I=0.0001796644071023103
beamp=40 beamq=26 I=0.002441468943321183
beamp=41 beamq=26 I=0.001911264790362503
beamp=42 beamq=26 I=2.887520228709676e-12
beamp=43 beamq=26 I=0.006908878188938623
beamp=44 beamq=26 I=0.009111365091207104
beamp=45 beamq=26 I=0.0014572230891890586
beamp=46 beamq=26 I=0.03582569933435641
beamp=47 beamq=26 I=0.08740781126200042
beamp=0 beamq=27 I=0.13475000087307143
beamp=1 beamq=27 I=0.0017621353873386253
beamp=2 beamq=27 I=0.035824873975021515
beamp=3 beamq=27 I=0.018972744277705664
beamp=4 beamq=27 I=0.00911145393401345
beamp=5 beamq=27 I=0.007212340270587631
beamp=6 beamq=27 I=0.0
beamp=7 beamq=27 I=3.8531383638140455e-5
beamp=8 beamq=27 I=0.002441416212778433
beamp=9 beamq=27 I=0.002339503430662818
beamp=10 beamq=27 I=0.001646983988188717
beamp=11 beamq=27 I=0.001714157370583011
beamp=12 beamq=27 I=0.0
beamp=13 beamq=27 I=1.3332814392660707e-5
beamp=14 beamq=27 I=0.000969702371485643
beamp=15 beamq=27 I=0.001044501088177709
beamp=16 beamq=27 I=0.0008138097005801557
beamp=17 beamq=27 I=0.00092642216319675
beamp=18 beamq=27 I=0.0
beamp=19 beamq=27 I=8.405813712278866e-6
beamp=20 beamq=27 I=0.0006541757518450525
beamp=21 beamq=27 I=0.0007506784264070213
beamp=22 beamq=27 I=0.0006209472944911096
beamp=23 beamq=27 I=0.0007484059379401365
beamp=24 beamq=27 I=0.0
beamp=25 beamq=27 I=7.569482630405678e-6
beamp=26 beamq=27 I=0.0006209246274393755
beamp=27 beamq=27 I=0.0007506776800795626
beamp=28 beamq=27 I=0.0006541645390909291
beamp=29 beamq=27 I=0.0008310970488359167
beamp=30 beamq=27 I=0.0
beamp=31 beamq=27 I=9.366622705462118e-6
beamp=32 beamq=27 I=0.0008137799283013497
beamp=33 beamq=27 I=0.0010445007729100967
beamp=34 beamq=27 I=0.0009696990988691959
beamp=35 beamq=27 I=0.0013183345409055254
beamp=36 beamq=27 I=0.0
beamp=37 beamq=27 I=1.7339717813137673e-5
beamp=38 beamq=27 I=0.0016469575904845793
beamp=39 beamq=27 I=0.0023395030479694823
beamp=40 beamq=27 I=0.002441442514447916
beamp=41 beamq=27 I=0.0038094455951025044
beamp=42 beamq=27 I=0.0
beamp=43 beamq=27 I=7.295512899806673e-5
beamp=44 beamq=27 I=0.009111524884842532
beamp=45 beamq=27 I=0.01897274346395248
beamp=46 beamq=27 I=0.035824873320112194
beamp=47 beamq=27 I=0.17421170456433127
beamp=0 beamq=28 I=0.10516938816075339
beamp=1 beamq=28 I=0.14951726489643843
beamp=2 beamq=28 I=0.03582491433121138
beamp=3 beamq=28 I=0.005729443927344907
beamp=4 beamq=28 I=0.009111461669384788
beamp=5 beamq=28 I=0.0011965538846496482
beamp=6 beamq=28 I=1.3246637583138227e-13
beamp=7 beamq=28 I=0.0032694731922426265
beamp=8 beamq=28 I=0.0024413989938141924
beamp=9 beamq=28 I=0.0007064966203307807
beamp=10 beamq=28 I=0.0016470038529308082
beamp=11 beamq=28 I=0.00028438960210165924
beamp=12 beamq=28 I=9.819980476925375e-14
beamp=13 beamq=28 I=0.0011314482920234518
beamp=14 beamq=28 I=0.000969711813279367
beamp=15 beamq=28 I=0.0003154357615919999
beamp=16 beamq=28 I=0.0008136840360757111
beamp=17 beamq=28 I=0.00015369279955097798
beamp=18 beamq=28 I=1.2523691574524892e-13
beamp=19 beamq=28 I=0.0007132719814624776
beamp=20 beamq=28 I=0.0006541606515622315
beamp=21 beamq=28 I=0.00022670859088171375
beamp=22 beamq=28 I=0.0006209392674277573
beamp=23 beamq=28 I=0.00012415487912801663
beamp=24 beamq=28 I=9.783045322916036e-14
beamp=25 beamq=28 I=0.0006423285961425935
beamp=26 beamq=28 I=0.0006208838642218085
beamp=27 beamq=28 I=0.00022669916218560592
beamp=28 beamq=28 I=0.0006541576220194755
beamp=29 beamq=28 I=0.00013787527417494068
beamp=30 beamq=28 I=3.164497020905858e-14
beamp=31 beamq=28 I=0.0007952491047111071
beamp=32 beamq=28 I=0.0008139543884352924
beamp=33 beamq=28 I=0.00031542042506466246
beamp=34 beamq=28 I=0.0009695963663400692
beamp=35 beamq=28 I=0.0002187417619540478
beamp=36 beamq=28 I=6.389347962746742e-14
beamp=37 beamq=28 I=0.0014711169219979608
beamp=38 beamq=28 I=0.0016470007257684092
beamp=39 beamq=28 I=0.000706447674196087
beamp=40 beamq=28 I=0.0024413728165051914
beamp=41 beamq=28 I=0.0006320136320930437
beamp=42 beamq=28 I=1.582682191321923e-13
beamp=43 beamq=28 I=0.006189911112699122
beamp=44 beamq=28 I=0.009111506510532129
beamp=45 beamq=28 I=0.005729214181645336
beamp=46 beamq=28 I=0.035824579472135666
beamp=47 beamq=28 I=0.028902338487509522
beamp=0 beamq=29 I=0.24645470514809947
beamp=1 beamq=29 I=0.028623002859496337
beamp=2 beamq=29 I=0.03582483992658584
beamp=3 beamq=29 I=0.01500913354140595
beamp=4 beamq=29 I=0.009111428302061597
beamp=5 beamq=29 I=0.010688412709930442
beamp=6 beamq=29 I=9.340907676976447e-14
beamp=7 beamq=29 I=0.0006258894379792148
beamp=8 beamq=29 I=0.00244141667596958
beamp=9 beamq=29 I=0.001850796721238983
beamp=10 beamq=29 I=0.0016469725938311538
beamp=11 beamq=29 I=0.002540272929453188
beamp=12 beamq=29 I=8.811274915717278e-14
beamp=13 beamq=29 I=0.00021658274871685029
beamp=14 beamq=29 I=0.0009696234446744912
beamp=15 beamq=29 I=0.0008263238173460245
beamp=16 beamq=29 I=0.0008138801154559465
beamp=17 beamq=29 I=0.0013731073343291932
beamp=18 beamq=29 I=2.320196263126221e-13
beamp=19 beamq=29 I=0.00013654782751576361
beamp=20 beamq=29 I=0.0006541626231419135
beamp=21 beamq=29 I=0.0005938721028649831
beamp=22 beamq=29 I=0.0006209207883238977
beamp=23 beamq=29 I=0.0011091462431015624
beamp=24 beamq=29 I=9.917124991580076e-14
beamp=25 beamq=29 I=0.00012296414955539764
beamp=26 beamq=29 I=0.0006209419136780741
beamp=27 beamq=29 I=0.0005938756248174993
beamp=28 beamq=29 I=0.0006541238772530278
beamp=29 beamq=29 I=0.0012317643005398682
beamp=30 beamq=29 I=2.2607584930269448e-13
beamp=31 beamq=29 I=0.00015213449069591874
beamp=32 beamq=29 I=0.0008135971422615874
beamp=33 beamq=29 I=0.000826303158521437
beamp=34 beamq=29 I=0.0009696912365251611
beamp=35 beamq=29 I=0.0019537759249723904
beamp=36 beamq=29 I=3.4125715129886453e-13
beamp=37 beamq=29 I=0.0002816411036214095
beamp=38 beamq=29 I=0.001647052215716044
beamp=39 beamq=29 I=0.0018507414985571174
beamp=40 beamq=29 I=0.0024414491738829792
beamp=41 beamq=29 I=0.005645477362845916
beamp=42 beamq=29 I=8.645879874304614e-13
beamp=43 beamq=29 I=0.0011849654936216714
beamp=44 beamq=29 I=0.009111578857979748
beamp=45 beamq=29 I=0.015008680105045951
beamp=46 beamq=29 I=0.035826308360853334
beamp=47 beamq=29 I=0.25817958089569537
beamp=0 beamq=30 I=0.04097898346255439
beamp=1 beamq=30 I=0.10059959295166193
beamp=2 beamq=30 I=0.03582488871723813
beamp=3 beamq=30 I=0.012525257003056721
beamp=4 beamq=30 I=0.009111457751892716
beamp=5 beamq=30 I=0.0001691325999343269
beamp=6 beamq=30 I=0.0
beamp=7 beamq=30 I=0.002199793303489986
beamp=8 beamq=30 I=0.0024413935750607144
beamp=9 beamq=30 I=0.001544472524645238
beamp=10 beamq=30 I=0.0016469610206126869
beamp=11 beamq=30 I=4.020032061534775e-5
beamp=12 beamq=30 I=0.0
beamp=13 beamq=30 I=0.0007612974538780596
beamp=14 beamq=30 I=0.0009697054021006263
beamp=15 beamq=30 I=0.000689549309480407
beamp=16 beamq=30 I=0.000813808816065373
beamp=17 beamq=30 I=2.1723180379365275e-5
beamp=18 beamq=30 I=0.0
beamp=19 beamq=30 I=0.0004799094950298559
beamp=20 beamq=30 I=0.0006541840197262564
beamp=21 beamq=30 I=0.0004955759249262684
beamp=22 beamq=30 I=0.0006209327182045544
beamp=23 beamq=30 I=1.7550049068269016e-5
beamp=24 beamq=30 I=0.0
beamp=25 beamq=30 I=0.000432168220012393
beamp=26 beamq=30 I=0.0006209280118060333
beamp=27 beamq=30 I=0.0004955759587364569
beamp=28 beamq=30 I=0.0006541610056747549
beamp=29 beamq=30 I=1.9493121811436607e-5
beamp=30 beamq=30 I=0.0
beamp=31 beamq=30 I=0.0005349969764181125
beamp=32 beamq=30 I=0.0008137772846739602
beamp=33 beamq=30 I=0.0006895493171134101
beamp=34 beamq=30 I=0.0009697122501697997
beamp=35 beamq=30 I=3.091444262849604e-5
beamp=36 beamq=30 I=0.0
beamp=37 beamq=30 I=0.000989858273794511
beamp=38 beamq=30 I=0.0016469598145795975
beamp=39 beamq=30 I=0.001544472309436172
beamp=40 beamq=30 I=0.0024414660632832525
beamp=41 beamq=30 I=8.934340834110023e-5
beamp=42 beamq=30 I=0.0
beamp=43 beamq=30 I=0.004164766378781369
beamp=44 beamq=30 I=0.009111515772965359
beamp=45 beamq=30 I=0.01252525681402484
beamp=46 beamq=30 I=0.03582484533032524
beamp=47 beamq=30 I=0.004085232181625287
beamp=0 beamq=31 I=0.3415336207808764
beamp=1 beamq=31 I=0.08286586801026603
beamp=2 beamq=31 I=0.03582486739020141
beamp=3 beamq=31 I=0.009850922949021419
beamp=4 beamq=31 I=0.009111468575375072
beamp=5 beamq=31 I=0.01251235315700244
beamp=6 beamq=31 I=1.5982947026057144e-15
beamp=7 beamq=31 I=0.0018120251691409585
beamp=8 beamq=31 I=0.002441424261898237
beamp=9 beamq=31 I=0.0012147057667073928
beamp=10 beamq=31 I=0.0016469543536635125
beamp=11 beamq=31 I=0.002973736464420625
beamp=12 beamq=31 I=3.5958685392726653e-13
beamp=13 beamq=31 I=0.0006271905979101033
beamp=14 beamq=31 I=0.0009695665314275008
beamp=15 beamq=31 I=0.0005423058827598568
beamp=16 beamq=31 I=0.000813597858004998
beamp=17 beamq=31 I=0.0016071964675867679
beamp=18 beamq=31 I=2.0139742015294152e-13
beamp=19 beamq=31 I=0.00039533941886920064
beamp=20 beamq=31 I=0.0006541164016073105
beamp=21 beamq=31 I=0.00038975251612192167
beamp=22 beamq=31 I=0.0006209465728705748
beamp=23 beamq=31 I=0.0012982736393966823
beamp=24 beamq=31 I=9.386950129234664e-14
beamp=25 beamq=31 I=0.0003560337996487903
beamp=26 beamq=31 I=0.0006209594849213453
beamp=27 beamq=31 I=0.00038974698042375504
beamp=28 beamq=31 I=0.0006542184305811636
beamp=29 beamq=31 I=0.0014417776243461924
beamp=30 beamq=31 I=1.7533157362313126e-13
beamp=31 beamq=31 I=0.00044079887939819614
beamp=32 beamq=31 I=0.0008135156982538327
beamp=33 beamq=31 I=0.0005423129863641272
beamp=34 beamq=31 I=0.0009694578130933391
beamp=35 beamq=31 I=0.002287375668078402
beamp=36 beamq=31 I=6.118039018107591e-13
beamp=37 beamq=31 I=0.0008153166336969165
beamp=38 beamq=31 I=0.001647109091212943
beamp=39 beamq=31 I=0.0012146878375757716
beamp=40 beamq=31 I=0.002441369150107328
beamp=41 beamq=31 I=0.006608991195362912
beamp=42 beamq=31 I=2.7769905154341928e-12
beamp=43 beamq=31 I=0.0034305805027936617
beamp=44 beamq=31 I=0.009111778639872307
beamp=45 beamq=31 I=0.009851408427947368
beamp=46 beamq=31 I=0.035822641707923014
beamp=47 beamq=31 I=0.30223140845740876
beamp=0 beamq=32 I=0.05208569891954802
beamp=1 beamq=32 I=0.04756294310843867
beamp=2 beamq=32 I=0.03582486453210572
beamp=3 beamq=32 I=0.021382211329071886
beamp=4 beamq=32 I=0.009111468154842303
beamp=5 beamq=32 I=0.001969091293137458
beamp=6 beamq=32 I=1.130027784309225e-14
beamp=7 beamq=32 I=0.0010400539234751145
beamp=8 beamq=32 I=0.0024414026697163636
beamp=9 beamq=32 I=0.002636625372253526
beamp=10 beamq=32 I=0.0016468635894295626
beamp=11 beamq=32 I=0.000467938206809708
beamp=12 beamq=32 I=7.742432274008651e-14
beamp=13 beamq=32 I=0.0003598985394262644
beamp=14 beamq=32 I=0.00096985035216704
beamp=15 beamq=32 I=0.001177178947092357
beamp=16 beamq=32 I=0.0008137233291920065
beamp=17 beamq=32 I=0.0002530261594458719
beamp=18 beamq=32 I=1.86563727429719e-13
beamp=19 beamq=32 I=0.00022683715251541075
beamp=20 beamq=32 I=0.0006541249398196276
beamp=21 beamq=32 I=0.0008460379363596029
beamp=22 beamq=32 I=0.0006208582296376628
beamp=23 beamq=32 I=0.0002043109266304176
beamp=24 beamq=32 I=1.9253479019432085e-13
beamp=25 beamq=32 I=0.00020433070607330875
beamp=26 beamq=32 I=0.0006209461139297402
beamp=27 beamq=32 I=0.0008460329375960491
beamp=28 beamq=32 I=0.0006542207886178561
beamp=29 beamq=32 I=0.00022687398931540474
beamp=30 beamq=32 I=5.380606261466229e-14
beamp=31 beamq=32 I=0.0002529685488856146
beamp=32 beamq=32 I=0.000813924786263049
beamp=33 beamq=32 I=0.0011771571150434705
beamp=34 beamq=32 I=0.0009695156687456522
beamp=35 beamq=32 I=0.0003600157043350376
beamp=36 beamq=32 I=1.9553947581500232e-14
beamp=37 beamq=32 I=0.00046796946359844803
beamp=38 beamq=32 I=0.0016471758146632477
beamp=39 beamq=32 I=0.002636653201122035
beamp=40 beamq=32 I=0.002441441685077841
beamp=41 beamq=32 I=0.001039942761793331
beamp=42 beamq=32 I=1.5899102058051598e-13
beamp=43 beamq=32 I=0.001968978050018498
beamp=44 beamq=32 I=0.009112234657594547
beamp=45 beamq=32 I=0.02138159912711599
beamp=46 beamq=32 I=0.03582481398598614
beamp=47 beamq=32 I=0.04756597882683926
beamp=0 beamq=33 I=0.3637473160931328
beamp=1 beamq=33 I=0.13423682330845935
beamp=2 beamq=33 I=0.03582487881975754
beamp=3 beamq=33 I=0.004529329233953705
beamp=4 beamq=33 I=0.00911144644329592
beamp=5 beamq=33 I=0.011715465250129432
beamp=6 beamq=33 I=0.0
beamp=7 beamq=33 I=0.002935351893021065
beamp=8 beamq=33 I=0.0024414084523282477
beamp=9 beamq=33 I=0.0005585054994522674
beamp=10 beamq=33 I=0.0016470017380141718
beamp=11 beamq=33 I=0.0027843704771050777
beamp=12 beamq=33 I=0.0
beamp=13 beamq=33 I=0.0010157978392278015
beamp=14 beamq=33 I=0.0009697125697380188
beamp=15 beamq=33 I=0.00024935185018149474
beamp=16 beamq=33 I=0.0008138033999205612
beamp=17 beamq=33 I=0.0015048595690068973
beamp=18 beamq=33 I=0.0
beamp=19 beamq=33 I=0.0006403643044433829
beamp=20 beamq=33 I=0.000654164926156762
beamp=21 beamq=33 I=0.00017920805340938584
beamp=22 beamq=33 I=0.000620945034837879
beamp=23 beamq=33 I=0.0012156509700729226
beamp=24 beamq=33 I=0.0
beamp=25 beamq=33 I=0.0005767094220158989
beamp=26 beamq=33 I=0.0006209387873919639
beamp=27 beamq=33 I=0.0001792080008130124
beamp=28 beamq=33 I=0.0006541651516040268
beamp=29 beamq=33 I=0.001350011156519719
beamp=30 beamq=33 I=0.0
beamp=31 beamq=33 I=0.0007138875770221761
beamp=32 beamq=33 I=0.000813752699262337
beamp=33 beamq=33 I=0.0002493518599522524
beamp=34 beamq=33 I=0.000969686467927993
beamp=35 beamq=33 I=0.0021414765949303934
beamp=36 beamq=33 I=0.0
beamp=37 beamq=33 I=0.0013208131854674553
beamp=38 beamq=33 I=0.0016469964312260388
beamp=39 beamq=33 I=0.0005585054214270566
beamp=40 beamq=33 I=0.002441424132879665
beamp=41 beamq=33 I=0.006187935132771838
beamp=42 beamq=33 I=0.0
beamp=43 beamq=33 I=0.00555733095429075
beamp=44 beamq=33 I=0.009111610617733282
beamp=45 beamq=33 I=0.004529329093561363
beamp=46 beamq=33 I=0.03582500615249867
beamp=47 beamq=33 I=0.2829839927593848
beamp=0 beamq=34 I=0.20016310241672533
beamp=1 beamq=34 I=0.02693689386096092
beamp=2 beamq=34 I=0.035824907906777226
beamp=3 beamq=34 I=0.03169553716732315
beamp=4 beamq=34 I=0.009111481783946598
beamp=5 beamq=34 I=0.007471459792949629
beamp=6 beamq=34 I=5.403179350697377e-13
beamp=7 beamq=34 I=0.0005890246020097182
beamp=8 beamq=34 I=0.0024414333667244965
beamp=9 beamq=34 I=0.003908280164087433
beamp=10 beamq=34 I=0.0016469792515262243
beamp=11 beamq=34 I=0.0017758175135228643
beamp=12 beamq=34 I=1.9253768140011413e-13
beamp=13 beamq=34 I=0.0002038588374209356
beamp=14 beamq=34 I=0.0009697511366589044
beamp=15 beamq=34 I=0.0017449156261855714
beamp=16 beamq=34 I=0.0008138524221830914
beamp=17 beamq=34 I=0.0009596250930057214
beamp=18 beamq=34 I=9.510693737187677e-14
beamp=19 beamq=34 I=0.00012854123336670687
beamp=20 beamq=34 I=0.0006541812644101481
beamp=21 beamq=34 I=0.001254079770743383
beamp=22 beamq=34 I=0.0006209632730219466
beamp=23 beamq=34 I=0.0007753359255495419
beamp=24 beamq=34 I=5.630406442006889e-14
beamp=25 beamq=34 I=0.00011572433443769685
beamp=26 beamq=34 I=0.0006209725361920401
beamp=27 beamq=34 I=0.0012540502998133174
beamp=28 beamq=34 I=0.0006541930437124761
beamp=29 beamq=34 I=0.0008609723243474801
beamp=30 beamq=34 I=3.590559562634728e-13
beamp=31 beamq=34 I=0.00014331654169422446
beamp=32 beamq=34 I=0.0008135090122973038
beamp=33 beamq=34 I=0.0017449219085294916
beamp=34 beamq=34 I=0.0009700291731397829
beamp=35 beamq=34 I=0.001365414789800156
beamp=36 beamq=34 I=6.595715004257633e-13
beamp=37 beamq=34 I=0.0002649802841779896
beamp=38 beamq=34 I=0.0016469536577377077
beamp=39 beamq=34 I=0.003908340999140898
beamp=40 beamq=34 I=0.0024414897886527666
beamp=41 beamq=34 I=0.0039462878114492105
beamp=42 beamq=34 I=1.4202968951400792e-12
beamp=43 beamq=34 I=0.0011151623590010533
beamp=44 beamq=34 I=0.009111591467196214
beamp=45 beamq=34 I=0.0316957709557357
beamp=46 beamq=34 I=0.03582481278213184
beamp=47 beamq=34 I=0.1804719621748291
beamp=0 beamq=35 I=0.2827454917472961
beamp=1 beamq=35 I=0.15216406196946405
beamp=2 beamq=35 I=0.0358248136619152
beamp=3 beamq=35 I=0.0006444245359079406
beamp=4 beamq=35 I=0.009111438641337863
beamp=5 beamq=35 I=0.008268708157588858
beamp=6 beamq=35 I=3.2600802844321797e-13
beamp=7 beamq=35 I=0.003327322781339753
beamp=8 beamq=35 I=0.00244142057021303
beamp=9 beamq=35 I=7.945590562360133e-5
beamp=10 beamq=35 I=0.0016470087121381871
beamp=11 beamq=35 I=0.001965248731030639
beamp=12 beamq=35 I=2.049637224989705e-13
beamp=13 beamq=35 I=0.0011515152179512674
beamp=14 beamq=35 I=0.000969783597857431
beamp=15 beamq=35 I=3.547042733045503e-5
beamp=16 beamq=35 I=0.000813745925596686
beamp=17 beamq=35 I=0.0010618974000717912
beamp=18 beamq=35 I=1.0364412597838971e-13
beamp=19 beamq=35 I=0.0007259008378544256
beamp=20 beamq=35 I=0.0006541289259101004
beamp=21 beamq=35 I=2.5490506822276575e-5
beamp=22 beamq=35 I=0.000620997010201555
beamp=23 beamq=35 I=0.0008580096998090669
beamp=24 beamq=35 I=1.6673366969495912e-13
beamp=25 beamq=35 I=0.0006537206946694626
beamp=26 beamq=35 I=0.000620905438847406
beamp=27 beamq=35 I=2.5489981099846756e-5
beamp=28 beamq=35 I=0.0006542120468605037
beamp=29 beamq=35 I=0.0009529039626254757
beamp=30 beamq=35 I=2.694706798557026e-13
beamp=31 beamq=35 I=0.000809297979525104
beamp=32 beamq=35 I=0.0008139242883700906
beamp=33 beamq=35 I=3.5475521803095356e-5
beamp=34 beamq=35 I=0.0009696427882592325
beamp=35 beamq=35 I=0.001511435717582323
beamp=36 beamq=35 I=1.4844119134114578e-13
beamp=37 beamq=35 I=0.0014973046458600825
beamp=38 beamq=35 I=0.0016469741464701548
beamp=39 beamq=35 I=7.946313721378911e-5
beamp=40 beamq=35 I=0.00244137392816295
beamp=41 beamq=35 I=0.004367293536573609
beamp=42 beamq=35 I=4.576247511720958e-13
beamp=43 beamq=35 I=0.006299634487643938
beamp=44 beamq=35 I=0.00911153362208184
beamp=45 beamq=35 I=0.0006444354497447367
beamp=46 beamq=35 I=0.03582447279753895
beamp=47 beamq=35 I=0.19972698666702016
beamp=0 beamq=36 I=0.5208333333333333
beamp=1 beamq=36 I=0.07305063660200396
beamp=2 beamq=36 I=0.035824912068624454
beamp=3 beamq=36 I=0.04276390206923729
beamp=4 beamq=36 I=0.009111452230502904
beamp=5 beamq=36 I=0.016666386120587864
beamp=6 beamq=36 I=0.0
beamp=7 beamq=36 I=0.001597381953939373
beamp=8 beamq=36 I=0.0024413812288183287
beamp=9 beamq=36 I=0.005273158535470627
beamp=10 beamq=36 I=0.001646976149455905
beamp=11 beamq=36 I=0.003961128149997768
beamp=12 beamq=36 I=0.0
beamp=13 beamq=36 I=0.0005528629986410031
beamp=14 beamq=36 I=0.0009697615163977176
beamp=15 beamq=36 I=0.0023542686612813427
beamp=16 beamq=36 I=0.0008137575239482634
beamp=17 beamq=36 I=0.0021408277916062737
beamp=18 beamq=36 I=0.0
beamp=19 beamq=36 I=0.0003484650607332002
beamp=20 beamq=36 I=0.0006541586185501944
beamp=21 beamq=36 I=0.0016920021354993192
beamp=22 beamq=36 I=0.0006209291228228211
beamp=23 beamq=36 I=0.0017294889109240566
beamp=24 beamq=36 I=0.0
beamp=25 beamq=36 I=0.0003137839997435057
beamp=26 beamq=36 I=0.0006208959463657534
beamp=27 beamq=36 I=0.0016920021354993192
beamp=28 beamq=36 I=0.0006541850810283905
beamp=29 beamq=36 I=0.0019204925347257227
beamp=30 beamq=36 I=0.0
beamp=31 beamq=36 I=0.00038846307857964976
beamp=32 beamq=36 I=0.0008137494086151096
beamp=33 beamq=36 I=0.0023542686612813427
beamp=34 beamq=36 I=0.0009696775060074362
beamp=35 beamq=36 I=0.003046453981753442
beamp=36 beamq=36 I=0.0
beamp=37 beamq=36 I=0.000718770563464196
beamp=38 beamq=36 I=0.0016470052685663508
beamp=39 beamq=36 I=0.005273158535470627
beamp=40 beamq=36 I=0.0024414258376805375
beamp=41 beamq=36 I=0.008802966320601218
beamp=42 beamq=36 I=0.0
beamp=43 beamq=36 I=0.0030242966756034943
beamp=44 beamq=36 I=0.009111498473407125
beamp=45 beamq=36 I=0.04276390206923728
beamp=46 beamq=36 I=0.03582500482867523
beamp=47 beamq=36 I=0.4025716149633458
beamp=0 beamq=37 I=0.1238293572779948
beamp=1 beamq=37 I=0.12129130416398988
beamp=2 beamq=37 I=0.03582499870838162
beamp=3 beamq=37 I=0.0008379265926639776
beamp=4 beamq=37 I=0.009111449536102403
beamp=5 beamq=37 I=0.0035210488670171375
beamp=6 beamq=37 I=7.296698690863653e-14
beamp=7 beamq=37 I=0.002652219897717088
beamp=8 beamq=37 I=0.00244139874756769
beamp=9 beamq=37 I=0.00010332561719462966
beamp=10 beamq=37 I=0.0016469659945355386
beamp=11 beamq=37 I=0.0008368720230584371
beamp=12 beamq=37 I=5.734797041181035e-14
beamp=13 beamq=37 I=0.0009178525137402985
beamp=14 beamq=37 I=0.0009697867944599798
beamp=15 beamq=37 I=4.613246959742288e-5
beamp=16 beamq=37 I=0.0008138367250945644
beamp=17 beamq=37 I=0.00045221072381965545
beamp=18 beamq=37 I=5.366240582680796e-14
beamp=19 beamq=37 I=0.0005786468133949394
beamp=20 beamq=37 I=0.0006541674337003177
beamp=21 beamq=37 I=3.315448691414725e-5
beamp=22 beamq=37 I=0.0006209364615840467
beamp=23 beamq=37 I=0.0003653638013290136
beamp=24 beamq=37 I=1.8828977728831593e-14
beamp=25 beamq=37 I=0.0005210889245478245
beamp=26 beamq=37 I=0.0006209281368386848
beamp=27 beamq=37 I=3.315277708995114e-5
beamp=28 beamq=37 I=0.0006541890707316749
beamp=29 beamq=37 I=0.0004057523430733745
beamp=30 beamq=37 I=9.275710986337652e-15
beamp=31 beamq=37 I=0.0006450632697481721
beamp=32 beamq=37 I=0.0008138004362416379
beamp=33 beamq=37 I=4.613029620966875e-5
beamp=34 beamq=37 I=0.000969776241377012
beamp=35 beamq=37 I=0.0006435956833214201
beamp=36 beamq=37 I=5.213205446034467e-15
beamp=37 beamq=37 I=0.0011934447248024586
beamp=38 beamq=37 I=0.001646985273789904
beamp=39 beamq=37 I=0.00010332393473019334
beamp=40 beamq=37 I=0.0024413492317623712
beamp=41 beamq=37 I=0.0018598063052009815
beamp=42 beamq=37 I=1.4368298940683105e-13
beamp=43 beamq=37 I=0.005021378332328655
beamp=44 beamq=37 I=0.009111345045491673
beamp=45 beamq=37 I=0.0008379522929922857
beamp=46 beamq=37 I=0.0358249654774811
beamp=47 beamq=37 I=0.08504908079939744
beamp=0 beamq=38 I=1.0089679967081935
beamp=1 beamq=38 I=0.20685630731837212
beamp=2 beamq=38 I=0.03582475347187406
beamp=3 beamq=38 I=0.053831903088807906
beamp=4 beamq=38 I=0.00911143175518642
beamp=5 beamq=38 I=0.02856204646865415
beamp=6 beamq=38 I=5.510985186714852e-13
beamp=7 beamq=38 I=0.004523274390597869
beamp=8 beamq=38 I=0.002441375833827838
beamp=9 beamq=38 I=0.00663793520105662
beamp=10 beamq=38 I=0.0016469449132957223
beamp=11 beamq=38 I=0.0067883323382872405
beamp=12 beamq=38 I=1.05735009868028e-13
beamp=13 beamq=38 I=0.0015653782042211611
beamp=14 beamq=38 I=0.0009697377721206523
beamp=15 beamq=38 I=0.002963601691813962
beamp=16 beamq=38 I=0.0008138283904325992
beamp=17 beamq=38 I=0.003668749576784213
beamp=18 beamq=38 I=1.3664199979834812e-13
beamp=19 beamq=38 I=0.0009867899167091492
beamp=20 beamq=38 I=0.0006541492522871146
beamp=21 beamq=38 I=0.002129924850626892
beamp=22 beamq=38 I=0.0006209370467886572
beamp=23 beamq=38 I=0.002963783353461203
beamp=24 beamq=38 I=5.630406442006889e-14
beamp=25 beamq=38 I=0.0008886224268196448
beamp=26 beamq=38 I=0.0006208913130493818
beamp=27 beamq=38 I=0.0021299130673309357
beamp=28 beamq=38 I=0.0006541497502954831
beamp=29 beamq=38 I=0.003291150898231983
beamp=30 beamq=38 I=3.90081485631318e-14
beamp=31 beamq=38 I=0.0010998564268760846
beamp=32 beamq=38 I=0.0008138852934030309
beamp=33 beamq=38 I=0.0029635684546021274
beamp=34 beamq=38 I=0.0009696721715799358
beamp=35 beamq=38 I=0.005220831147055378
beamp=36 beamq=38 I=7.799678148715886e-14
beamp=37 beamq=38 I=0.0020354074166459616
beamp=38 beamq=38 I=0.0016469473097456971
beamp=39 beamq=38 I=0.006637953930375516
beamp=40 beamq=38 I=0.0024413223452827808
beamp=41 beamq=38 I=0.015086056756645034
beamp=42 beamq=38 I=2.070753869302481e-13
beamp=43 beamq=38 I=0.008563751766275898
beamp=44 beamq=38 I=0.009111424326964348
beamp=45 beamq=38 I=0.05383176271226503
beamp=46 beamq=38 I=0.03582457789225158
beamp=47 beamq=38 I=0.6899064815592422
beamp=0 beamq=39 I=0.008501960399259998
beamp=1 beamq=39 I=0.06230141962506357
beamp=2 beamq=39 I=0.03582489472445849
beamp=3 beamq=39 I=0.010144922275850503
beamp=4 beamq=39 I=0.009111442611563375
beamp=5 beamq=39 I=0.0007460425121608023
beamp=6 beamq=39 I=0.0
beamp=7 beamq=39 I=0.001362323090833238
beamp=8 beamq=39 I=0.0024414261579158163
beamp=9 beamq=39 I=0.0012509565689555427
beamp=10 beamq=39 I=0.0016469955127144747
beamp=11 beamq=39 I=0.00017731010562419225
beamp=12 beamq=39 I=0.0
beamp=13 beamq=39 I=0.0004714068136843809
beamp=14 beamq=39 I=0.0009697615444583062
beamp=15 beamq=39 I=0.0005585054994522674
beamp=16 beamq=39 I=0.0008137616768757193
beamp=17 beamq=39 I=9.583116797382404e-5
beamp=18 beamq=39 I=0.0
beamp=19 beamq=39 I=0.0002972255845865936
beamp=20 beamq=39 I=0.0006541511100428508
beamp=21 beamq=39 I=0.00040139533026497447
beamp=22 beamq=39 I=0.0006209274116575089
beamp=23 beamq=39 I=7.74286375477459e-5
beamp=24 beamq=39 I=0.0
beamp=25 beamq=39 I=0.00026765369301284293
beamp=26 beamq=39 I=0.0006209146412829176
beamp=27 beamq=39 I=0.0004013953450943246
beamp=28 beamq=39 I=0.0006541675814613984
beamp=29 beamq=39 I=8.597801873412269e-5
beamp=30 beamq=39 I=0.0
beamp=31 beamq=39 I=0.00033130180589260443
beamp=32 beamq=39 I=0.0008137687882468567
beamp=33 beamq=39 I=0.0005585054214270566
beamp=34 beamq=39 I=0.0009696849397135494
beamp=35 beamq=39 I=0.00013637846112213016
beamp=36 beamq=39 I=0.0
beamp=37 beamq=39 I=0.0006130366983578469
beamp=38 beamq=39 I=0.001647010745819691
beamp=39 beamq=39 I=0.0012509562159285456
beamp=40 beamq=39 I=0.0024414471565980802
beamp=41 beamq=39 I=0.00039403684116827214
beamp=42 beamq=39 I=0.0
beamp=43 beamq=39 I=0.0025792986169271078
beamp=44 beamq=39 I=0.009111544950038778
beamp=45 beamq=39 I=0.010144922015678065
beamp=46 beamq=39 I=0.03582477964817375
beamp=47 beamq=39 I=0.018020334551146024
beamp=0 beamq=40 I=1.6145745590287623
beamp=1 beamq=40 I=0.42805711544870084
beamp=2 beamq=40 I=0.03582473273870757
beamp=3 beamq=40 I=0.06414601688482895
beamp=4 beamq=40 I=0.00911145615178566
beamp=5 beamq=40 I=0.04135014498804404
beamp=6 beamq=40 I=4.1064735524047136e-13
beamp=7 beamq=40 I=0.00936029288322182
beamp=8 beamq=40 I=0.0024414058719454163
beamp=9 beamq=40 I=0.007909701963501265
beamp=10 beamq=40 I=0.0016469803803134861
beamp=11 beamq=40 I=0.009827612153442099
beamp=12 beamq=40 I=5.4404542213874287e-14
beamp=13 beamq=40 I=0.0032393953047506474
beamp=14 beamq=40 I=0.0009697454045646773
beamp=15 beamq=40 I=0.003531374260445334
beamp=16 beamq=40 I=0.0008136551687668235
beamp=17 beamq=40 I=0.005311674057666813
beamp=18 beamq=40 I=4.81385764583564e-14
beamp=19 beamq=40 I=0.002042039680896792
beamp=20 beamq=40 I=0.0006541103720311937
beamp=21 beamq=40 I=0.0025379784667174297
beamp=22 beamq=40 I=0.0006209149399941054
beamp=23 beamq=40 I=0.004290911642878181
beamp=24 beamq=40 I=7.16614267926019e-14
beamp=25 beamq=40 I=0.0018388525692205047
beamp=26 beamq=40 I=0.0006209235225175127
beamp=27 beamq=40 I=0.0025379977810175937
beamp=28 beamq=40 I=0.0006541923824155915
beamp=29 beamq=40 I=0.004764796663809195
beamp=30 beamq=40 I=2.4136147363148136e-13
beamp=31 beamq=40 I=0.0022762645598549945
beamp=32 beamq=40 I=0.0008138882643272261
beamp=33 beamq=40 I=0.003531358672227755
beamp=34 beamq=40 I=0.0009696955158882155
beamp=35 beamq=40 I=0.007558503007920348
beamp=36 beamq=40 I=1.3693112037767757e-13
beamp=37 beamq=40 I=0.004211933401926301
beamp=38 beamq=40 I=0.001646968558218152
beamp=39 beamq=40 I=0.007909677877626453
beamp=40 beamq=40 I=0.002441317578699016
beamp=41 beamq=40 I=0.021840553515329597
beamp=42 beamq=40 I=4.909101192681249e-13
beamp=43 beamq=40 I=0.017721421499069544
beamp=44 beamq=40 I=0.009111474107890191
beamp=45 beamq=40 I=0.06414483584395461
beamp=46 beamq=40 I=0.03582478014390386
beamp=47 beamq=40 I=0.9987996728568558
beamp=0 beamq=41 I=0.25264390860828545
beamp=1 beamq=41 I=0.07362445268687326
beamp=2 beamq=41 I=0.035824796383910125
beamp=3 beamq=41 I=0.0405071724184078
beamp=4 beamq=41 I=0.00911139247110241
beamp=5 beamq=41 I=0.006711226498838594
beamp=6 beamq=41 I=1.0261503741633889e-13
beamp=7 beamq=41 I=0.001609942972503915
beamp=8 beamq=41 I=0.0024413769401163367
beamp=9 beamq=41 I=0.004994881875291103
beamp=10 beamq=41 I=0.0016470351433931461
beamp=11 beamq=41 I=0.001595011652196849
beamp=12 beamq=41 I=2.3871602033061674e-14
beamp=13 beamq=41 I=0.000557098007527724
beamp=14 beamq=41 I=0.0009697707082984112
beamp=15 beamq=41 I=0.0022300329288009475
beamp=16 beamq=41 I=0.0008135598557787451
beamp=17 beamq=41 I=0.0008621541941548456
beamp=18 beamq=41 I=7.089959406606874e-14
beamp=19 beamq=41 I=0.000351237533459654
beamp=20 beamq=41 I=0.0006541719016656376
beamp=21 beamq=41 I=0.00160271138133375
beamp=22 beamq=41 I=0.0006209382751490908
beamp=23 beamq=41 I=0.0006964224317394862
beamp=24 beamq=41 I=8.610372253155714e-14
beamp=25 beamq=41 I=0.00031631131926994815
beamp=26 beamq=41 I=0.0006209008955614023
beamp=27 beamq=41 I=0.0016027252843454692
beamp=28 beamq=41 I=0.0006541803202192126
beamp=29 beamq=41 I=0.0007732944078238236
beamp=30 beamq=41 I=4.834186436569743e-13
beamp=31 beamq=41 I=0.0003916302349010574
beamp=32 beamq=41 I=0.0008139464580811965
beamp=33 beamq=41 I=0.002230011773449214
beamp=34 beamq=41 I=0.0009697827794167021
beamp=35 beamq=41 I=0.001226739866424382
beamp=36 beamq=41 I=1.7299999685120118e-13
beamp=37 beamq=41 I=0.0007243777137159883
beamp=38 beamq=41 I=0.0016470026940497953
beamp=39 beamq=41 I=0.004994964391390941
beamp=40 beamq=41 I=0.0024413952744956526
beamp=41 beamq=41 I=0.0035449082081222072
beamp=42 beamq=41 I=2.137665406377424e-13
beamp=43 beamq=41 I=0.00304805892024951
beamp=44 beamq=41 I=0.009111519841898254
beamp=45 beamq=41 I=0.04050741761914625
beamp=46 beamq=41 I=0.035824859023474154
beamp=47 beamq=41 I=0.1621090105474678
beamp=0 beamq=42 I=2.2506876368529616
beamp=1 beamq=42 I=0.7127622221982174
beamp=2 beamq=42 I=0.03582488706284525
beamp=3 beamq=42 I=0.07300254720466964
beamp=4 beamq=42 I=0.009111443718431079
beamp=5 beamq=42 I=0.05279667149575547
beamp=6 beamq=42 I=0.0
beamp=7 beamq=42 I=0.015585876449774463
beamp=8 beamq=42 I=0.0024414213404172153
beamp=9 beamq=42 I=0.009001845036506868
beamp=10 beamq=42 I=0.0016469686154353517
beamp=11 beamq=42 I=0.012548085650922167
beamp=12 beamq=42 I=0.0
beamp=13 beamq=42 I=0.005394050432759314
beamp=14 beamq=42 I=0.0009698002087717937
beamp=15 beamq=42 I=0.004018987917653307
beamp=16 beamq=42 I=0.0008136957077612678
beamp=17 beamq=42 I=0.006781895524737416
beamp=18 beamq=42 I=0.0
beamp=19 beamq=42 I=0.0034000501648289395
beamp=20 beamq=42 I=0.0006541492154114363
beamp=21 beamq=42 I=0.0028884282448364577
beamp=22 beamq=42 I=0.0006209418911870292
beamp=23 beamq=42 I=0.005478565233362461
beamp=24 beamq=42 I=0.0
beamp=25 beamq=42 I=0.003062028721784905
beamp=26 beamq=42 I=0.0006208409935036091
beamp=27 beamq=42 I=0.0028884282786466463
beamp=28 beamq=42 I=0.0006541665108864755
beamp=29 beamq=42 I=0.006083807091304322
beamp=30 beamq=42 I=0.0
beamp=31 beamq=42 I=0.003790523227481016
beamp=32 beamq=42 I=0.0008137077085452621
beamp=33 beamq=42 I=0.00401898792528631
beamp=34 beamq=42 I=0.000969553612236354
beamp=35 beamq=42 I=0.009651065128537821
beamp=36 beamq=42 I=0.0
beamp=37 beamq=42 I=0.007013093671782566
beamp=38 beamq=42 I=0.0016471148886660694
beamp=39 beamq=42 I=0.009001844821297803
beamp=40 beamq=42 I=0.0024414791813558018
beamp=41 beamq=42 I=0.027886602137083206
beamp=42 beamq=42 I=0.0
beamp=43 beamq=42 I=0.029508150509923215
beamp=44 beamq=42 I=0.009111553429832882
beamp=45 beamq=42 I=0.07300254701563776
beamp=46 beamq=42 I=0.03582481473616923
beamp=47 beamq=42 I=1.2752906063136307
beamp=0 beamq=43 I=1.781180254409417
beamp=1 beamq=43 I=0.4900563598513489
beamp=2 beamq=43 I=0.0358249055466319
beamp=3 beamq=43 I=0.1302507583290337
beamp=4 beamq=43 I=0.009111463956094261
beamp=5 beamq=43 I=0.03899445805864956
beamp=6 beamq=43 I=5.881453455045907e-14
beamp=7 beamq=43 I=0.010715987127264136
beamp=8 beamq=43 I=0.0024414077845074347
beamp=9 beamq=43 I=0.016061042870121948
beamp=10 beamq=43 I=0.001646953307851561
beamp=11 beamq=43 I=0.009267802902331902
beamp=12 beamq=43 I=6.298961641633867e-14
beamp=13 beamq=43 I=0.0037085628469177134
beamp=14 beamq=43 I=0.0009697918853408081
beamp=15 beamq=43 I=0.00717068296556649
beamp=16 beamq=43 I=0.0008135705693940121
beamp=17 beamq=43 I=0.005008816174971925
beamp=18 beamq=43 I=5.2913583526344635e-14
beamp=19 beamq=43 I=0.0023377560289033804
beamp=20 beamq=43 I=0.0006541537694170399
beamp=21 beamq=43 I=0.005153530869447743
beamp=22 beamq=43 I=0.0006209840712225976
beamp=23 beamq=43 I=0.004046335353311649
beamp=24 beamq=43 I=1.2844181736711608e-14
beamp=25 beamq=43 I=0.0021052320911735733
beamp=26 beamq=43 I=0.0006209304040466535
beamp=27 beamq=43 I=0.005153587972056497
beamp=28 beamq=43 I=0.000654176166855426
beamp=29 beamq=43 I=0.0044932764590051594
beamp=30 beamq=43 I=3.5597826769651064e-13
beamp=31 beamq=43 I=0.002606067741213732
beamp=32 beamq=43 I=0.0008138712953692038
beamp=33 beamq=43 I=0.007170642140905412
beamp=34 beamq=43 I=0.0009696889070934736
beamp=35 beamq=43 I=0.007127994797032607
beamp=36 beamq=43 I=3.8480684206217603e-13
beamp=37 beamq=43 I=0.004821851051495625
beamp=38 beamq=43 I=0.0016469325228673946
beamp=39 beamq=43 I=0.016060965325537968
beamp=40 beamq=43 I=0.0024414104893035788
beamp=41 beamq=43 I=0.02059642096593825
beamp=42 beamq=43 I=1.0728921368228597e-13
beamp=43 beamq=43 I=0.0202881757954685
beamp=44 beamq=43 I=0.00911148343235968
beamp=45 beamq=43 I=0.13025044452399764
beamp=46 beamq=43 I=0.035824702924029735
beamp=47 beamq=43 I=0.9418980136480443
beamp=0 beamq=44 I=2.8114964770586455
beamp=1 beamq=44 I=1.0174634274206389
beamp=2 beamq=44 I=0.03582485663595486
beamp=3 beamq=44 I=0.07979833645832876
beamp=4 beamq=44 I=0.009111462783288268
beamp=5 beamq=44 I=0.060758217510289855
beamp=6 beamq=44 I=1.593704913408859e-14
beamp=7 beamq=44 I=0.022248783846776338
beamp=8 beamq=44 I=0.0024414318512574564
beamp=9 beamq=44 I=0.009839835416695416
beamp=10 beamq=44 I=0.001646990116113365
beamp=11 beamq=44 I=0.014440202292032005
beamp=12 beamq=44 I=2.228107744602544e-14
beamp=13 beamq=44 I=0.007699779011372356
beamp=14 beamq=44 I=0.0009697684381086369
beamp=15 beamq=44 I=0.004393130587443441
beamp=16 beamq=44 I=0.0008134296212590579
beamp=17 beamq=44 I=0.007804959677740824
beamp=18 beamq=44 I=2.2392388869067283e-14
beamp=19 beamq=44 I=0.004853558312438646
beamp=20 beamq=44 I=0.0006541477460062196
beamp=21 beamq=44 I=0.003157329450172934
beamp=22 beamq=44 I=0.0006209496550080426
beamp=23 beamq=44 I=0.006304857394622315
beamp=24 beamq=44 I=4.470526957881896e-15
beamp=25 beamq=44 I=0.004370930494586766
beamp=26 beamq=44 I=0.0006208963003317137
beamp=27 beamq=44 I=0.0031573551485410724
beamp=28 beamq=44 I=0.0006542143249083615
beamp=29 beamq=44 I=0.007001410408524127
beamp=30 beamq=44 I=1.693379233132693e-14
beamp=31 beamq=44 I=0.0054104408267839224
beamp=32 beamq=44 I=0.0008137939302086764
beamp=33 beamq=44 I=0.0043930770944096
beamp=34 beamq=44 I=0.0009696914529826104
beamp=35 beamq=44 I=0.011106066304070007
beamp=36 beamq=44 I=3.790732195733485e-14
beamp=37 beamq=44 I=0.010011522097201365
beamp=38 beamq=44 I=0.0016470835393660014
beamp=39 beamq=44 I=0.009839899290517574
beamp=40 beamq=44 I=0.0024414993763981563
beamp=41 beamq=44 I=0.032091767274365024
beamp=42 beamq=44 I=4.8416855015961005e-14
beamp=43 beamq=44 I=0.042122767904512096
beamp=44 beamq=44 I=0.009111585892560692
beamp=45 beamq=44 I=0.07979884117788628
beamp=46 beamq=44 I=0.03582441056253941
beamp=47 beamq=44 I=1.4675975364353573
beamp=0 beamq=45 I=9.07633376589294
beamp=1 beamq=45 I=3.0097147348089557
beamp=2 beamq=45 I=0.03582482668939576
beamp=3 beamq=45 I=0.4795198293985826
beamp=4 beamq=45 I=0.009111450800681008
beamp=5 beamq=45 I=0.17831731475194773
beamp=6 beamq=45 I=0.0
beamp=7 beamq=45 I=0.06581324200639402
beamp=8 beamq=45 I=0.0024413768994056883
beamp=9 beamq=45 I=0.05912893876230438
beamp=10 beamq=45 I=0.0016469164479302044
beamp=11 beamq=45 I=0.04238027665883046
beamp=12 beamq=45 I=0.0
beamp=13 beamq=45 I=0.02277675674521274
beamp=14 beamq=45 I=0.0009699675381855948
beamp=15 beamq=45 I=0.026398865364081654
beamp=16 beamq=45 I=0.0008133999560818433
beamp=17 beamq=45 I=0.022906234085154478
beamp=18 beamq=45 I=0.0
beamp=19 beamq=45 I=0.01435710914591896
beamp=20 beamq=45 I=0.0006541281343360689
beamp=21 beamq=45 I=0.018972744277705664
beamp=22 beamq=45 I=0.0006208828357104224
beamp=23 beamq=45 I=0.018503774864815775
beamp=24 beamq=45 I=0.0
beamp=25 beamq=45 I=0.01292949415143256
beamp=26 beamq=45 I=0.0006208429990718174
beamp=27 beamq=45 I=0.01897274346395248
beamp=28 beamq=45 I=0.0006542511994298977
beamp=29 beamq=45 I=0.02054679547704249
beamp=30 beamq=45 I=0.0
beamp=31 beamq=45 I=0.016005989745697717
beamp=32 beamq=45 I=0.0008137577530819787
beamp=33 beamq=45 I=0.026398865136610012
beamp=34 beamq=45 I=0.0009694769118212608
beamp=35 beamq=45 I=0.032595963300004326
beamp=36 beamq=45 I=0.0
beamp=37 beamq=45 I=0.02961334371215079
beamp=38 beamq=45 I=0.0016470626516687883
beamp=39 beamq=45 I=0.05912893865461283
beamp=40 beamq=45 I=0.002441456977849158
beamp=41 beamq=45 I=0.0941852588560646
beamp=42 beamq=45 I=0.0
beamp=43 beamq=45 I=0.12460059770344534
beamp=44 beamq=45 I=0.00911163201412249
beamp=45 beamq=45 I=0.4795198287046095
beamp=46 beamq=45 I=0.03582435611030275
beamp=47 beamq=45 I=4.3072226372494065
beamp=0 beamq=46 I=3.1963519454491314
beamp=1 beamq=46 I=1.2884803681127524
beamp=2 beamq=46 I=0.035824849143551114
beamp=3 beamq=46 I=0.08407033260769167
beamp=4 beamq=46 I=0.00911139700446113
beamp=5 beamq=46 I=0.06369491355974607
beamp=6 beamq=46 I=3.843135300736951e-15
beamp=7 beamq=46 I=0.028174739492858418
beamp=8 beamq=46 I=0.0024414010446515855
beamp=9 beamq=46 I=0.01036659815151969
beamp=10 beamq=46 I=0.0016469924192066554
beamp=11 beamq=46 I=0.015138267736620793
beamp=12 beamq=46 I=8.688073408850509e-16
beamp=13 beamq=46 I=0.009750116686385459
beamp=14 beamq=46 I=0.000969717936996276
beamp=15 beamq=46 I=0.004628285596840538
beamp=16 beamq=46 I=0.0008136458017717525
beamp=17 beamq=46 I=0.00818138958708408
beamp=18 beamq=46 I=2.2299870283681855e-14
beamp=19 beamq=46 I=0.006146638636527758
beamp=20 beamq=46 I=0.0006541789183289057
beamp=21 beamq=46 I=0.0033263098471039616
beamp=22 beamq=46 I=0.0006209523666859813
beamp=23 beamq=46 I=0.006609545607032004
beamp=24 beamq=46 I=1.8701764673926626e-14
beamp=25 beamq=46 I=0.005535326414813366
beamp=26 beamq=46 I=0.0006209286918950255
beamp=27 beamq=46 I=0.003326305648646503
beamp=28 beamq=46 I=0.0006541459218536162
beamp=29 beamq=46 I=0.007340153860480411
beamp=30 beamq=46 I=1.1572123467806783e-13
beamp=31 beamq=46 I=0.006851733840704619
beamp=32 beamq=46 I=0.0008135348453129877
beamp=33 beamq=46 I=0.004628220129286263
beamp=34 beamq=46 I=0.0009697423893270322
beamp=35 beamq=46 I=0.011642605390744413
beamp=36 beamq=46 I=6.144462832054682e-13
beamp=37 beamq=46 I=0.012677986547004994
beamp=38 beamq=46 I=0.0016470432308795442
beamp=39 beamq=46 I=0.010366489915824756
beamp=40 beamq=46 I=0.0024414743257508147
beamp=41 beamq=46 I=0.03364251831844174
beamp=42 beamq=46 I=4.362974102371334e-13
beamp=43 beamq=46 I=0.05334282446805784
beamp=44 beamq=46 I=0.009111662817956473
beamp=45 beamq=46 I=0.08406912375150599
beamp=46 beamq=46 I=0.035824700439483936
beamp=47 beamq=46 I=1.5385238265565175
beamp=0 beamq=47 I=106.07630142279028
beamp=1 beamq=47 I=40.56728844318057
beamp=2 beamq=47 I=0.035825052725119856
beamp=3 beamq=47 I=4.913459686497701
beamp=4 beamq=47 I=0.009111416191459564
beamp=5 beamq=47 I=1.8823062988802999
beamp=6 beamq=47 I=9.553266742493941e-15
beamp=7 beamq=47 I=0.8870777822711564
beamp=8 beamq=47 I=0.0024414114919056916
beamp=9 beamq=47 I=0.605871860243231
beamp=10 beamq=47 I=0.0016470184617805189
beamp=11 beamq=47 I=0.44736499255511863
beamp=12 beamq=47 I=3.8991524129820356e-14
beamp=13 beamq=47 I=0.30699039663479566
beamp=14 beamq=47 I=0.000969531470260133
beamp=15 beamq=47 I=0.2704993119037531
beamp=16 beamq=47 I=0.0008135204711272198
beamp=17 beamq=47 I=0.24178412381759942
beamp=18 beamq=47 I=1.151381146096327e-13
beamp=19 beamq=47 I=0.19352140185754602
beamp=20 beamq=47 I=0.0006540121394626458
beamp=21 beamq=47 I=0.19440681378625724
beamp=22 beamq=47 I=0.0006209403770541167
beamp=23 beamq=47 I=0.19532143223205128
beamp=24 beamq=47 I=4.947720474065183e-14
beamp=25 beamq=47 I=0.1742758062111413
beamp=26 beamq=47 I=0.0006209168861550877
beamp=27 beamq=47 I=0.19440690923132775
beamp=28 beamq=47 I=0.0006541918709739213
beamp=29 beamq=47 I=0.21690208656818316
beamp=30 beamq=47 I=2.819829150272716e-14
beamp=31 beamq=47 I=0.2157331295269454
beamp=32 beamq=47 I=0.0008132526245251698
beamp=33 beamq=47 I=0.27050021187071455
beamp=34 beamq=47 I=0.0009693521987788206
beamp=35 beamq=47 I=0.34406870142123186
beamp=36 beamq=47 I=1.2911902811408673e-12
beamp=37 beamq=47 I=0.3991577451188107
beamp=38 beamq=47 I=0.0016472003020482865
beamp=39 beamq=47 I=0.6058727912270676
beamp=40 beamq=47 I=0.0024415708908495865
beamp=41 beamq=47 I=0.9942098533583608
beamp=42 beamq=47 I=2.519866549218393e-14
beamp=43 beamq=47 I=1.6794738367507123
beamp=44 beamq=47 I=0.00911162593134434
beamp=45 beamq=47 I=4.913471553174329
beamp=46 beamq=47 I=0.03582448332104153
beamp=47 beamq=47 I=45.466532114037996
Copying data from CPU to GPU...
Running kernel...
Copying data back from GPU to CPU...
Done.
