[Choosing CUDA device...]
NVIDIA A40
[Creating frb kernel...]
[Done creating frb kernel]
CHORD FRB beamformer
Compiling kernel...
Allocating input data...
Setting up input data...
Tbarmin = 0
Tbarmax = 8160
Fbar_in_min = 0
Fbar_in_max = 48
Ttildemin = 0
Ttildemax = 42
Fbar_out_min = 0
Fbar_out_max = 48
num_threads = 32
num_warps = 24
num_blocks = 48
dish_grid = [(0, 0), (1, 0), (2, 0), (3, 0), (4, 0), (5, 0), (6, 0), (7, 0), (8, 0), (9, 0), (10, 0), (11, 0), (12, 0), (13, 0), (14, 0), (15, 0), (16, 0), (17, 0), (18, 0), (19, 0), (20, 0), (21, 0), (22, 0), (23, 0), (0, 1), (1, 1), (2, 1), (3, 1), (4, 1), (5, 1), (6, 1), (7, 1), (8, 1), (9, 1), (10, 1), (11, 1), (12, 1), (13, 1), (14, 1), (15, 1), (16, 1), (17, 1), (18, 1), (19, 1), (20, 1), (21, 1), (22, 1), (23, 1), (0, 2), (1, 2), (2, 2), (3, 2), (4, 2), (5, 2), (6, 2), (7, 2), (8, 2), (9, 2), (10, 2), (11, 2), (12, 2), (13, 2), (14, 2), (15, 2), (16, 2), (17, 2), (18, 2), (19, 2), (20, 2), (21, 2), (22, 2), (23, 2), (0, 3), (1, 3), (2, 3), (3, 3), (4, 3), (5, 3), (6, 3), (7, 3), (8, 3), (9, 3), (10, 3), (11, 3), (12, 3), (13, 3), (14, 3), (15, 3), (16, 3), (17, 3), (18, 3), (19, 3), (20, 3), (21, 3), (22, 3), (23, 3), (0, 4), (1, 4), (2, 4), (3, 4), (4, 4), (5, 4), (6, 4), (7, 4), (8, 4), (9, 4), (10, 4), (11, 4), (12, 4), (13, 4), (14, 4), (15, 4), (16, 4), (17, 4), (18, 4), (19, 4), (20, 4), (21, 4), (22, 4), (23, 4), (0, 5), (1, 5), (2, 5), (3, 5), (4, 5), (5, 5), (6, 5), (7, 5), (8, 5), (9, 5), (10, 5), (11, 5), (12, 5), (13, 5), (14, 5), (15, 5), (16, 5), (17, 5), (18, 5), (19, 5), (20, 5), (21, 5), (22, 5), (23, 5), (0, 6), (1, 6), (2, 6), (3, 6), (4, 6), (5, 6), (6, 6), (7, 6), (8, 6), (9, 6), (10, 6), (11, 6), (12, 6), (13, 6), (14, 6), (15, 6), (16, 6), (17, 6), (18, 6), (19, 6), (20, 6), (21, 6), (22, 6), (23, 6), (0, 7), (1, 7), (2, 7), (3, 7), (4, 7), (5, 7), (6, 7), (7, 7), (8, 7), (9, 7), (10, 7), (11, 7), (12, 7), (13, 7), (14, 7), (15, 7), (16, 7), (17, 7), (18, 7), (19, 7), (20, 7), (21, 7), (22, 7), (23, 7), (0, 8), (1, 8), (2, 8), (3, 8), (4, 8), (5, 8), (6, 8), (7, 8), (8, 8), (9, 8), (10, 8), (11, 8), (12, 8), (13, 8), (14, 8), (15, 8), (16, 8), (17, 8), (18, 8), (19, 8), (20, 8), (21, 8), (22, 8), (23, 8), (0, 9), (1, 9), (2, 9), (3, 9), (4, 9), (5, 9), (6, 9), (7, 9), (8, 9), (9, 9), (10, 9), (11, 9), (12, 9), (13, 9), (14, 9), (15, 9), (16, 9), (17, 9), (18, 9), (19, 9), (20, 9), (21, 9), (22, 9), (23, 9), (0, 10), (1, 10), (2, 10), (3, 10), (4, 10), (5, 10), (6, 10), (7, 10), (8, 10), (9, 10), (10, 10), (11, 10), (12, 10), (13, 10), (14, 10), (15, 10), (16, 10), (17, 10), (18, 10), (19, 10), (20, 10), (21, 10), (22, 10), (23, 10), (0, 11), (1, 11), (2, 11), (3, 11), (4, 11), (5, 11), (6, 11), (7, 11), (8, 11), (9, 11), (10, 11), (11, 11), (12, 11), (13, 11), (14, 11), (15, 11), (16, 11), (17, 11), (18, 11), (19, 11), (20, 11), (21, 11), (22, 11), (23, 11), (0, 12), (1, 12), (2, 12), (3, 12), (4, 12), (5, 12), (6, 12), (7, 12), (8, 12), (9, 12), (10, 12), (11, 12), (12, 12), (13, 12), (14, 12), (15, 12), (16, 12), (17, 12), (18, 12), (19, 12), (20, 12), (21, 12), (22, 12), (23, 12), (0, 13), (1, 13), (2, 13), (3, 13), (4, 13), (5, 13), (6, 13), (7, 13), (8, 13), (9, 13), (10, 13), (11, 13), (12, 13), (13, 13), (14, 13), (15, 13), (16, 13), (17, 13), (18, 13), (19, 13), (20, 13), (21, 13), (22, 13), (23, 13), (0, 14), (1, 14), (2, 14), (3, 14), (4, 14), (5, 14), (6, 14), (7, 14), (8, 14), (9, 14), (10, 14), (11, 14), (12, 14), (13, 14), (14, 14), (15, 14), (16, 14), (17, 14), (18, 14), (19, 14), (20, 14), (21, 14), (22, 14), (23, 14), (0, 15), (1, 15), (2, 15), (3, 15), (4, 15), (5, 15), (6, 15), (7, 15), (8, 15), (9, 15), (10, 15), (11, 15), (12, 15), (13, 15), (14, 15), (15, 15), (16, 15), (17, 15), (18, 15), (19, 15), (20, 15), (21, 15), (22, 15), (23, 15), (0, 16), (1, 16), (2, 16), (3, 16), (4, 16), (5, 16), (6, 16), (7, 16), (8, 16), (9, 16), (10, 16), (11, 16), (12, 16), (13, 16), (14, 16), (15, 16), (16, 16), (17, 16), (18, 16), (19, 16), (20, 16), (21, 16), (22, 16), (23, 16), (0, 17), (1, 17), (2, 17), (3, 17), (4, 17), (5, 17), (6, 17), (7, 17), (8, 17), (9, 17), (10, 17), (11, 17), (12, 17), (13, 17), (14, 17), (15, 17), (16, 17), (17, 17), (18, 17), (19, 17), (20, 17), (21, 17), (22, 17), (23, 17), (0, 18), (1, 18), (2, 18), (3, 18), (4, 18), (5, 18), (6, 18), (7, 18), (8, 18), (9, 18), (10, 18), (11, 18), (12, 18), (13, 18), (14, 18), (15, 18), (16, 18), (17, 18), (18, 18), (19, 18), (20, 18), (21, 18), (22, 18), (23, 18), (0, 19), (1, 19), (2, 19), (3, 19), (4, 19), (5, 19), (6, 19), (7, 19), (8, 19), (9, 19), (10, 19), (11, 19), (12, 19), (13, 19), (14, 19), (15, 19), (16, 19), (17, 19), (18, 19), (19, 19), (20, 19), (21, 19), (22, 19), (23, 19), (0, 20), (1, 20), (2, 20), (3, 20), (4, 20), (5, 20), (6, 20), (7, 20), (8, 20), (9, 20), (10, 20), (11, 20), (12, 20), (13, 20), (14, 20), (15, 20), (16, 20), (17, 20), (18, 20), (19, 20), (20, 20), (21, 20), (22, 20), (23, 20), (0, 21), (1, 21), (2, 21), (3, 21), (4, 21), (5, 21), (6, 21), (7, 21), (8, 21), (9, 21), (10, 21), (11, 21), (12, 21), (13, 21), (14, 21), (15, 21), (16, 21), (17, 21), (18, 21), (19, 21), (20, 21), (21, 21), (22, 21), (23, 21), (0, 22), (1, 22), (2, 22), (3, 22), (4, 22), (5, 22), (6, 22), (7, 22), (8, 22), (9, 22), (10, 22), (11, 22), (12, 22), (13, 22), (14, 22), (15, 22), (16, 22), (17, 22), (18, 22), (19, 22), (20, 22), (21, 22), (22, 22), (23, 22), (0, 23), (1, 23), (2, 23), (3, 23), (4, 23), (5, 23), (6, 23), (7, 23), (8, 23), (9, 23), (10, 23), (11, 23), (12, 23), (13, 23), (14, 23), (15, 23), (16, 23), (17, 23), (18, 23), (19, 23), (20, 23), (21, 23), (22, 23), (23, 23)]
freq = 19
polr = 0
time = 28250
Fvalue = -1.1594405f0 - 1.8685707f0im
Evalue = -1 - 2im
dish=0 E=Int4x8(6, 7, -8, -8, -8, -8, -8, -8)
dish=1 E=Int4x8(6, 7, 6, 7, -8, -8, -8, -8)
dish=2 E=Int4x8(6, 7, 6, 7, 6, 7, -8, -8)
dish=3 E=Int4x8(6, 7, 6, 7, 6, 7, 6, 7)
dish=4 E=Int4x8(6, 7, -8, -8, -8, -8, -8, -8)
dish=5 E=Int4x8(6, 7, 6, 7, -8, -8, -8, -8)
dish=6 E=Int4x8(6, 7, 6, 7, 6, 7, -8, -8)
dish=7 E=Int4x8(6, 7, 6, 7, 6, 7, 6, 7)
dish=8 E=Int4x8(6, 7, -8, -8, -8, -8, -8, -8)
dish=9 E=Int4x8(6, 7, 6, 7, -8, -8, -8, -8)
dish=10 E=Int4x8(6, 7, 6, 7, 6, 7, -8, -8)
dish=11 E=Int4x8(6, 7, 6, 7, 6, 7, 6, 7)
dish=12 E=Int4x8(6, 7, -8, -8, -8, -8, -8, -8)
dish=13 E=Int4x8(6, 7, 6, 7, -8, -8, -8, -8)
dish=14 E=Int4x8(6, 7, 6, 7, 6, 7, -8, -8)
dish=15 E=Int4x8(6, 7, 6, 7, 6, 7, 6, 7)
dish=16 E=Int4x8(6, 7, -8, -8, -8, -8, -8, -8)
dish=17 E=Int4x8(6, 7, 6, 7, -8, -8, -8, -8)
dish=18 E=Int4x8(6, 7, 6, 7, 6, 7, -8, -8)
dish=19 E=Int4x8(6, 7, 6, 7, 6, 7, 6, 7)
dish=20 E=Int4x8(6, 7, -8, -8, -8, -8, -8, -8)
dish=21 E=Int4x8(6, 7, 6, 7, -8, -8, -8, -8)
dish=22 E=Int4x8(6, 7, 6, 7, 6, 7, -8, -8)
dish=23 E=Int4x8(6, 7, 6, 7, 6, 7, 6, 7)
dish=24 E=Int4x8(6, 7, -8, -8, -8, -8, -8, -8)
dish=25 E=Int4x8(6, 7, 6, 7, -8, -8, -8, -8)
dish=26 E=Int4x8(6, 7, 6, 7, 6, 7, -8, -8)
dish=27 E=Int4x8(6, 7, 6, 7, 6, 7, 6, 7)
dish=28 E=Int4x8(6, 7, -8, -8, -8, -8, -8, -8)
dish=29 E=Int4x8(6, 7, 6, 7, -8, -8, -8, -8)
dish=30 E=Int4x8(6, 7, 6, 7, 6, 7, -8, -8)
dish=31 E=Int4x8(6, 7, 6, 7, 6, 7, 6, 7)
dish=32 E=Int4x8(6, 7, -8, -8, -8, -8, -8, -8)
dish=33 E=Int4x8(6, 7, 6, 7, -8, -8, -8, -8)
dish=34 E=Int4x8(6, 7, 6, 7, 6, 7, -8, -8)
dish=35 E=Int4x8(6, 7, 6, 7, 6, 7, 6, 7)
dish=36 E=Int4x8(6, 7, -8, -8, -8, -8, -8, -8)
dish=37 E=Int4x8(6, 7, 6, 7, -8, -8, -8, -8)
dish=38 E=Int4x8(6, 7, 6, 7, 6, 7, -8, -8)
dish=39 E=Int4x8(6, 7, 6, 7, 6, 7, 6, 7)
dish=40 E=Int4x8(6, 7, -8, -8, -8, -8, -8, -8)
dish=41 E=Int4x8(6, 7, 6, 7, -8, -8, -8, -8)
dish=42 E=Int4x8(6, 7, 6, 7, 6, 7, -8, -8)
dish=43 E=Int4x8(6, 7, 6, 7, 6, 7, 6, 7)
dish=44 E=Int4x8(6, 7, -8, -8, -8, -8, -8, -8)
dish=45 E=Int4x8(6, 7, 6, 7, -8, -8, -8, -8)
dish=46 E=Int4x8(6, 7, 6, 7, 6, 7, -8, -8)
dish=47 E=Int4x8(6, 7, 6, 7, 6, 7, 6, 7)
dish=48 E=Int4x8(6, 7, -8, -8, -8, -8, -8, -8)
dish=49 E=Int4x8(6, 7, 6, 7, -8, -8, -8, -8)
dish=50 E=Int4x8(6, 7, 6, 7, 6, 7, -8, -8)
dish=51 E=Int4x8(6, 7, 6, 7, 6, 7, 6, 7)
dish=52 E=Int4x8(6, 7, -8, -8, -8, -8, -8, -8)
dish=53 E=Int4x8(6, 7, 6, 7, -8, -8, -8, -8)
dish=54 E=Int4x8(6, 7, 6, 7, 6, 7, -8, -8)
dish=55 E=Int4x8(6, 7, 6, 7, 6, 7, 6, 7)
dish=56 E=Int4x8(6, 7, -8, -8, -8, -8, -8, -8)
dish=57 E=Int4x8(6, 7, 6, 7, -8, -8, -8, -8)
dish=58 E=Int4x8(6, 7, 6, 7, 6, 7, -8, -8)
dish=59 E=Int4x8(6, 7, 6, 7, 6, 7, 6, 7)
dish=60 E=Int4x8(6, 7, -8, -8, -8, -8, -8, -8)
dish=61 E=Int4x8(6, 7, 6, 7, -8, -8, -8, -8)
dish=62 E=Int4x8(6, 7, 6, 7, 6, 7, -8, -8)
dish=63 E=Int4x8(6, 7, 6, 7, 6, 7, 6, 7)
dish=64 E=Int4x8(6, 7, -8, -8, -8, -8, -8, -8)
dish=65 E=Int4x8(6, 7, 6, 7, -8, -8, -8, -8)
dish=66 E=Int4x8(6, 7, 6, 7, 6, 7, -8, -8)
dish=67 E=Int4x8(6, 7, 6, 7, 6, 7, 6, 7)
dish=68 E=Int4x8(6, 7, -8, -8, -8, -8, -8, -8)
dish=69 E=Int4x8(6, 7, 6, 7, -8, -8, -8, -8)
dish=70 E=Int4x8(6, 7, 6, 7, 6, 7, -8, -8)
dish=71 E=Int4x8(6, 7, 6, 7, 6, 7, 6, 7)
dish=72 E=Int4x8(6, 7, -8, -8, -8, -8, -8, -8)
dish=73 E=Int4x8(6, 7, 6, 7, -8, -8, -8, -8)
dish=74 E=Int4x8(6, 7, 6, 7, 6, 7, -8, -8)
dish=75 E=Int4x8(6, 7, 6, 7, 6, 7, 6, 7)
dish=76 E=Int4x8(6, 7, -8, -8, -8, -8, -8, -8)
dish=77 E=Int4x8(6, 7, 6, 7, -8, -8, -8, -8)
dish=78 E=Int4x8(6, 7, 6, 7, 6, 7, -8, -8)
dish=79 E=Int4x8(6, 7, 6, 7, 6, 7, 6, 7)
dish=80 E=Int4x8(6, 7, -8, -8, -8, -8, -8, -8)
dish=81 E=Int4x8(6, 7, 6, 7, -8, -8, -8, -8)
dish=82 E=Int4x8(6, 7, 6, 7, 6, 7, -8, -8)
dish=83 E=Int4x8(6, 7, 6, 7, 6, 7, 6, 7)
dish=84 E=Int4x8(6, 7, -8, -8, -8, -8, -8, -8)
dish=85 E=Int4x8(6, 7, 6, 7, -8, -8, -8, -8)
dish=86 E=Int4x8(6, 7, 6, 7, 6, 7, -8, -8)
dish=87 E=Int4x8(6, 7, 6, 7, 6, 7, 6, 7)
dish=88 E=Int4x8(6, 7, -8, -8, -8, -8, -8, -8)
dish=89 E=Int4x8(6, 7, 6, 7, -8, -8, -8, -8)
dish=90 E=Int4x8(6, 7, 6, 7, 6, 7, -8, -8)
dish=91 E=Int4x8(6, 7, 6, 7, 6, 7, 6, 7)
dish=92 E=Int4x8(6, 7, -8, -8, -8, -8, -8, -8)
dish=93 E=Int4x8(6, 7, 6, 7, -8, -8, -8, -8)
dish=94 E=Int4x8(6, 7, 6, 7, 6, 7, -8, -8)
dish=95 E=Int4x8(6, 7, 6, 7, 6, 7, 6, 7)
dish=96 E=Int4x8(6, 7, -8, -8, -8, -8, -8, -8)
dish=97 E=Int4x8(6, 7, 6, 7, -8, -8, -8, -8)
dish=98 E=Int4x8(6, 7, 6, 7, 6, 7, -8, -8)
dish=99 E=Int4x8(6, 7, 6, 7, 6, 7, 6, 7)
dish=100 E=Int4x8(6, 7, -8, -8, -8, -8, -8, -8)
dish=101 E=Int4x8(6, 7, 6, 7, -8, -8, -8, -8)
dish=102 E=Int4x8(6, 7, 6, 7, 6, 7, -8, -8)
dish=103 E=Int4x8(6, 7, 6, 7, 6, 7, 6, 7)
dish=104 E=Int4x8(6, 7, -8, -8, -8, -8, -8, -8)
dish=105 E=Int4x8(6, 7, 6, 7, -8, -8, -8, -8)
dish=106 E=Int4x8(6, 7, 6, 7, 6, 7, -8, -8)
dish=107 E=Int4x8(6, 7, 6, 7, 6, 7, 6, 7)
dish=108 E=Int4x8(6, 7, -8, -8, -8, -8, -8, -8)
dish=109 E=Int4x8(6, 7, 6, 7, -8, -8, -8, -8)
dish=110 E=Int4x8(6, 7, 6, 7, 6, 7, -8, -8)
dish=111 E=Int4x8(6, 7, 6, 7, 6, 7, 6, 7)
dish=112 E=Int4x8(6, 7, -8, -8, -8, -8, -8, -8)
dish=113 E=Int4x8(6, 7, 6, 7, -8, -8, -8, -8)
dish=114 E=Int4x8(6, 7, 6, 7, 6, 7, -8, -8)
dish=115 E=Int4x8(6, 7, 6, 7, 6, 7, 6, 7)
dish=116 E=Int4x8(6, 7, -8, -8, -8, -8, -8, -8)
dish=117 E=Int4x8(6, 7, 6, 7, -8, -8, -8, -8)
dish=118 E=Int4x8(6, 7, 6, 7, 6, 7, -8, -8)
dish=119 E=Int4x8(6, 7, 6, 7, 6, 7, 6, 7)
dish=120 E=Int4x8(6, 7, -8, -8, -8, -8, -8, -8)
dish=121 E=Int4x8(6, 7, 6, 7, -8, -8, -8, -8)
dish=122 E=Int4x8(6, 7, 6, 7, 6, 7, -8, -8)
dish=123 E=Int4x8(6, 7, 6, 7, 6, 7, 6, 7)
dish=124 E=Int4x8(6, 7, -8, -8, -8, -8, -8, -8)
dish=125 E=Int4x8(6, 7, 6, 7, -8, -8, -8, -8)
dish=126 E=Int4x8(6, 7, 6, 7, 6, 7, -8, -8)
dish=127 E=Int4x8(6, 7, 6, 7, 6, 7, 6, 7)
dish=128 E=Int4x8(6, 7, -8, -8, -8, -8, -8, -8)
dish=129 E=Int4x8(6, 7, 6, 7, -8, -8, -8, -8)
dish=130 E=Int4x8(6, 7, 6, 7, 6, 7, -8, -8)
dish=131 E=Int4x8(6, 7, 6, 7, 6, 7, 6, 7)
dish=132 E=Int4x8(6, 7, -8, -8, -8, -8, -8, -8)
dish=133 E=Int4x8(6, 7, 6, 7, -8, -8, -8, -8)
dish=134 E=Int4x8(6, 7, 6, 7, 6, 7, -8, -8)
dish=135 E=Int4x8(6, 7, 6, 7, 6, 7, 6, 7)
dish=136 E=Int4x8(6, 7, -8, -8, -8, -8, -8, -8)
dish=137 E=Int4x8(6, 7, 6, 7, -8, -8, -8, -8)
dish=138 E=Int4x8(6, 7, 6, 7, 6, 7, -8, -8)
dish=139 E=Int4x8(6, 7, 6, 7, 6, 7, 6, 7)
dish=140 E=Int4x8(6, 7, -8, -8, -8, -8, -8, -8)
dish=141 E=Int4x8(6, 7, 6, 7, -8, -8, -8, -8)
dish=142 E=Int4x8(6, 7, 6, 7, 6, 7, -8, -8)
dish=143 E=Int4x8(6, 7, 6, 7, 6, 7, 6, 7)
dish=144 E=Int4x8(6, 7, -8, -8, -8, -8, -8, -8)
dish=145 E=Int4x8(6, 7, 6, 7, -8, -8, -8, -8)
dish=146 E=Int4x8(6, 7, 6, 7, 6, 7, -8, -8)
dish=147 E=Int4x8(6, 7, 6, 7, 6, 7, 6, 7)
dish=148 E=Int4x8(6, 7, -8, -8, -8, -8, -8, -8)
dish=149 E=Int4x8(6, 7, 6, 7, -8, -8, -8, -8)
dish=150 E=Int4x8(6, 7, 6, 7, 6, 7, -8, -8)
dish=151 E=Int4x8(6, 7, 6, 7, 6, 7, 6, 7)
dish=152 E=Int4x8(6, 7, -8, -8, -8, -8, -8, -8)
dish=153 E=Int4x8(6, 7, 6, 7, -8, -8, -8, -8)
dish=154 E=Int4x8(6, 7, 6, 7, 6, 7, -8, -8)
dish=155 E=Int4x8(6, 7, 6, 7, 6, 7, 6, 7)
dish=156 E=Int4x8(6, 7, -8, -8, -8, -8, -8, -8)
dish=157 E=Int4x8(6, 7, 6, 7, -8, -8, -8, -8)
dish=158 E=Int4x8(6, 7, 6, 7, 6, 7, -8, -8)
dish=159 E=Int4x8(6, 7, 6, 7, 6, 7, 6, 7)
dish=160 E=Int4x8(6, 7, -8, -8, -8, -8, -8, -8)
dish=161 E=Int4x8(6, 7, 6, 7, -8, -8, -8, -8)
dish=162 E=Int4x8(6, 7, 6, 7, 6, 7, -8, -8)
dish=163 E=Int4x8(6, 7, 6, 7, 6, 7, 6, 7)
dish=164 E=Int4x8(6, 7, -8, -8, -8, -8, -8, -8)
dish=165 E=Int4x8(6, 7, 6, 7, -8, -8, -8, -8)
dish=166 E=Int4x8(6, 7, 6, 7, 6, 7, -8, -8)
dish=167 E=Int4x8(6, 7, 6, 7, 6, 7, 6, 7)
dish=168 E=Int4x8(6, 7, -8, -8, -8, -8, -8, -8)
dish=169 E=Int4x8(6, 7, 6, 7, -8, -8, -8, -8)
dish=170 E=Int4x8(6, 7, 6, 7, 6, 7, -8, -8)
dish=171 E=Int4x8(6, 7, 6, 7, 6, 7, 6, 7)
dish=172 E=Int4x8(6, 7, -8, -8, -8, -8, -8, -8)
dish=173 E=Int4x8(6, 7, 6, 7, -8, -8, -8, -8)
dish=174 E=Int4x8(6, 7, 6, 7, 6, 7, -8, -8)
dish=175 E=Int4x8(6, 7, 6, 7, 6, 7, 6, 7)
dish=176 E=Int4x8(6, 7, -8, -8, -8, -8, -8, -8)
dish=177 E=Int4x8(6, 7, 6, 7, -8, -8, -8, -8)
dish=178 E=Int4x8(6, 7, 6, 7, 6, 7, -8, -8)
dish=179 E=Int4x8(6, 7, 6, 7, 6, 7, 6, 7)
dish=180 E=Int4x8(6, 7, -8, -8, -8, -8, -8, -8)
dish=181 E=Int4x8(6, 7, 6, 7, -8, -8, -8, -8)
dish=182 E=Int4x8(6, 7, 6, 7, 6, 7, -8, -8)
dish=183 E=Int4x8(6, 7, 6, 7, 6, 7, 6, 7)
dish=184 E=Int4x8(6, 7, -8, -8, -8, -8, -8, -8)
dish=185 E=Int4x8(6, 7, 6, 7, -8, -8, -8, -8)
dish=186 E=Int4x8(6, 7, 6, 7, 6, 7, -8, -8)
dish=187 E=Int4x8(6, 7, 6, 7, 6, 7, 6, 7)
dish=188 E=Int4x8(6, 7, -8, -8, -8, -8, -8, -8)
dish=189 E=Int4x8(6, 7, 6, 7, -8, -8, -8, -8)
dish=190 E=Int4x8(6, 7, 6, 7, 6, 7, -8, -8)
dish=191 E=Int4x8(6, 7, 6, 7, 6, 7, 6, 7)
dish=192 E=Int4x8(6, 7, -8, -8, -8, -8, -8, -8)
dish=193 E=Int4x8(6, 7, 6, 7, -8, -8, -8, -8)
dish=194 E=Int4x8(6, 7, 6, 7, 6, 7, -8, -8)
dish=195 E=Int4x8(6, 7, 6, 7, 6, 7, 6, 7)
dish=196 E=Int4x8(6, 7, -8, -8, -8, -8, -8, -8)
dish=197 E=Int4x8(6, 7, 6, 7, -8, -8, -8, -8)
dish=198 E=Int4x8(6, 7, 6, 7, 6, 7, -8, -8)
dish=199 E=Int4x8(6, 7, 6, 7, 6, 7, 6, 7)
dish=200 E=Int4x8(6, 7, -8, -8, -8, -8, -8, -8)
dish=201 E=Int4x8(6, 7, 6, 7, -8, -8, -8, -8)
dish=202 E=Int4x8(6, 7, 6, 7, 6, 7, -8, -8)
dish=203 E=Int4x8(6, 7, 6, 7, 6, 7, 6, 7)
dish=204 E=Int4x8(6, 7, -8, -8, -8, -8, -8, -8)
dish=205 E=Int4x8(6, 7, 6, 7, -8, -8, -8, -8)
dish=206 E=Int4x8(6, 7, 6, 7, 6, 7, -8, -8)
dish=207 E=Int4x8(6, 7, 6, 7, 6, 7, 6, 7)
dish=208 E=Int4x8(6, 7, -8, -8, -8, -8, -8, -8)
dish=209 E=Int4x8(6, 7, 6, 7, -8, -8, -8, -8)
dish=210 E=Int4x8(6, 7, 6, 7, 6, 7, -8, -8)
dish=211 E=Int4x8(6, 7, 6, 7, 6, 7, 6, 7)
dish=212 E=Int4x8(6, 7, -8, -8, -8, -8, -8, -8)
dish=213 E=Int4x8(6, 7, 6, 7, -8, -8, -8, -8)
dish=214 E=Int4x8(6, 7, 6, 7, 6, 7, -8, -8)
dish=215 E=Int4x8(6, 7, 6, 7, 6, 7, 6, 7)
dish=216 E=Int4x8(6, 7, -8, -8, -8, -8, -8, -8)
dish=217 E=Int4x8(6, 7, 6, 7, -8, -8, -8, -8)
dish=218 E=Int4x8(6, 7, 6, 7, 6, 7, -8, -8)
dish=219 E=Int4x8(6, 7, 6, 7, 6, 7, 6, 7)
dish=220 E=Int4x8(6, 7, -8, -8, -8, -8, -8, -8)
dish=221 E=Int4x8(6, 7, 6, 7, -8, -8, -8, -8)
dish=222 E=Int4x8(6, 7, 6, 7, 6, 7, -8, -8)
dish=223 E=Int4x8(6, 7, 6, 7, 6, 7, 6, 7)
dish=224 E=Int4x8(6, 7, -8, -8, -8, -8, -8, -8)
dish=225 E=Int4x8(6, 7, 6, 7, -8, -8, -8, -8)
dish=226 E=Int4x8(6, 7, 6, 7, 6, 7, -8, -8)
dish=227 E=Int4x8(6, 7, 6, 7, 6, 7, 6, 7)
dish=228 E=Int4x8(6, 7, -8, -8, -8, -8, -8, -8)
dish=229 E=Int4x8(6, 7, 6, 7, -8, -8, -8, -8)
dish=230 E=Int4x8(6, 7, 6, 7, 6, 7, -8, -8)
dish=231 E=Int4x8(6, 7, 6, 7, 6, 7, 6, 7)
dish=232 E=Int4x8(6, 7, -8, -8, -8, -8, -8, -8)
dish=233 E=Int4x8(6, 7, 6, 7, -8, -8, -8, -8)
dish=234 E=Int4x8(6, 7, 6, 7, 6, 7, -8, -8)
dish=235 E=Int4x8(6, 7, 6, 7, 6, 7, 6, 7)
dish=236 E=Int4x8(6, 7, -8, -8, -8, -8, -8, -8)
dish=237 E=Int4x8(6, 7, 6, 7, -8, -8, -8, -8)
dish=238 E=Int4x8(6, 7, 6, 7, 6, 7, -8, -8)
dish=239 E=Int4x8(6, 7, 6, 7, 6, 7, 6, 7)
dish=240 E=Int4x8(6, 7, -8, -8, -8, -8, -8, -8)
dish=241 E=Int4x8(6, 7, 6, 7, -8, -8, -8, -8)
dish=242 E=Int4x8(6, 7, 6, 7, 6, 7, -8, -8)
dish=243 E=Int4x8(6, 7, 6, 7, 6, 7, 6, 7)
dish=244 E=Int4x8(6, 7, -8, -8, -8, -8, -8, -8)
dish=245 E=Int4x8(6, 7, 6, 7, -8, -8, -8, -8)
dish=246 E=Int4x8(6, 7, 6, 7, 6, 7, -8, -8)
dish=247 E=Int4x8(6, 7, 6, 7, 6, 7, 6, 7)
dish=248 E=Int4x8(6, 7, -8, -8, -8, -8, -8, -8)
dish=249 E=Int4x8(6, 7, 6, 7, -8, -8, -8, -8)
dish=250 E=Int4x8(6, 7, 6, 7, 6, 7, -8, -8)
dish=251 E=Int4x8(6, 7, 6, 7, 6, 7, 6, 7)
dish=252 E=Int4x8(6, 7, -8, -8, -8, -8, -8, -8)
dish=253 E=Int4x8(6, 7, 6, 7, -8, -8, -8, -8)
dish=254 E=Int4x8(6, 7, 6, 7, 6, 7, -8, -8)
dish=255 E=Int4x8(6, 7, 6, 7, 6, 7, 6, 7)
dish=256 E=Int4x8(6, 7, -8, -8, -8, -8, -8, -8)
dish=257 E=Int4x8(6, 7, 6, 7, -8, -8, -8, -8)
dish=258 E=Int4x8(6, 7, 6, 7, 6, 7, -8, -8)
dish=259 E=Int4x8(6, 7, 6, 7, 6, 7, 6, 7)
dish=260 E=Int4x8(6, 7, -8, -8, -8, -8, -8, -8)
dish=261 E=Int4x8(6, 7, 6, 7, -8, -8, -8, -8)
dish=262 E=Int4x8(6, 7, 6, 7, 6, 7, -8, -8)
dish=263 E=Int4x8(6, 7, 6, 7, 6, 7, 6, 7)
dish=264 E=Int4x8(6, 7, -8, -8, -8, -8, -8, -8)
dish=265 E=Int4x8(6, 7, 6, 7, -8, -8, -8, -8)
dish=266 E=Int4x8(6, 7, 6, 7, 6, 7, -8, -8)
dish=267 E=Int4x8(6, 7, 6, 7, 6, 7, 6, 7)
dish=268 E=Int4x8(6, 7, -8, -8, -8, -8, -8, -8)
dish=269 E=Int4x8(6, 7, 6, 7, -8, -8, -8, -8)
dish=270 E=Int4x8(6, 7, 6, 7, 6, 7, -8, -8)
dish=271 E=Int4x8(6, 7, 6, 7, 6, 7, 6, 7)
dish=272 E=Int4x8(6, 7, -8, -8, -8, -8, -8, -8)
dish=273 E=Int4x8(6, 7, 6, 7, -8, -8, -8, -8)
dish=274 E=Int4x8(6, 7, 6, 7, 6, 7, -8, -8)
dish=275 E=Int4x8(6, 7, 6, 7, 6, 7, 6, 7)
dish=276 E=Int4x8(6, 7, -8, -8, -8, -8, -8, -8)
dish=277 E=Int4x8(6, 7, 6, 7, -8, -8, -8, -8)
dish=278 E=Int4x8(6, 7, 6, 7, 6, 7, -8, -8)
dish=279 E=Int4x8(6, 7, 6, 7, 6, 7, 6, 7)
dish=280 E=Int4x8(6, 7, -8, -8, -8, -8, -8, -8)
dish=281 E=Int4x8(6, 7, 6, 7, -8, -8, -8, -8)
dish=282 E=Int4x8(6, 7, 6, 7, 6, 7, -8, -8)
dish=283 E=Int4x8(6, 7, 6, 7, 6, 7, 6, 7)
dish=284 E=Int4x8(6, 7, -8, -8, -8, -8, -8, -8)
dish=285 E=Int4x8(6, 7, 6, 7, -8, -8, -8, -8)
dish=286 E=Int4x8(6, 7, 6, 7, 6, 7, -8, -8)
dish=287 E=Int4x8(6, 7, 6, 7, 6, 7, 6, 7)
dish=288 E=Int4x8(6, 7, -8, -8, -8, -8, -8, -8)
dish=289 E=Int4x8(6, 7, 6, 7, -8, -8, -8, -8)
dish=290 E=Int4x8(6, 7, 6, 7, 6, 7, -8, -8)
dish=291 E=Int4x8(6, 7, 6, 7, 6, 7, 6, 7)
dish=292 E=Int4x8(6, 7, -8, -8, -8, -8, -8, -8)
dish=293 E=Int4x8(6, 7, 6, 7, -8, -8, -8, -8)
dish=294 E=Int4x8(6, 7, 6, 7, 6, 7, -8, -8)
dish=295 E=Int4x8(6, 7, 6, 7, 6, 7, 6, 7)
dish=296 E=Int4x8(6, 7, -8, -8, -8, -8, -8, -8)
dish=297 E=Int4x8(6, 7, 6, 7, -8, -8, -8, -8)
dish=298 E=Int4x8(6, 7, 6, 7, 6, 7, -8, -8)
dish=299 E=Int4x8(6, 7, 6, 7, 6, 7, 6, 7)
dish=300 E=Int4x8(6, 7, -8, -8, -8, -8, -8, -8)
dish=301 E=Int4x8(6, 7, 6, 7, -8, -8, -8, -8)
dish=302 E=Int4x8(6, 7, 6, 7, 6, 7, -8, -8)
dish=303 E=Int4x8(6, 7, 6, 7, 6, 7, 6, 7)
dish=304 E=Int4x8(6, 7, -8, -8, -8, -8, -8, -8)
dish=305 E=Int4x8(6, 7, 6, 7, -8, -8, -8, -8)
dish=306 E=Int4x8(6, 7, 6, 7, 6, 7, -8, -8)
dish=307 E=Int4x8(6, 7, 6, 7, 6, 7, 6, 7)
dish=308 E=Int4x8(6, 7, -8, -8, -8, -8, -8, -8)
dish=309 E=Int4x8(6, 7, 6, 7, -8, -8, -8, -8)
dish=310 E=Int4x8(6, 7, 6, 7, 6, 7, -8, -8)
dish=311 E=Int4x8(6, 7, 6, 7, 6, 7, 6, 7)
dish=312 E=Int4x8(6, 7, -8, -8, -8, -8, -8, -8)
dish=313 E=Int4x8(6, 7, 6, 7, -8, -8, -8, -8)
dish=314 E=Int4x8(6, 7, 6, 7, 6, 7, -8, -8)
dish=315 E=Int4x8(6, 7, 6, 7, 6, 7, 6, 7)
dish=316 E=Int4x8(6, 7, -8, -8, -8, -8, -8, -8)
dish=317 E=Int4x8(6, 7, 6, 7, -8, -8, -8, -8)
dish=318 E=Int4x8(6, 7, 6, 7, 6, 7, -8, -8)
dish=319 E=Int4x8(6, 7, 6, 7, 6, 7, 6, 7)
dish=320 E=Int4x8(6, 7, -8, -8, -8, -8, -8, -8)
dish=321 E=Int4x8(6, 7, 6, 7, -8, -8, -8, -8)
dish=322 E=Int4x8(6, 7, 6, 7, 6, 7, -8, -8)
dish=323 E=Int4x8(6, 7, 6, 7, 6, 7, 6, 7)
dish=324 E=Int4x8(6, 7, -8, -8, -8, -8, -8, -8)
dish=325 E=Int4x8(6, 7, 6, 7, -8, -8, -8, -8)
dish=326 E=Int4x8(6, 7, 6, 7, 6, 7, -8, -8)
dish=327 E=Int4x8(6, 7, 6, 7, 6, 7, 6, 7)
dish=328 E=Int4x8(6, 7, -8, -8, -8, -8, -8, -8)
dish=329 E=Int4x8(6, 7, 6, 7, -8, -8, -8, -8)
dish=330 E=Int4x8(6, 7, 6, 7, 6, 7, -8, -8)
dish=331 E=Int4x8(6, 7, 6, 7, 6, 7, 6, 7)
dish=332 E=Int4x8(6, 7, -8, -8, -8, -8, -8, -8)
dish=333 E=Int4x8(6, 7, 6, 7, -8, -8, -8, -8)
dish=334 E=Int4x8(6, 7, 6, 7, 6, 7, -8, -8)
dish=335 E=Int4x8(6, 7, 6, 7, 6, 7, 6, 7)
dish=336 E=Int4x8(6, 7, -8, -8, -8, -8, -8, -8)
dish=337 E=Int4x8(6, 7, 6, 7, -8, -8, -8, -8)
dish=338 E=Int4x8(6, 7, 6, 7, 6, 7, -8, -8)
dish=339 E=Int4x8(6, 7, 6, 7, 6, 7, 6, 7)
dish=340 E=Int4x8(6, 7, -8, -8, -8, -8, -8, -8)
dish=341 E=Int4x8(6, 7, 6, 7, -8, -8, -8, -8)
dish=342 E=Int4x8(6, 7, 6, 7, 6, 7, -8, -8)
dish=343 E=Int4x8(6, 7, 6, 7, 6, 7, 6, 7)
dish=344 E=Int4x8(6, 7, -8, -8, -8, -8, -8, -8)
dish=345 E=Int4x8(6, 7, 6, 7, -8, -8, -8, -8)
dish=346 E=Int4x8(6, 7, 6, 7, 6, 7, -8, -8)
dish=347 E=Int4x8(6, 7, 6, 7, 6, 7, 6, 7)
dish=348 E=Int4x8(6, 7, -8, -8, -8, -8, -8, -8)
dish=349 E=Int4x8(6, 7, 6, 7, -8, -8, -8, -8)
dish=350 E=Int4x8(6, 7, 6, 7, 6, 7, -8, -8)
dish=351 E=Int4x8(6, 7, 6, 7, 6, 7, 6, 7)
dish=352 E=Int4x8(6, 7, -8, -8, -8, -8, -8, -8)
dish=353 E=Int4x8(6, 7, 6, 7, -8, -8, -8, -8)
dish=354 E=Int4x8(6, 7, 6, 7, 6, 7, -8, -8)
dish=355 E=Int4x8(6, 7, 6, 7, 6, 7, 6, 7)
dish=356 E=Int4x8(6, 7, -8, -8, -8, -8, -8, -8)
dish=357 E=Int4x8(6, 7, 6, 7, -8, -8, -8, -8)
dish=358 E=Int4x8(6, 7, 6, 7, 6, 7, -8, -8)
dish=359 E=Int4x8(6, 7, 6, 7, 6, 7, 6, 7)
dish=360 E=Int4x8(6, 7, -8, -8, -8, -8, -8, -8)
dish=361 E=Int4x8(6, 7, 6, 7, -8, -8, -8, -8)
dish=362 E=Int4x8(6, 7, 6, 7, 6, 7, -8, -8)
dish=363 E=Int4x8(6, 7, 6, 7, 6, 7, 6, 7)
dish=364 E=Int4x8(6, 7, -8, -8, -8, -8, -8, -8)
dish=365 E=Int4x8(6, 7, 6, 7, -8, -8, -8, -8)
dish=366 E=Int4x8(6, 7, 6, 7, 6, 7, -8, -8)
dish=367 E=Int4x8(6, 7, 6, 7, 6, 7, 6, 7)
dish=368 E=Int4x8(6, 7, -8, -8, -8, -8, -8, -8)
dish=369 E=Int4x8(6, 7, 6, 7, -8, -8, -8, -8)
dish=370 E=Int4x8(6, 7, 6, 7, 6, 7, -8, -8)
dish=371 E=Int4x8(6, 7, 6, 7, 6, 7, 6, 7)
dish=372 E=Int4x8(6, 7, -8, -8, -8, -8, -8, -8)
dish=373 E=Int4x8(6, 7, 6, 7, -8, -8, -8, -8)
dish=374 E=Int4x8(6, 7, 6, 7, 6, 7, -8, -8)
dish=375 E=Int4x8(6, 7, 6, 7, 6, 7, 6, 7)
dish=376 E=Int4x8(6, 7, -8, -8, -8, -8, -8, -8)
dish=377 E=Int4x8(6, 7, 6, 7, -8, -8, -8, -8)
dish=378 E=Int4x8(6, 7, 6, 7, 6, 7, -8, -8)
dish=379 E=Int4x8(6, 7, 6, 7, 6, 7, 6, 7)
dish=380 E=Int4x8(6, 7, -8, -8, -8, -8, -8, -8)
dish=381 E=Int4x8(6, 7, 6, 7, -8, -8, -8, -8)
dish=382 E=Int4x8(6, 7, 6, 7, 6, 7, -8, -8)
dish=383 E=Int4x8(6, 7, 6, 7, 6, 7, 6, 7)
dish=384 E=Int4x8(6, 7, -8, -8, -8, -8, -8, -8)
dish=385 E=Int4x8(6, 7, 6, 7, -8, -8, -8, -8)
dish=386 E=Int4x8(6, 7, 6, 7, 6, 7, -8, -8)
dish=387 E=Int4x8(6, 7, 6, 7, 6, 7, 6, 7)
dish=388 E=Int4x8(6, 7, -8, -8, -8, -8, -8, -8)
dish=389 E=Int4x8(6, 7, 6, 7, -8, -8, -8, -8)
dish=390 E=Int4x8(6, 7, 6, 7, 6, 7, -8, -8)
dish=391 E=Int4x8(6, 7, 6, 7, 6, 7, 6, 7)
dish=392 E=Int4x8(6, 7, -8, -8, -8, -8, -8, -8)
dish=393 E=Int4x8(6, 7, 6, 7, -8, -8, -8, -8)
dish=394 E=Int4x8(6, 7, 6, 7, 6, 7, -8, -8)
dish=395 E=Int4x8(6, 7, 6, 7, 6, 7, 6, 7)
dish=396 E=Int4x8(6, 7, -8, -8, -8, -8, -8, -8)
dish=397 E=Int4x8(6, 7, 6, 7, -8, -8, -8, -8)
dish=398 E=Int4x8(6, 7, 6, 7, 6, 7, -8, -8)
dish=399 E=Int4x8(6, 7, 6, 7, 6, 7, 6, 7)
dish=400 E=Int4x8(6, 7, -8, -8, -8, -8, -8, -8)
dish=401 E=Int4x8(6, 7, 6, 7, -8, -8, -8, -8)
dish=402 E=Int4x8(6, 7, 6, 7, 6, 7, -8, -8)
dish=403 E=Int4x8(6, 7, 6, 7, 6, 7, 6, 7)
dish=404 E=Int4x8(6, 7, -8, -8, -8, -8, -8, -8)
dish=405 E=Int4x8(6, 7, 6, 7, -8, -8, -8, -8)
dish=406 E=Int4x8(6, 7, 6, 7, 6, 7, -8, -8)
dish=407 E=Int4x8(6, 7, 6, 7, 6, 7, 6, 7)
dish=408 E=Int4x8(6, 7, -8, -8, -8, -8, -8, -8)
dish=409 E=Int4x8(6, 7, 6, 7, -8, -8, -8, -8)
dish=410 E=Int4x8(6, 7, 6, 7, 6, 7, -8, -8)
dish=411 E=Int4x8(6, 7, 6, 7, 6, 7, 6, 7)
dish=412 E=Int4x8(6, 7, -8, -8, -8, -8, -8, -8)
dish=413 E=Int4x8(6, 7, 6, 7, -8, -8, -8, -8)
dish=414 E=Int4x8(6, 7, 6, 7, 6, 7, -8, -8)
dish=415 E=Int4x8(6, 7, 6, 7, 6, 7, 6, 7)
dish=416 E=Int4x8(6, 7, -8, -8, -8, -8, -8, -8)
dish=417 E=Int4x8(6, 7, 6, 7, -8, -8, -8, -8)
dish=418 E=Int4x8(6, 7, 6, 7, 6, 7, -8, -8)
dish=419 E=Int4x8(6, 7, 6, 7, 6, 7, 6, 7)
dish=420 E=Int4x8(6, 7, -8, -8, -8, -8, -8, -8)
dish=421 E=Int4x8(6, 7, 6, 7, -8, -8, -8, -8)
dish=422 E=Int4x8(6, 7, 6, 7, 6, 7, -8, -8)
dish=423 E=Int4x8(6, 7, 6, 7, 6, 7, 6, 7)
dish=424 E=Int4x8(6, 7, -8, -8, -8, -8, -8, -8)
dish=425 E=Int4x8(6, 7, 6, 7, -8, -8, -8, -8)
dish=426 E=Int4x8(6, 7, 6, 7, 6, 7, -8, -8)
dish=427 E=Int4x8(6, 7, 6, 7, 6, 7, 6, 7)
dish=428 E=Int4x8(6, 7, -8, -8, -8, -8, -8, -8)
dish=429 E=Int4x8(6, 7, 6, 7, -8, -8, -8, -8)
dish=430 E=Int4x8(6, 7, 6, 7, 6, 7, -8, -8)
dish=431 E=Int4x8(6, 7, 6, 7, 6, 7, 6, 7)
dish=432 E=Int4x8(6, 7, -8, -8, -8, -8, -8, -8)
dish=433 E=Int4x8(6, 7, 6, 7, -8, -8, -8, -8)
dish=434 E=Int4x8(6, 7, 6, 7, 6, 7, -8, -8)
dish=435 E=Int4x8(6, 7, 6, 7, 6, 7, 6, 7)
dish=436 E=Int4x8(6, 7, -8, -8, -8, -8, -8, -8)
dish=437 E=Int4x8(6, 7, 6, 7, -8, -8, -8, -8)
dish=438 E=Int4x8(6, 7, 6, 7, 6, 7, -8, -8)
dish=439 E=Int4x8(6, 7, 6, 7, 6, 7, 6, 7)
dish=440 E=Int4x8(6, 7, -8, -8, -8, -8, -8, -8)
dish=441 E=Int4x8(6, 7, 6, 7, -8, -8, -8, -8)
dish=442 E=Int4x8(6, 7, 6, 7, 6, 7, -8, -8)
dish=443 E=Int4x8(6, 7, 6, 7, 6, 7, 6, 7)
dish=444 E=Int4x8(6, 7, -8, -8, -8, -8, -8, -8)
dish=445 E=Int4x8(6, 7, 6, 7, -8, -8, -8, -8)
dish=446 E=Int4x8(6, 7, 6, 7, 6, 7, -8, -8)
dish=447 E=Int4x8(6, 7, 6, 7, 6, 7, 6, 7)
dish=448 E=Int4x8(6, 7, -8, -8, -8, -8, -8, -8)
dish=449 E=Int4x8(6, 7, 6, 7, -8, -8, -8, -8)
dish=450 E=Int4x8(6, 7, 6, 7, 6, 7, -8, -8)
dish=451 E=Int4x8(6, 7, 6, 7, 6, 7, 6, 7)
dish=452 E=Int4x8(6, 7, -8, -8, -8, -8, -8, -8)
dish=453 E=Int4x8(6, 7, 6, 7, -8, -8, -8, -8)
dish=454 E=Int4x8(6, 7, 6, 7, 6, 7, -8, -8)
dish=455 E=Int4x8(6, 7, 6, 7, 6, 7, 6, 7)
dish=456 E=Int4x8(6, 7, -8, -8, -8, -8, -8, -8)
dish=457 E=Int4x8(6, 7, 6, 7, -8, -8, -8, -8)
dish=458 E=Int4x8(6, 7, 6, 7, 6, 7, -8, -8)
dish=459 E=Int4x8(6, 7, 6, 7, 6, 7, 6, 7)
dish=460 E=Int4x8(6, 7, -8, -8, -8, -8, -8, -8)
dish=461 E=Int4x8(6, 7, 6, 7, -8, -8, -8, -8)
dish=462 E=Int4x8(6, 7, 6, 7, 6, 7, -8, -8)
dish=463 E=Int4x8(6, 7, 6, 7, 6, 7, 6, 7)
dish=464 E=Int4x8(6, 7, -8, -8, -8, -8, -8, -8)
dish=465 E=Int4x8(6, 7, 6, 7, -8, -8, -8, -8)
dish=466 E=Int4x8(6, 7, 6, 7, 6, 7, -8, -8)
dish=467 E=Int4x8(6, 7, 6, 7, 6, 7, 6, 7)
dish=468 E=Int4x8(6, 7, -8, -8, -8, -8, -8, -8)
dish=469 E=Int4x8(6, 7, 6, 7, -8, -8, -8, -8)
dish=470 E=Int4x8(6, 7, 6, 7, 6, 7, -8, -8)
dish=471 E=Int4x8(6, 7, 6, 7, 6, 7, 6, 7)
dish=472 E=Int4x8(6, 7, -8, -8, -8, -8, -8, -8)
dish=473 E=Int4x8(6, 7, 6, 7, -8, -8, -8, -8)
dish=474 E=Int4x8(6, 7, 6, 7, 6, 7, -8, -8)
dish=475 E=Int4x8(6, 7, 6, 7, 6, 7, 6, 7)
dish=476 E=Int4x8(6, 7, -8, -8, -8, -8, -8, -8)
dish=477 E=Int4x8(6, 7, 6, 7, -8, -8, -8, -8)
dish=478 E=Int4x8(6, 7, 6, 7, 6, 7, -8, -8)
dish=479 E=Int4x8(6, 7, 6, 7, 6, 7, 6, 7)
dish=480 E=Int4x8(6, 7, -8, -8, -8, -8, -8, -8)
dish=481 E=Int4x8(6, 7, 6, 7, -8, -8, -8, -8)
dish=482 E=Int4x8(6, 7, 6, 7, 6, 7, -8, -8)
dish=483 E=Int4x8(6, 7, 6, 7, 6, 7, 6, 7)
dish=484 E=Int4x8(6, 7, -8, -8, -8, -8, -8, -8)
dish=485 E=Int4x8(6, 7, 6, 7, -8, -8, -8, -8)
dish=486 E=Int4x8(6, 7, 6, 7, 6, 7, -8, -8)
dish=487 E=Int4x8(6, 7, 6, 7, 6, 7, 6, 7)
dish=488 E=Int4x8(6, 7, -8, -8, -8, -8, -8, -8)
dish=489 E=Int4x8(6, 7, 6, 7, -8, -8, -8, -8)
dish=490 E=Int4x8(6, 7, 6, 7, 6, 7, -8, -8)
dish=491 E=Int4x8(6, 7, 6, 7, 6, 7, 6, 7)
dish=492 E=Int4x8(6, 7, -8, -8, -8, -8, -8, -8)
dish=493 E=Int4x8(6, 7, 6, 7, -8, -8, -8, -8)
dish=494 E=Int4x8(6, 7, 6, 7, 6, 7, -8, -8)
dish=495 E=Int4x8(6, 7, 6, 7, 6, 7, 6, 7)
dish=496 E=Int4x8(6, 7, -8, -8, -8, -8, -8, -8)
dish=497 E=Int4x8(6, 7, 6, 7, -8, -8, -8, -8)
dish=498 E=Int4x8(6, 7, 6, 7, 6, 7, -8, -8)
dish=499 E=Int4x8(6, 7, 6, 7, 6, 7, 6, 7)
dish=500 E=Int4x8(6, 7, -8, -8, -8, -8, -8, -8)
dish=501 E=Int4x8(6, 7, 6, 7, -8, -8, -8, -8)
dish=502 E=Int4x8(6, 7, 6, 7, 6, 7, -8, -8)
dish=503 E=Int4x8(6, 7, 6, 7, 6, 7, 6, 7)
dish=504 E=Int4x8(6, 7, -8, -8, -8, -8, -8, -8)
dish=505 E=Int4x8(6, 7, 6, 7, -8, -8, -8, -8)
dish=506 E=Int4x8(6, 7, 6, 7, 6, 7, -8, -8)
dish=507 E=Int4x8(6, 7, 6, 7, 6, 7, 6, 7)
dish=508 E=Int4x8(6, 7, -8, -8, -8, -8, -8, -8)
dish=509 E=Int4x8(6, 7, 6, 7, -8, -8, -8, -8)
dish=510 E=Int4x8(6, 7, 6, 7, 6, 7, -8, -8)
dish=511 E=Int4x8(6, 7, 6, 7, 6, 7, 6, 7)
dstime = 147
beamp=0 beamq=0 I=3.333333333333333
beamp=1 beamq=0 I=1.342888408278052
beamp=2 beamq=0 I=0.0005597635575901752
beamp=3 beamq=0 I=0.1617010046993035
beamp=4 beamq=0 I=0.00014236691297566675
beamp=5 beamq=0 I=0.05559535634880361
beamp=6 beamq=0 I=0.0
beamp=7 beamq=0 I=0.02936469511545601
beamp=8 beamq=0 I=3.81468748697927e-5
beamp=9 beamq=0 I=0.01993913071224831
beamp=10 beamq=0 I=2.573183683362719e-5
beamp=11 beamq=0 I=0.013213272686129209
beamp=12 beamq=0 I=0.0
beamp=13 beamq=0 I=0.010162202809970716
beamp=14 beamq=0 I=1.5153826134419187e-5
beamp=15 beamq=0 I=0.008902078375470078
beamp=16 beamq=0 I=1.2714090279453534e-5
beamp=17 beamq=0 I=0.007141246689532016
beamp=18 beamq=0 I=0.0
beamp=19 beamq=0 I=0.00640613818056457
beamp=20 beamq=0 I=1.0221090012710323e-5
beamp=21 beamq=0 I=0.006397883074856801
beamp=22 beamq=0 I=9.700479738550636e-6
beamp=23 beamq=0 I=0.005768956940423217
beamp=24 beamq=0 I=0.0
beamp=25 beamq=0 I=0.0057690062217148974
beamp=26 beamq=0 I=9.702375502908532e-6
beamp=27 beamq=0 I=0.006397883074856801
beamp=28 beamq=0 I=1.0222656521747509e-5
beamp=29 beamq=0 I=0.006406278398165724
beamp=30 beamq=0 I=0.0
beamp=31 beamq=0 I=0.007141341092902398
beamp=32 beamq=0 I=1.2718677003373622e-5
beamp=33 beamq=0 I=0.008902078375470078
beamp=34 beamq=0 I=1.51529928015134e-5
beamp=35 beamq=0 I=0.010162353485115886
beamp=36 beamq=0 I=0.0
beamp=37 beamq=0 I=0.013213240365114766
beamp=38 beamq=0 I=2.5730397503846204e-5
beamp=39 beamq=0 I=0.01993913071224831
beamp=40 beamq=0 I=3.8143753903424325e-5
beamp=41 beamq=0 I=0.0293647433445276
beamp=42 beamq=0 I=0.0
beamp=43 beamq=0 I=0.055595240878017094
beamp=44 beamq=0 I=0.00014236080278673223
beamp=45 beamq=0 I=0.16170100469930349
beamp=46 beamq=0 I=0.0005597673540328351
beamp=47 beamq=0 I=1.3428888038228042
beamp=0 beamq=1 I=1.6574415344171989
beamp=1 beamq=1 I=0.7104139572826691
beamp=2 beamq=1 I=0.0005597635663174799
beamp=3 beamq=1 I=0.0767728120933402
beamp=4 beamq=1 I=0.0001423665997851435
beamp=5 beamq=1 I=0.026241849756256458
beamp=6 beamq=1 I=7.434125833735242e-18
beamp=7 beamq=1 I=0.015534497264363446
beamp=8 beamq=1 I=3.8146787344021215e-5
beamp=9 beamq=1 I=0.009466751936734838
beamp=10 beamq=1 I=2.5733493933919287e-5
beamp=11 beamq=1 I=0.006236864328005867
beamp=12 beamq=1 I=2.1062885955056934e-18
beamp=13 beamq=1 I=0.00537600677487367
beamp=14 beamq=1 I=1.5154232251845095e-5
beamp=15 beamq=1 I=0.0042265516968268465
beamp=16 beamq=1 I=1.2717344026172611e-5
beamp=17 beamq=1 I=0.0033707720373041873
beamp=18 beamq=1 I=2.541098841762901e-19
beamp=19 beamq=1 I=0.003388968721052343
beamp=20 beamq=1 I=1.0222650699012831e-5
beamp=21 beamq=1 I=0.0030376025447466618
beamp=22 beamq=1 I=9.701368089651047e-6
beamp=23 beamq=1 I=0.002723032120232469
beamp=24 beamq=1 I=1.2705494208814505e-19
beamp=25 beamq=1 I=0.0030519151222731487
beamp=26 beamq=1 I=9.702680442748633e-6
beamp=27 beamq=1 I=0.003037602706785266
beamp=28 beamq=1 I=1.0221621221543508e-5
beamp=29 beamq=1 I=0.0030238613295272476
beamp=30 beamq=1 I=2.4620424333524995e-18
beamp=31 beamq=1 I=0.003777908903064303
beamp=32 beamq=1 I=1.2719563803495508e-5
beamp=33 beamq=1 I=0.004226552207720398
beamp=34 beamq=1 I=1.5156688203795523e-5
beamp=35 beamq=1 I=0.004796788985984899
beamp=36 beamq=1 I=1.2369504473070298e-16
beamp=37 beamq=1 I=0.006990061060364166
beamp=38 beamq=1 I=2.5729625928165473e-5
beamp=39 beamq=1 I=0.00946675286848713
beamp=40 beamq=1 I=3.814402819501531e-5
beamp=41 beamq=1 I=0.013860610169898136
beamp=42 beamq=1 I=6.571676886840914e-16
beamp=43 beamq=1 I=0.029410968933513637
beamp=44 beamq=1 I=0.0001423639844812064
beamp=45 beamq=1 I=0.07677284917896887
beamp=46 beamq=1 I=0.0005597691037558409
beamp=47 beamq=1 I=0.6338638103738838
beamp=0 beamq=2 I=0.04994309817126253
beamp=1 beamq=2 I=0.024039516131662365
beamp=2 beamq=2 I=0.0005597638329429446
beamp=3 beamq=2 I=0.0013136040913189148
beamp=4 beamq=2 I=0.000142366451638838
beamp=5 beamq=2 I=0.0008334834973784183
beamp=6 beamq=2 I=1.3936515425490754e-17
beamp=7 beamq=2 I=0.0005256677818364639
beamp=8 beamq=2 I=3.814700823958055e-5
beamp=9 beamq=2 I=0.00016197861001341482
beamp=10 beamq=2 I=2.5734203628704903e-5
beamp=11 beamq=2 I=0.0001980929790164278
beamp=12 beamq=2 I=1.3778402608669952e-17
beamp=13 beamq=2 I=0.00018191759278892003
beamp=14 beamq=2 I=1.5151638177280892e-5
beamp=15 beamq=2 I=7.231747750920844e-5
beamp=16 beamq=2 I=1.27160441188199e-5
beamp=17 beamq=2 I=0.000107060756514259
beamp=18 beamq=2 I=2.938639638340919e-17
beamp=19 beamq=2 I=0.00011467881997731934
beamp=20 beamq=2 I=1.0221590102585285e-5
beamp=21 beamq=2 I=5.197423875274624e-5
beamp=22 beamq=2 I=9.702280604487948e-6
beamp=23 beamq=2 I=8.648765115101034e-5
beamp=24 beamq=2 I=2.061113504985464e-17
beamp=25 beamq=2 I=0.00010327270105011069
beamp=26 beamq=2 I=9.701949987232743e-6
beamp=27 beamq=2 I=5.197420781421888e-5
beamp=28 beamq=2 I=1.0221183749052524e-5
beamp=29 beamq=2 I=9.60429919827037e-5
beamp=30 beamq=2 I=2.1435580451848825e-17
beamp=31 beamq=2 I=0.00012784022631618286
beamp=32 beamq=2 I=1.271550581529208e-5
beamp=33 beamq=2 I=7.231757872614501e-5
beamp=34 beamq=2 I=1.5152341740653808e-5
beamp=35 beamq=2 I=0.00015235389322197862
beamp=36 beamq=2 I=1.3823577699190182e-17
beamp=37 beamq=2 I=0.00023653569419773303
beamp=38 beamq=2 I=2.5733501148555467e-5
beamp=39 beamq=2 I=0.00016197881478813156
beamp=40 beamq=2 I=3.814719489187682e-5
beamp=41 beamq=2 I=0.00044023432413109145
beamp=42 beamq=2 I=2.6314490228033596e-18
beamp=43 beamq=2 I=0.0009952301147800387
beamp=44 beamq=2 I=0.00014236649265981805
beamp=45 beamq=2 I=0.0013136039608737705
beamp=46 beamq=2 I=0.0005597633305141378
beamp=47 beamq=2 I=0.020132529121693096
beamp=0 beamq=3 I=0.1418177150920772
beamp=1 beamq=3 I=0.06730025109500429
beamp=2 beamq=3 I=0.0005597635913072574
beamp=3 beamq=3 I=0.007492497323509524
beamp=4 beamq=3 I=0.00014236647140924784
beamp=5 beamq=3 I=0.001946899706124044
beamp=6 beamq=3 I=0.0
beamp=7 beamq=3 I=0.001471643493133256
beamp=8 beamq=3 I=3.814672237840217e-5
beamp=9 beamq=3 I=0.0009238896664783254
beamp=10 beamq=3 I=2.5733497400413455e-5
beamp=11 beamq=3 I=0.0004627170977597011
beamp=12 beamq=3 I=0.0
beamp=13 beamq=3 I=0.0005092913071594255
beamp=14 beamq=3 I=1.515256827512045e-5
beamp=15 beamq=3 I=0.00041248226775953144
beamp=16 beamq=3 I=1.2716252073163088e-5
beamp=17 beamq=3 I=0.0002500796191195054
beamp=18 beamq=3 I=0.0
beamp=19 beamq=3 I=0.00032104824119612903
beamp=20 beamq=3 I=1.0221965078449405e-5
beamp=21 beamq=3 I=0.0002964491166242575
beamp=22 beamq=3 I=9.701856162245023e-6
beamp=23 beamq=3 I=0.0002020230902473248
beamp=24 beamq=3 I=0.0
beamp=25 beamq=3 I=0.00028912187615989674
beamp=26 beamq=3 I=9.701992851162142e-6
beamp=27 beamq=3 I=0.000296449129339151
beamp=28 beamq=3 I=1.0221591938344074e-5
beamp=29 beamq=3 I=0.000224342201304584
beamp=30 beamq=3 I=0.0
beamp=31 beamq=3 I=0.00035789641301249325
beamp=32 beamq=3 I=1.271719875845814e-5
beamp=33 beamq=3 I=0.00041248227131377585
beamp=34 beamq=3 I=1.5153532134675e-5
beamp=35 beamq=3 I=0.0003558787461791194
beamp=36 beamq=3 I=0.0
beamp=37 beamq=3 I=0.0006621929711781274
beamp=38 beamq=3 I=2.5732058883664797e-5
beamp=39 beamq=3 I=0.0009238896681610059
beamp=40 beamq=3 I=3.814606128960017e-5
beamp=41 beamq=3 I=0.0010283265375128654
beamp=42 beamq=3 I=0.0
beamp=43 beamq=3 I=0.0027862101494980597
beamp=44 beamq=3 I=0.0001423649613232291
beamp=45 beamq=3 I=0.0074924973343528534
beamp=46 beamq=3 I=0.000559769022018614
beamp=47 beamq=3 I=0.0470267769888731
beamp=0 beamq=4 I=0.04392967071714474
beamp=1 beamq=4 I=0.022931224256597584
beamp=2 beamq=4 I=0.0005597637307186802
beamp=3 beamq=4 I=0.001246852856007525
beamp=4 beamq=4 I=0.00014236636967666417
beamp=5 beamq=4 I=0.0006581697110452911
beamp=6 beamq=4 I=2.8234431575143343e-19
beamp=7 beamq=4 I=0.00050143287661567
beamp=8 beamq=4 I=3.8147013699825114e-5
beamp=9 beamq=4 I=0.00015374767752063755
beamp=10 beamq=4 I=2.5734058995444673e-5
beamp=11 beamq=4 I=0.00015642621143361772
beamp=12 beamq=4 I=8.747026901979407e-17
beamp=13 beamq=4 I=0.0001735304610394284
beamp=14 beamq=4 I=1.5151694964853753e-5
beamp=15 beamq=4 I=6.86425911384593e-5
beamp=16 beamq=4 I=1.271612096168794e-5
beamp=17 beamq=4 I=8.454203682259814e-5
beamp=18 beamq=4 I=3.632980779636844e-16
beamp=19 beamq=4 I=0.00010939129762170314
beamp=20 beamq=4 I=1.0221677778039386e-5
beamp=21 beamq=4 I=4.933305753945123e-5
beamp=22 beamq=4 I=9.702191692254524e-6
beamp=23 beamq=4 I=6.829618691455733e-5
beamp=24 beamq=4 I=6.239809378106678e-17
beamp=25 beamq=4 I=9.851194600001483e-5
beamp=26 beamq=4 I=9.70195725412753e-6
beamp=27 beamq=4 I=4.9333038497320495e-5
beamp=28 beamq=4 I=1.0221321725646515e-5
beamp=29 beamq=4 I=7.5841536287465e-5
beamp=30 beamq=4 I=4.44974641624259e-16
beamp=31 beamq=4 I=0.00012194639016462636
beamp=32 beamq=4 I=1.2715749720259003e-5
beamp=33 beamq=4 I=6.864257517778634e-5
beamp=34 beamq=4 I=1.5152408687913515e-5
beamp=35 beamq=4 I=0.00012030753702709517
beamp=36 beamq=4 I=7.730587365274247e-17
beamp=37 beamq=4 I=0.00022562962092759046
beamp=38 beamq=4 I=2.5733719137125506e-5
beamp=39 beamq=4 I=0.00015374771122263334
beamp=40 beamq=4 I=3.814725042329309e-5
beamp=41 beamq=4 I=0.00034763547500533547
beamp=42 beamq=4 I=9.599706735548737e-17
beamp=43 beamq=4 I=0.0009493480882301214
beamp=44 beamq=4 I=0.0001423669566412148
beamp=45 beamq=4 I=0.0012468562610077332
beamp=46 beamq=4 I=0.0005597659220840435
beamp=47 beamq=4 I=0.01589789186992752
beamp=0 beamq=5 I=0.027831037220167186
beamp=1 beamq=5 I=0.014717227753491383
beamp=2 beamq=5 I=0.00055976381674441
beamp=3 beamq=5 I=0.00203517703175957
beamp=4 beamq=5 I=0.0001423665264258565
beamp=5 beamq=5 I=0.0003170055210345161
beamp=6 beamq=5 I=2.6184611842787937e-17
beamp=7 beamq=5 I=0.00032181877235336684
beamp=8 beamq=5 I=3.814702317616584e-5
beamp=9 beamq=5 I=0.0002509550478736964
beamp=10 beamq=5 I=2.573383437872411e-5
beamp=11 beamq=5 I=7.534174761231108e-5
beamp=12 beamq=5 I=2.4078323247282242e-17
beamp=13 beamq=5 I=0.00011137155654827315
beamp=14 beamq=5 I=1.515239601784829e-5
beamp=15 beamq=5 I=0.00011204137122764293
beamp=16 beamq=5 I=1.2715480543956179e-5
beamp=17 beamq=5 I=4.072019960568772e-5
beamp=18 beamq=5 I=3.019192471624803e-16
beamp=19 beamq=5 I=7.020739460907794e-5
beamp=20 beamq=5 I=1.0221625175046615e-5
beamp=21 beamq=5 I=8.052412897275856e-5
beamp=22 beamq=5 I=9.701891370208548e-6
beamp=23 beamq=5 I=3.2894538776157e-5
beamp=24 beamq=5 I=3.8878812278972386e-17
beamp=25 beamq=5 I=6.322474570717677e-5
beamp=26 beamq=5 I=9.701991456132975e-6
beamp=27 beamq=5 I=8.05240933077757e-5
beamp=28 beamq=5 I=1.0221694924581268e-5
beamp=29 beamq=5 I=3.652837074770561e-5
beamp=30 beamq=5 I=1.4944061116249745e-15
beamp=31 beamq=5 I=7.82643485100714e-5
beamp=32 beamq=5 I=1.2716173183282688e-5
beamp=33 beamq=5 I=0.00011204203720083014
beamp=34 beamq=5 I=1.5152946454502453e-5
beamp=35 beamq=5 I=5.7946347545782305e-5
beamp=36 beamq=5 I=2.7161523175287894e-16
beamp=37 beamq=5 I=0.00014480868511144236
beamp=38 beamq=5 I=2.573330690280412e-5
beamp=39 beamq=5 I=0.0002509548522977342
beamp=40 beamq=5 I=3.8147131925153926e-5
beamp=41 beamq=5 I=0.00016743877240085015
beamp=42 beamq=5 I=3.7386904914541806e-15
beamp=43 beamq=5 I=0.0006092891987134156
beamp=44 beamq=5 I=0.00014236641874485425
beamp=45 beamq=5 I=0.002035171678776388
beamp=46 beamq=5 I=0.0005597634056687078
beamp=47 beamq=5 I=0.0076571698474738195
beamp=0 beamq=6 I=0.035166994325827525
beamp=1 beamq=6 I=0.019926387736372404
beamp=2 beamq=6 I=0.0005597635002042253
beamp=3 beamq=6 I=0.00114066479711934
beamp=4 beamq=6 I=0.00014236642825053098
beamp=5 beamq=6 I=0.0004610656793747937
beamp=6 beamq=6 I=0.0
beamp=7 beamq=6 I=0.0004357273505571999
beamp=8 beamq=6 I=3.814689638144788e-5
beamp=9 beamq=6 I=0.00014065382533277816
beamp=10 beamq=6 I=2.573403807181894e-5
beamp=11 beamq=6 I=0.0001095809110045304
beamp=12 beamq=6 I=0.0
beamp=13 beamq=6 I=0.00015079242255214162
beamp=14 beamq=6 I=1.5152094083964147e-5
beamp=15 beamq=6 I=6.27966863325986e-5
beamp=16 beamq=6 I=1.271637801447625e-5
beamp=17 beamq=6 I=5.9223200535259214e-5
beamp=18 beamq=6 I=0.0
beamp=19 beamq=6 I=9.505638475602106e-5
beamp=20 beamq=6 I=1.0221744968977405e-5
beamp=21 beamq=6 I=4.513169185385385e-5
beamp=22 beamq=6 I=9.702231055344757e-6
beamp=23 beamq=6 I=4.7843532360024074e-5
beamp=24 beamq=6 I=0.0
beamp=25 beamq=6 I=8.560356719552988e-5
beamp=26 beamq=6 I=9.70214969440581e-6
beamp=27 beamq=6 I=4.513169132556965e-5
beamp=28 beamq=6 I=1.0221429024101394e-5
beamp=29 beamq=6 I=5.312981015640839e-5
beamp=30 beamq=6 I=0.0
beamp=31 beamq=6 I=0.0001059676239870106
beamp=32 beamq=6 I=1.2716034501735312e-5
beamp=33 beamq=6 I=6.279668621333293e-5
beamp=34 beamq=6 I=1.5152702777662484e-5
beamp=35 beamq=6 I=8.427831123952566e-5
beamp=36 beamq=6 I=0.0
beamp=37 beamq=6 I=0.00019606441206662661
beamp=38 beamq=6 I=2.5733179382398407e-5
beamp=39 beamq=6 I=0.00014065382869541982
beamp=40 beamq=6 I=3.814718010666756e-5
beamp=41 beamq=6 I=0.00024352868384843216
beamp=42 beamq=6 I=0.0
beamp=43 beamq=6 I=0.0008249485927256351
beamp=44 beamq=6 I=0.00014236710334128766
beamp=45 beamq=6 I=0.0011406648000729632
beamp=46 beamq=6 I=0.0005597633169100543
beamp=47 beamq=6 I=0.011136911316214757
beamp=0 beamq=7 I=0.0039475286657734195
beamp=1 beamq=7 I=0.0025329202672624597
beamp=2 beamq=7 I=0.000559763654290391
beamp=3 beamq=7 I=0.0006329222402817561
beamp=4 beamq=7 I=0.00014236628375898563
beamp=5 beamq=7 I=4.7625708470034584e-5
beamp=6 beamq=7 I=2.7661272614167933e-17
beamp=7 beamq=7 I=5.5386517898840405e-5
beamp=8 beamq=7 I=3.814691970828833e-5
beamp=9 beamq=7 I=7.8044628616947e-5
beamp=10 beamq=7 I=2.5733732997535304e-5
beamp=11 beamq=7 I=1.1319111127731386e-5
beamp=12 beamq=7 I=5.2318401708740616e-17
beamp=13 beamq=7 I=1.9167628255782272e-5
beamp=14 beamq=7 I=1.5151608648616268e-5
beamp=15 beamq=7 I=3.4844017352220125e-5
beamp=16 beamq=7 I=1.2716279243265045e-5
beamp=17 beamq=7 I=6.117489947487396e-6
beamp=18 beamq=7 I=3.916341534924983e-16
beamp=19 beamq=7 I=1.208326205668706e-5
beamp=20 beamq=7 I=1.0221513973385871e-5
beamp=21 beamq=7 I=2.5041995050195702e-5
beamp=22 beamq=7 I=9.702041293326322e-6
beamp=23 beamq=7 I=4.9419502562332985e-6
beamp=24 beamq=7 I=1.8535904329081605e-17
beamp=25 beamq=7 I=1.0881398476078285e-5
beamp=26 beamq=7 I=9.701936153423713e-6
beamp=27 beamq=7 I=2.5042307365937486e-5
beamp=28 beamq=7 I=1.0221458133606378e-5
beamp=29 beamq=7 I=5.4878850613331604e-6
beamp=30 beamq=7 I=2.23664696608813e-16
beamp=31 beamq=7 I=1.3469463505267788e-5
beamp=32 beamq=7 I=1.2715796691815422e-5
beamp=33 beamq=7 I=3.4844207454760734e-5
beamp=34 beamq=7 I=1.5152078965014032e-5
beamp=35 beamq=7 I=8.70554064911593e-6
beamp=36 beamq=7 I=9.177884327816095e-17
beamp=37 beamq=7 I=2.4922288580376917e-5
beamp=38 beamq=7 I=2.5733864474587044e-5
beamp=39 beamq=7 I=7.804416827724624e-5
beamp=40 beamq=7 I=3.814746896974035e-5
beamp=41 beamq=7 I=2.5155431835086372e-5
beamp=42 beamq=7 I=1.348503839427474e-14
beamp=43 beamq=7 I=0.00010486250306297157
beamp=44 beamq=7 I=0.00014236652776763472
beamp=45 beamq=7 I=0.00063292738914973
beamp=46 beamq=7 I=0.0005597646270598092
beamp=47 beamq=7 I=0.0011503745773700533
beamp=0 beamq=8 I=0.02522787350743467
beamp=1 beamq=8 I=0.015606344675406844
beamp=2 beamq=8 I=0.0005597634380433933
beamp=3 beamq=8 I=0.001002278699570869
beamp=4 beamq=8 I=0.00014236651096897362
beamp=5 beamq=8 I=0.0002769002144485204
beamp=6 beamq=8 I=1.0209570457571833e-16
beamp=7 beamq=8 I=0.0003412604087284693
beamp=8 beamq=8 I=3.814692742321018e-5
beamp=9 beamq=8 I=0.00012358979919153778
beamp=10 beamq=8 I=2.5734000371778673e-5
beamp=11 beamq=8 I=6.581027949757509e-5
beamp=12 beamq=8 I=3.128375018525882e-17
beamp=13 beamq=8 I=0.00011810005758413608
beamp=14 beamq=8 I=1.5152150234769668e-5
beamp=15 beamq=8 I=5.5178132059381584e-5
beamp=16 beamq=8 I=1.2715681970796652e-5
beamp=17 beamq=8 I=3.556814603902069e-5
beamp=18 beamq=8 I=1.6580387598187177e-16
beamp=19 beamq=8 I=7.444926243614224e-5
beamp=20 beamq=8 I=1.0221606162129862e-5
beamp=21 beamq=8 I=3.965640580219228e-5
beamp=22 beamq=8 I=9.702067151796384e-6
beamp=23 beamq=8 I=2.8733019107935734e-5
beamp=24 beamq=8 I=4.347763649393173e-16
beamp=25 beamq=8 I=6.704432849637273e-5
beamp=26 beamq=8 I=9.702052557072334e-6
beamp=27 beamq=8 I=3.965564742567127e-5
beamp=28 beamq=8 I=1.0221631380204018e-5
beamp=29 beamq=8 I=3.190713737715493e-5
beamp=30 beamq=8 I=2.2118853695967295e-16
beamp=31 beamq=8 I=8.299352021831622e-5
beamp=32 beamq=8 I=1.27159379730823e-5
beamp=33 beamq=8 I=5.517813620945198e-5
beamp=34 beamq=8 I=1.515275545673962e-5
beamp=35 beamq=8 I=5.061531799191305e-5
beamp=36 beamq=8 I=3.975238559190732e-15
beamp=37 beamq=8 I=0.00015355611248264638
beamp=38 beamq=8 I=2.5734428366145474e-5
beamp=39 beamq=8 I=0.00012358913968023403
beamp=40 beamq=8 I=3.814721901488432e-5
beamp=41 beamq=8 I=0.0001462543809778347
beamp=42 beamq=8 I=6.460602633024299e-16
beamp=43 beamq=8 I=0.0006460986560110175
beamp=44 beamq=8 I=0.00014236822477907773
beamp=45 beamq=8 I=0.0010022754565490008
beamp=46 beamq=8 I=0.0005597587488905221
beamp=47 beamq=8 I=0.006688427361401742
beamp=0 beamq=9 I=0.00013284313123843746
beamp=1 beamq=9 I=0.00028156802826391595
beamp=2 beamq=9 I=0.000559763945763316
beamp=3 beamq=9 I=0.00015851440649496977
beamp=4 beamq=9 I=0.00014236659434443006
beamp=5 beamq=9 I=4.030115822592954e-5
beamp=6 beamq=9 I=0.0
beamp=7 beamq=9 I=6.15699675244202e-6
beamp=8 beamq=9 I=3.814701651546968e-5
beamp=9 beamq=9 I=1.9546190873883524e-5
beamp=10 beamq=9 I=2.573411040062053e-5
beamp=11 beamq=9 I=9.578418975035406e-6
beamp=12 beamq=9 I=0.0
beamp=13 beamq=9 I=2.130811998869904e-6
beamp=14 beamq=9 I=1.5151888201761856e-5
beamp=15 beamq=9 I=8.72664720979776e-6
beamp=16 beamq=9 I=1.2716075944537092e-5
beamp=17 beamq=9 I=5.176640486093133e-6
beamp=18 beamq=9 I=0.0
beamp=19 beamq=9 I=1.3431422083775064e-6
beamp=20 beamq=9 I=1.0221555991306093e-5
beamp=21 beamq=9 I=6.271802267098822e-6
beamp=22 beamq=9 I=9.70198676819447e-6
beamp=23 beamq=9 I=4.1820152771200265e-6
beamp=24 beamq=9 I=0.0
beamp=25 beamq=9 I=1.2096254146150026e-6
beamp=26 beamq=9 I=9.702131349794117e-6
beamp=27 beamq=9 I=6.271802035390226e-6
beamp=28 beamq=9 I=1.022146844310425e-5
beamp=29 beamq=9 I=4.644062157304697e-6
beamp=30 beamq=9 I=0.0
beamp=31 beamq=9 I=1.497589763219892e-6
beamp=32 beamq=9 I=1.2715663789131184e-5
beamp=33 beamq=9 I=8.726648428941677e-6
beamp=34 beamq=9 I=1.5152443827792216e-5
beamp=35 beamq=9 I=7.366512446454301e-6
beamp=36 beamq=9 I=0.0
beamp=37 beamq=9 I=2.7705019319866315e-6
beamp=38 beamq=9 I=2.573378005335802e-5
beamp=39 beamq=9 I=1.9546196389930355e-5
beamp=40 beamq=9 I=3.8147686304897894e-5
beamp=41 beamq=9 I=2.12859662202859e-5
beamp=42 beamq=9 I=0.0
beamp=43 beamq=9 I=1.165695615017901e-5
beamp=44 beamq=9 I=0.00014236642743029488
beamp=45 beamq=9 I=0.0001585144105601641
beamp=46 beamq=9 I=0.0005597647083121398
beamp=47 beamq=9 I=0.0009734575494185563
beamp=0 beamq=10 I=0.015765176311970122
beamp=1 beamq=10 I=0.010779828488140242
beamp=2 beamq=10 I=0.0005597640808702421
beamp=3 beamq=10 I=0.0008411221154477017
beamp=4 beamq=10 I=0.0001423662765087625
beamp=5 beamq=10 I=0.0001338101959840751
beamp=6 beamq=10 I=3.8914952351388566e-16
beamp=7 beamq=10 I=0.00023572016963895504
beamp=8 beamq=10 I=3.814695551153408e-5
beamp=9 beamq=10 I=0.00010371769354809855
beamp=10 beamq=10 I=2.5733861688609052e-5
beamp=11 beamq=10 I=3.180212674473553e-5
beamp=12 beamq=10 I=5.313720022441977e-17
beamp=13 beamq=10 I=8.157559216224174e-5
beamp=14 beamq=10 I=1.5151810867445921e-5
beamp=15 beamq=10 I=4.6306082805485234e-5
beamp=16 beamq=10 I=1.2715903839686376e-5
beamp=17 beamq=10 I=1.7188742993480528e-5
beamp=18 beamq=10 I=8.955961695635469e-17
beamp=19 beamq=10 I=5.142526765141759e-5
beamp=20 beamq=10 I=1.02216654978206e-5
beamp=21 beamq=10 I=3.327991923890649e-5
beamp=22 beamq=10 I=9.70205306784418e-6
beamp=23 beamq=10 I=1.3884987523228018e-5
beamp=24 beamq=10 I=1.2948310320360737e-16
beamp=25 beamq=10 I=4.630991081964255e-5
beamp=26 beamq=10 I=9.702130177651163e-6
beamp=27 beamq=10 I=3.3280028499317326e-5
beamp=28 beamq=10 I=1.0221732209926533e-5
beamp=29 beamq=10 I=1.5419148348301866e-5
beamp=30 beamq=10 I=1.0023460378401117e-14
beamp=31 beamq=10 I=5.7324740372256e-5
beamp=32 beamq=10 I=1.2715387979682059e-5
beamp=33 beamq=10 I=4.630564062110568e-5
beamp=34 beamq=10 I=1.5152937766800765e-5
beamp=35 beamq=10 I=2.4459985201990756e-5
beamp=36 beamq=10 I=3.258682567131484e-15
beamp=37 beamq=10 I=0.00010606809138273863
beamp=38 beamq=10 I=2.573347896674811e-5
beamp=39 beamq=10 I=0.0001037180200679144
beamp=40 beamq=10 I=3.814672570374636e-5
beamp=41 beamq=10 I=7.067703418970294e-5
beamp=42 beamq=10 I=4.644202593386918e-15
beamp=43 beamq=10 I=0.00044628393894367835
beamp=44 beamq=10 I=0.00014236350955674365
beamp=45 beamq=10 I=0.0008411247330227758
beamp=46 beamq=10 I=0.0005597670472242261
beamp=47 beamq=10 I=0.0032321644460746738
beamp=0 beamq=11 I=0.0019348158726375589
beamp=1 beamq=11 I=0.0013288875266277136
beamp=2 beamq=11 I=0.0005597637375746227
beamp=3 beamq=11 I=1.3093073094907068e-5
beamp=4 beamq=11 I=0.0001423665125299688
beamp=5 beamq=11 I=7.845964073675225e-5
beamp=6 beamq=11 I=1.0264062910511859e-16
beamp=7 beamq=11 I=2.905844586613165e-5
beamp=8 beamq=11 I=3.81469016807947e-5
beamp=9 beamq=11 I=1.614527702098845e-6
beamp=10 beamq=11 I=2.5733972850580323e-5
beamp=11 beamq=11 I=1.8647586962030845e-5
beamp=12 beamq=11 I=5.928383597832848e-17
beamp=13 beamq=11 I=1.0056417378383676e-5
beamp=14 beamq=11 I=1.5151295270209785e-5
beamp=15 beamq=11 I=7.208377577821415e-7
beamp=16 beamq=11 I=1.2716577507228482e-5
beamp=17 beamq=11 I=1.0078266937519598e-5
beamp=18 beamq=11 I=2.4688186969305337e-16
beamp=19 beamq=11 I=6.3393881924129304e-6
beamp=20 beamq=11 I=1.0221719347520853e-5
beamp=21 beamq=11 I=5.18048952661787e-7
beamp=22 beamq=11 I=9.702118505367489e-6
beamp=23 beamq=11 I=8.141686790609313e-6
beamp=24 beamq=11 I=1.7515511971955924e-16
beamp=25 beamq=11 I=5.708822063668095e-6
beamp=26 beamq=11 I=9.701774371517709e-6
beamp=27 beamq=11 I=5.180163043274743e-7
beamp=28 beamq=11 I=1.0221330457591181e-5
beamp=29 beamq=11 I=9.041231778527778e-6
beamp=30 beamq=11 I=6.525795935531306e-15
beamp=31 beamq=11 I=7.067078512796999e-6
beamp=32 beamq=11 I=1.271471545667266e-5
beamp=33 beamq=11 I=7.208293699662368e-7
beamp=34 beamq=11 I=1.515173496749103e-5
beamp=35 beamq=11 I=1.4341360167003073e-5
beamp=36 beamq=11 I=1.3671724455849587e-14
beamp=37 beamq=11 I=1.3074925765696679e-5
beamp=38 beamq=11 I=2.5733907625789825e-5
beamp=39 beamq=11 I=1.6145417627382386e-6
beamp=40 beamq=11 I=3.8147313747583644e-5
beamp=41 beamq=11 I=4.144122721345984e-5
beamp=42 beamq=11 I=3.919532025692974e-15
beamp=43 beamq=11 I=5.5015528353043e-5
beamp=44 beamq=11 I=0.00014236470634613387
beamp=45 beamq=11 I=1.3092680751928884e-5
beamp=46 beamq=11 I=0.0005597626944862319
beamp=47 beamq=11 I=0.0018951642402222604
beamp=0 beamq=12 I=0.008138020833333332
beamp=1 beamq=12 I=0.006290174098684683
beamp=2 beamq=12 I=0.0005597636822916648
beamp=3 beamq=12 I=0.0006681859698318326
beamp=4 beamq=12 I=0.0001423663795316053
beamp=5 beamq=12 I=4.725445291641566e-5
beamp=6 beamq=12 I=0.0
beamp=7 beamq=12 I=0.0001375460295628513
beamp=8 beamq=12 I=3.8146958787627367e-5
beamp=9 beamq=12 I=8.239310211672855e-5
beamp=10 beamq=12 I=2.573389836618074e-5
beamp=11 beamq=12 I=1.1230813569329773e-5
beamp=12 beamq=12 I=0.0
beamp=13 beamq=12 I=4.760076229476559e-5
beamp=14 beamq=12 I=1.51521122993452e-5
beamp=15 beamq=12 I=3.678544783252098e-5
beamp=16 beamq=12 I=1.271614515634355e-5
beamp=17 beamq=12 I=6.070059380707892e-6
beamp=18 beamq=12 I=0.0
beamp=19 beamq=12 I=3.000687478832588e-5
beamp=20 beamq=12 I=1.0221699169988696e-5
beamp=21 beamq=12 I=2.6437533367176862e-5
beamp=22 beamq=12 I=9.701969394183765e-6
beamp=23 beamq=12 I=4.903409537580719e-6
beamp=24 beamq=12 I=0.0
beamp=25 beamq=12 I=2.7022917712092272e-5
beamp=26 beamq=12 I=9.702140826059633e-6
beamp=27 beamq=12 I=2.6437533367176862e-5
beamp=28 beamq=12 I=1.0221354810181687e-5
beamp=29 beamq=12 I=5.445000442287962e-6
beamp=30 beamq=12 I=0.0
beamp=31 beamq=12 I=3.3451129701151e-5
beamp=32 beamq=12 I=1.271601523036514e-5
beamp=33 beamq=12 I=3.678544783252098e-5
beamp=34 beamq=12 I=1.515278379140293e-5
beamp=35 beamq=12 I=8.638197392320565e-6
beamp=36 beamq=12 I=0.0
beamp=37 beamq=12 I=6.189177553642452e-5
beamp=38 beamq=12 I=2.5733715306638814e-5
beamp=39 beamq=12 I=8.239310211672855e-5
beamp=40 beamq=12 I=3.814718010368489e-5
beamp=41 beamq=12 I=2.4959346784861172e-5
beamp=42 beamq=12 I=0.0
beamp=43 beamq=12 I=0.00026041153259620796
beamp=44 beamq=12 I=0.00014236632662341804
beamp=45 beamq=12 I=0.0006681859698318325
beamp=46 beamq=12 I=0.0005597651997260299
beamp=47 beamq=12 I=0.0011414182921743584
beamp=0 beamq=13 I=0.004417912310846961
beamp=1 beamq=13 I=0.0031207882014839894
beamp=2 beamq=13 I=0.0005597645270760167
beamp=3 beamq=13 I=1.0070371240855308e-5
beamp=4 beamq=13 I=0.0001423666387924775
beamp=5 beamq=13 I=9.843011629319536e-5
beamp=6 beamq=13 I=1.6374897405183283e-15
beamp=7 beamq=13 I=6.82418652704766e-5
beamp=8 beamq=13 I=3.8147238095655536e-5
beamp=9 beamq=13 I=1.2418463308914182e-6
beamp=10 beamq=13 I=2.5734305336018433e-5
beamp=11 beamq=13 I=2.3393116802977973e-5
beamp=12 beamq=13 I=1.018238069996497e-15
beamp=13 beamq=13 I=2.361739258535452e-5
beamp=14 beamq=13 I=1.5152474557455935e-5
beamp=15 beamq=13 I=5.544193448313256e-7
beamp=16 beamq=13 I=1.271399494660909e-5
beamp=17 beamq=13 I=1.2642272272175585e-5
beamp=18 beamq=13 I=7.200005927114154e-16
beamp=19 beamq=13 I=1.4887695082714852e-5
beamp=20 beamq=13 I=1.02209693622257e-5
beamp=21 beamq=13 I=3.9841565024466185e-7
beamp=22 beamq=13 I=9.702468238718807e-6
beamp=23 beamq=13 I=1.0213743819339121e-5
beamp=24 beamq=13 I=1.8002273572311395e-16
beamp=25 beamq=13 I=1.3406995665448316e-5
beamp=26 beamq=13 I=9.701758609786685e-6
beamp=27 beamq=13 I=3.9842052659798815e-7
beamp=28 beamq=13 I=1.0222366492138027e-5
beamp=29 beamq=13 I=1.1341882548775814e-5
beamp=30 beamq=13 I=3.108752088581158e-15
beamp=31 beamq=13 I=1.6598863551603322e-5
beamp=32 beamq=13 I=1.2716126214670497e-5
beamp=33 beamq=13 I=5.543840598261335e-7
beamp=34 beamq=13 I=1.5151909983960647e-5
beamp=35 beamq=13 I=1.7992265826611472e-5
beamp=36 beamq=13 I=1.7447687220426115e-14
beamp=37 beamq=13 I=3.070641641399063e-5
beamp=38 beamq=13 I=2.573389961795079e-5
beamp=39 beamq=13 I=1.2416175013580503e-6
beamp=40 beamq=13 I=3.8146431768230744e-5
beamp=41 beamq=13 I=5.198706616978716e-5
beamp=42 beamq=13 I=1.0981362597498796e-13
beamp=43 beamq=13 I=0.00012920237763193747
beamp=44 beamq=13 I=0.0001423655930680475
beamp=45 beamq=13 I=1.0071075534708963e-5
beamp=46 beamq=13 I=0.0005597637772289409
beamp=47 beamq=13 I=0.0023775472436104793
beamp=0 beamq=14 I=0.0031275533915172725
beamp=1 beamq=14 I=0.0028198355228274312
beamp=2 beamq=14 I=0.0005597633018542587
beamp=3 beamq=14 I=0.0004952507577745814
beamp=4 beamq=14 I=0.00014236651589454727
beamp=5 beamq=14 I=1.7425883212213018e-5
beamp=6 beamq=14 I=1.5008294448083195e-15
beamp=7 beamq=14 I=6.166068800919661e-5
beamp=8 beamq=14 I=3.8146385337401124e-5
beamp=9 beamq=14 I=6.106891008421175e-5
beamp=10 beamq=14 I=2.573442786794675e-5
beamp=11 beamq=14 I=4.141646807479481e-6
beamp=12 beamq=14 I=9.046311876675928e-16
beamp=13 beamq=14 I=2.1338467961030147e-5
beamp=14 beamq=14 I=1.5149565212441253e-5
beamp=15 beamq=14 I=2.7264984133890966e-5
beamp=16 beamq=14 I=1.2717151226323492e-5
beamp=17 beamq=14 I=2.2379424215346606e-6
beamp=18 beamq=14 I=2.1017823802263005e-15
beamp=19 beamq=14 I=1.3452001633501513e-5
beamp=20 beamq=14 I=1.0221538616802078e-5
beamp=21 beamq=14 I=1.9595139924593028e-5
beamp=22 beamq=14 I=9.70201935799188e-6
beamp=23 beamq=14 I=1.8083159375396693e-6
beamp=24 beamq=14 I=1.8795774037299222e-15
beamp=25 beamq=14 I=1.2113664313450374e-5
beamp=26 beamq=14 I=9.701151624006527e-6
beamp=27 beamq=14 I=1.9595050103242357e-5
beamp=28 beamq=14 I=1.0221245814231592e-5
beamp=29 beamq=14 I=2.0084370288637807e-6
beamp=30 beamq=14 I=1.6369758738636608e-15
beamp=31 beamq=14 I=1.4997104938859916e-5
beamp=32 beamq=14 I=1.2713949044069833e-5
beamp=33 beamq=14 I=2.7264657442809613e-5
beamp=34 beamq=14 I=1.5151299090865323e-5
beamp=35 beamq=14 I=3.1846973544201043e-6
beamp=36 beamq=14 I=6.0238724454199826e-15
beamp=37 beamq=14 I=2.7744410527183226e-5
beamp=38 beamq=14 I=2.573464738722015e-5
beamp=39 beamq=14 I=6.106579531864564e-5
beamp=40 beamq=14 I=3.81472699545883e-5
beamp=41 beamq=14 I=9.204079136698654e-6
beamp=42 beamq=14 I=3.426947356169445e-14
beamp=43 beamq=14 I=0.00011674208284446209
beamp=44 beamq=14 I=0.00014236730284185252
beamp=45 beamq=14 I=0.0004952487756674685
beamp=46 beamq=14 I=0.0005597737845337881
beamp=47 beamq=14 I=0.0004209039247605774
beamp=0 beamq=15 I=0.0056835518139552
beamp=1 beamq=15 I=0.004421629516502788
beamp=2 beamq=15 I=0.0005597638322579433
beamp=3 beamq=15 I=7.07707670868963e-5
beamp=4 beamq=15 I=0.00014236640230027884
beamp=5 beamq=15 I=8.68340395021342e-5
beamp=6 beamq=15 I=0.0
beamp=7 beamq=15 I=9.668673273152697e-5
beamp=8 beamq=15 I=3.8147012403915615e-5
beamp=9 beamq=15 I=8.72664720979776e-6
beamp=10 beamq=15 I=2.5734047081437583e-5
beamp=11 beamq=15 I=2.0637779889846648e-5
beamp=12 beamq=15 I=0.0
beamp=13 beamq=15 I=3.346058439433854e-5
beamp=14 beamq=15 I=1.5151944338238752e-5
beamp=15 beamq=15 I=3.896122811753944e-6
beamp=16 beamq=15 I=1.2716042128382746e-5
beamp=17 beamq=15 I=1.1153676472456728e-5
beamp=18 beamq=15 I=0.0
beamp=19 beamq=15 I=2.109286039658209e-5
beamp=20 beamq=15 I=1.0221507400156307e-5
beamp=21 beamq=15 I=2.8001250127033188e-6
beamp=22 beamq=15 I=9.702081611277699e-6
beamp=23 beamq=15 I=9.01053206100243e-6
beamp=24 beamq=15 I=0.0
beamp=25 beamq=15 I=1.8995611079294984e-5
beamp=26 beamq=15 I=9.702118960031216e-6
beamp=27 beamq=15 I=2.8001258345216537e-6
beamp=28 beamq=15 I=1.0221387015456628e-5
beamp=29 beamq=15 I=1.0006349781643896e-5
beamp=30 beamq=15 I=0.0
beamp=31 beamq=15 I=2.351450370937083e-5
beamp=32 beamq=15 I=1.2715482326568967e-5
beamp=33 beamq=15 I=3.896122659085855e-6
beamp=34 beamq=15 I=1.5152424757826319e-5
beamp=35 beamq=15 I=1.587261135609124e-5
beamp=36 beamq=15 I=0.0
beamp=37 beamq=15 I=4.350633870753115e-5
beamp=38 beamq=15 I=2.573352941585051e-5
beamp=39 beamq=15 I=8.726648428941677e-6
beamp=40 beamq=15 I=3.814723727533458e-5
beamp=41 beamq=15 I=4.586449593150426e-5
beamp=42 beamq=15 I=0.0
beamp=43 beamq=15 I=0.00018305419788301188
beamp=44 beamq=15 I=0.00014236641596445846
beamp=45 beamq=15 I=7.077076928052664e-5
beamp=46 beamq=15 I=0.000559763973284591
beamp=47 beamq=15 I=0.002097449641826917
beamp=0 beamq=16 I=0.0008137825838837609
beamp=1 beamq=16 I=0.0007431536480588311
beamp=2 beamq=16 I=0.0005597634099787001
beamp=3 beamq=16 I=0.00033409047412092416
beamp=4 beamq=16 I=0.000142366458635154
beamp=5 beamq=16 I=3.0766313745356474e-5
beamp=6 beamq=16 I=6.226143913224309e-16
beamp=7 beamq=16 I=1.6250459782122675e-5
beamp=8 beamq=16 I=3.814710255782634e-5
beamp=9 beamq=16 I=4.119563453307683e-5
beamp=10 beamq=16 I=2.5732951692096437e-5
beamp=11 beamq=16 I=7.311737222891417e-6
beamp=12 beamq=16 I=1.8070036208091738e-15
beamp=13 beamq=16 I=5.623142969801002e-6
beamp=14 beamq=16 I=1.515430354537721e-5
beamp=15 beamq=16 I=1.8392436706989923e-5
beamp=16 beamq=16 I=1.271466063325519e-5
beamp=17 beamq=16 I=3.95213449743763e-6
beamp=18 beamq=16 I=7.414361731632642e-17
beamp=19 beamq=16 I=3.5450642053816267e-6
beamp=20 beamq=16 I=1.022088123741428e-5
beamp=21 beamq=16 I=1.3218647536767162e-5
beamp=22 beamq=16 I=9.701812895156296e-6
beamp=23 beamq=16 I=3.1925760568337562e-6
beamp=24 beamq=16 I=4.449746416242591e-17
beamp=25 beamq=16 I=3.1926598125376803e-6
beamp=26 beamq=16 I=9.701882129050201e-6
beamp=27 beamq=16 I=1.321841232871753e-5
beamp=28 beamq=16 I=1.0222731669688142e-5
beamp=29 beamq=16 I=3.544356119091606e-6
beamp=30 beamq=16 I=4.584232660721313e-15
beamp=31 beamq=16 I=3.950857839381038e-6
beamp=32 beamq=16 I=1.2714515864910212e-5
beamp=33 beamq=16 I=1.8391677049139464e-5
beamp=34 beamq=16 I=1.5149202767046624e-5
beamp=35 beamq=16 I=5.623768314004164e-6
beamp=36 beamq=16 I=9.207869294148897e-15
beamp=37 beamq=16 I=7.3120863424044765e-6
beamp=38 beamq=16 I=2.5736402224927822e-5
beamp=39 beamq=16 I=4.1194423758377745e-5
beamp=40 beamq=16 I=3.814810493357615e-5
beamp=41 beamq=16 I=1.6247248148755354e-5
beamp=42 beamq=16 I=4.138693330465552e-14
beamp=43 beamq=16 I=3.076632572198618e-5
beamp=44 beamq=16 I=0.0001423788410633498
beamp=45 beamq=16 I=0.00033405877753827826
beamp=46 beamq=16 I=0.0005597661646312172
beamp=47 beamq=16 I=0.0007431918716704162
beamp=0 beamq=17 I=0.005336409517239735
beamp=1 beamq=17 I=0.004722365874877593
beamp=2 beamq=17 I=0.0005597639889807845
beamp=3 beamq=17 I=0.00015392227097302046
beamp=4 beamq=17 I=0.00014236590789116506
beamp=5 beamq=17 I=5.3602019529878575e-5
beamp=6 beamq=17 I=2.013196851159288e-15
beamp=7 beamq=17 I=0.00010326350064196558
beamp=8 beamq=17 I=3.81464976256631e-5
beamp=9 beamq=17 I=1.898023764820602e-5
beamp=10 beamq=17 I=2.5733735337403946e-5
beamp=11 beamq=17 I=1.2739724572906755e-5
beamp=12 beamq=17 I=9.579293241519908e-16
beamp=13 beamq=17 I=3.5736398154580084e-5
beamp=14 beamq=17 I=1.5153463841770195e-5
beamp=15 beamq=17 I=8.473889434318268e-6
beamp=16 beamq=17 I=1.271781100697421e-5
beamp=17 beamq=17 I=6.884654253014437e-6
beamp=18 beamq=17 I=1.136520574194245e-15
beamp=19 beamq=17 I=2.2524759459274026e-5
beamp=20 beamq=17 I=1.0221902470111178e-5
beamp=21 beamq=17 I=6.090091340802263e-6
beamp=22 beamq=17 I=9.701287492545757e-6
beamp=23 beamq=17 I=5.562583190145041e-6
beamp=24 beamq=17 I=2.119841122661762e-15
beamp=25 beamq=17 I=2.0287286118813816e-5
beamp=26 beamq=17 I=9.701996280768586e-6
beamp=27 beamq=17 I=6.0903917707695995e-6
beamp=28 beamq=17 I=1.0220851594785297e-5
beamp=29 beamq=17 I=6.178332617335951e-6
beamp=30 beamq=17 I=8.794601919183524e-15
beamp=31 beamq=17 I=2.511588616577942e-5
beamp=32 beamq=17 I=1.2721002298787607e-5
beamp=33 beamq=17 I=8.474155254759963e-6
beamp=34 beamq=17 I=1.5151774085048874e-5
beamp=35 beamq=17 I=9.794692289172443e-6
beamp=36 beamq=17 I=9.37443267634014e-15
beamp=37 beamq=17 I=4.646701058212824e-5
beamp=38 beamq=17 I=2.5729932913583323e-5
beamp=39 beamq=17 I=1.8981015222195696e-5
beamp=40 beamq=17 I=3.8146783514342135e-5
beamp=41 beamq=17 I=2.8309655172546945e-5
beamp=42 beamq=17 I=2.0743458536874707e-14
beamp=43 beamq=17 I=0.00019550711981716453
beamp=44 beamq=17 I=0.0001423566367561438
beamp=45 beamq=17 I=0.00015393877938546958
beamp=46 beamq=17 I=0.0005598048778377677
beamp=47 beamq=17 I=0.0012947782791902995
beamp=0 beamq=18 I=0.0006402966166024123
beamp=1 beamq=18 I=6.383242440472527e-5
beamp=2 beamq=18 I=0.0005597636743383488
beamp=3 beamq=18 I=0.00019570713771913814
beamp=4 beamq=18 I=0.00014236682525231337
beamp=5 beamq=18 I=6.507480252251229e-5
beamp=6 beamq=18 I=0.0
beamp=7 beamq=18 I=1.3958610993242608e-6
beamp=8 beamq=18 I=3.8146916370952505e-5
beamp=9 beamq=18 I=2.413237983494019e-5
beamp=10 beamq=18 I=2.5734118185139004e-5
beamp=11 beamq=18 I=1.546642239831094e-5
beamp=12 beamq=18 I=0.0
beamp=13 beamq=18 I=4.830676428602848e-7
beamp=14 beamq=18 I=1.515173539345336e-5
beamp=15 beamq=18 I=1.0774208079897033e-5
beamp=16 beamq=18 I=1.2715868331646996e-5
beamp=17 beamq=18 I=8.358838292511637e-6
beamp=18 beamq=18 I=0.0
beamp=19 beamq=18 I=3.04500612236257e-7
beamp=20 beamq=18 I=1.0221513815291622e-5
beamp=21 beamq=18 I=7.74337435525714e-6
beamp=22 beamq=18 I=9.702195107364257e-6
beamp=23 beamq=18 I=6.752661196493922e-6
beamp=24 beamq=18 I=0.0
beamp=25 beamq=18 I=2.7423327881721587e-7
beamp=26 beamq=18 I=9.701913987202555e-6
beamp=27 beamq=18 I=7.743373826972944e-6
beamp=28 beamq=18 I=1.0221315650194506e-5
beamp=29 beamq=18 I=7.4987878816270615e-6
beamp=30 beamq=18 I=0.0
beamp=31 beamq=18 I=3.395532225662085e-7
beamp=32 beamq=18 I=1.2715559070471481e-5
beamp=33 beamq=18 I=1.077420796063136e-5
beamp=34 beamq=18 I=1.5151891886183512e-5
beamp=35 beamq=18 I=1.1894781536483968e-5
beamp=36 beamq=18 I=0.0
beamp=37 beamq=18 I=6.281216091241738e-7
beamp=38 beamq=18 I=2.5733590459840885e-5
beamp=39 beamq=18 I=2.4132383197581842e-5
beamp=40 beamq=18 I=3.814728275947923e-5
beamp=41 beamq=18 I=3.43715356427217e-5
beamp=42 beamq=18 I=0.0
beamp=43 beamq=18 I=2.6426122563256603e-6
beamp=44 beamq=18 I=0.00014236625707551729
beamp=45 beamq=18 I=0.00019570714067276127
beamp=46 beamq=18 I=0.0005597640067559488
beamp=47 beamq=18 I=0.0015718643111921721
beamp=0 beamq=19 I=0.0038507396086363086
beamp=1 beamq=19 I=0.00403392024997238
beamp=2 beamq=19 I=0.0005597649256705354
beamp=3 beamq=19 I=0.0002345068498239465
beamp=4 beamq=19 I=0.00014236564317546437
beamp=5 beamq=19 I=1.8514663131235476e-5
beamp=6 beamq=19 I=4.194083638329668e-15
beamp=7 beamq=19 I=8.82087841086543e-5
beamp=8 beamq=19 I=3.814666591549772e-5
beamp=9 beamq=19 I=2.8916817764508933e-5
beamp=10 beamq=19 I=2.5733954749717856e-5
beamp=11 beamq=19 I=4.400369642705901e-6
beamp=12 beamq=19 I=1.748798340117016e-15
beamp=13 beamq=19 I=3.052701174425124e-5
beamp=14 beamq=19 I=1.5151999830202408e-5
beamp=15 beamq=19 I=1.2910321285058208e-5
beamp=16 beamq=19 I=1.2717635367650421e-5
beamp=17 beamq=19 I=2.3784888491387832e-6
beamp=18 beamq=19 I=7.53523333320583e-16
beamp=19 beamq=19 I=1.924377854304605e-5
beamp=20 beamq=19 I=1.0221499720713742e-5
beamp=21 beamq=19 I=9.278722912413698e-6
beamp=22 beamq=19 I=9.701769522893875e-6
beamp=23 beamq=19 I=1.9210799658208048e-6
beamp=24 beamq=19 I=4.3884212308613796e-16
beamp=25 beamq=19 I=1.732979531919322e-5
beamp=26 beamq=19 I=9.702124858279853e-6
beamp=27 beamq=19 I=9.278843468213248e-6
beamp=28 beamq=19 I=1.0221800660462147e-5
beamp=29 beamq=19 I=2.1335428840458725e-6
beamp=30 beamq=19 I=4.768513148725959e-16
beamp=31 beamq=19 I=2.1451673091154165e-5
beamp=32 beamq=19 I=1.271476937134413e-5
beamp=33 beamq=19 I=1.2910319789150476e-5
beamp=34 beamq=19 I=1.515128538575167e-5
beamp=35 beamq=19 I=3.38473423596335e-6
beamp=36 beamq=19 I=2.064467755456591e-15
beamp=37 beamq=19 I=3.969291517964835e-5
beamp=38 beamq=19 I=2.573428159546275e-5
beamp=39 beamq=19 I=2.891670830264259e-5
beamp=40 beamq=19 I=3.814661956631859e-5
beamp=41 beamq=19 I=9.779625198009056e-6
beamp=42 beamq=19 I=6.514713921138062e-15
beamp=43 beamq=19 I=0.00016700269365021964
beamp=44 beamq=19 I=0.00014237033656051812
beamp=45 beamq=19 I=0.00023450433685972543
beamp=46 beamq=19 I=0.0005597563827729323
beamp=47 beamq=19 I=0.0004472153404719947
beamp=0 beamq=20 I=0.0016432852189394481
beamp=1 beamq=20 I=0.0004516150609527753
beamp=2 beamq=20 I=0.0005597639903923452
beamp=3 beamq=20 I=8.951987657329912e-5
beamp=4 beamq=20 I=0.00014236672009989304
beamp=5 beamq=20 I=9.671868278645238e-5
beamp=6 beamq=20 I=2.5183870650038556e-15
beamp=7 beamq=20 I=9.875369486231473e-6
beamp=8 beamq=20 I=3.8146957280703136e-5
beamp=9 beamq=20 I=1.1038763197322263e-5
beamp=10 beamq=20 I=2.573386001236591e-5
beamp=11 beamq=20 I=2.298663023940364e-5
beamp=12 beamq=20 I=8.515504563063232e-17
beamp=13 beamq=20 I=3.4174941856503077e-6
beamp=14 beamq=20 I=1.515158152287496e-5
beamp=15 beamq=20 I=4.928397173028154e-6
beamp=16 beamq=20 I=1.2715322936628425e-5
beamp=17 beamq=20 I=1.2424158325395449e-5
beamp=18 beamq=20 I=1.4320503694912702e-17
beamp=19 beamq=20 I=2.154178726632568e-6
beamp=20 beamq=20 I=1.0221588704418458e-5
beamp=21 beamq=20 I=3.54204192976663e-6
beamp=22 beamq=20 I=9.70244937744232e-6
beamp=23 beamq=20 I=1.0036786809213382e-5
beamp=24 beamq=20 I=1.1760205439678706e-16
beamp=25 beamq=20 I=1.9401293096904972e-6
beamp=26 beamq=20 I=9.701871338748466e-6
beamp=27 beamq=20 I=3.542011204502991e-6
beamp=28 beamq=20 I=1.0221344588377363e-5
beamp=29 beamq=20 I=1.1145394079303887e-5
beamp=30 beamq=20 I=7.86701613864534e-16
beamp=31 beamq=20 I=2.401070006635539e-6
beamp=32 beamq=20 I=1.2714565748372294e-5
beamp=33 beamq=20 I=4.9284923400868286e-6
beamp=34 beamq=20 I=1.51521579995732e-5
beamp=35 beamq=20 I=1.767832164791552e-5
beamp=36 beamq=20 I=2.3332934253698457e-16
beamp=37 beamq=20 I=4.4437826728981806e-6
beamp=38 beamq=20 I=2.573285782484998e-5
beamp=39 beamq=20 I=1.1038342761525599e-5
beamp=40 beamq=20 I=3.8147552399575666e-5
beamp=41 beamq=20 I=5.108407915255386e-5
beamp=42 beamq=20 I=7.928375205344441e-15
beamp=43 beamq=20 I=1.869745570387218e-5
beamp=44 beamq=20 I=0.00014236799886563443
beamp=45 beamq=20 I=8.951902467776068e-5
beamp=46 beamq=20 I=0.0005597698857161596
beamp=47 beamq=20 I=0.0023362211753132313
beamp=0 beamq=21 I=0.002105468763641741
beamp=1 beamq=21 I=0.002722061999331154
beamp=2 beamq=21 I=0.000559763876865869
beamp=3 beamq=21 I=0.0002964491166242575
beamp=4 beamq=21 I=0.00014236650939251786
beamp=5 beamq=21 I=1.1399011854785586e-6
beamp=6 beamq=21 I=0.0
beamp=7 beamq=21 I=5.9522391442715715e-5
beamp=8 beamq=21 I=3.814701196561781e-5
beamp=9 beamq=21 I=3.655473512452316e-5
beamp=10 beamq=21 I=2.57340371134592e-5
beamp=11 beamq=21 I=2.70917488706883e-7
beamp=12 beamq=21 I=0.0
beamp=13 beamq=21 I=2.0599069460189862e-5
beamp=14 beamq=21 I=1.5151830889479452e-5
beamp=15 beamq=21 I=1.632032457672026e-5
beamp=16 beamq=21 I=1.271593956207175e-5
beamp=17 beamq=21 I=1.4643030672893413e-7
beamp=18 beamq=21 I=0.0
beamp=19 beamq=21 I=1.2985588555301624e-5
beamp=20 beamq=21 I=1.022163976537506e-5
beamp=21 beamq=21 I=1.1729338751243166e-5
beamp=22 beamq=21 I=9.702189281140808e-6
beamp=23 beamq=21 I=1.182772728174285e-7
beamp=24 beamq=21 I=0.0
beamp=25 beamq=21 I=1.1694045582304262e-5
beamp=26 beamq=21 I=9.701906751072956e-6
beamp=27 beamq=21 I=1.1729350412609708e-5
beamp=28 beamq=21 I=1.0221827210520818e-5
beamp=29 beamq=21 I=1.3134655737506743e-7
beamp=30 beamq=21 I=0.0
beamp=31 beamq=21 I=1.4476088758971593e-5
beamp=32 beamq=21 I=1.271565297264917e-5
beamp=33 beamq=21 I=1.6320329502776704e-5
beamp=34 beamq=21 I=1.5151981323771844e-5
beamp=35 beamq=21 I=2.0837692198010126e-7
beamp=36 beamq=21 I=0.0
beamp=37 beamq=21 I=2.6783381196861854e-5
beamp=38 beamq=21 I=2.573385340709141e-5
beamp=39 beamq=21 I=3.655474110410653e-5
beamp=40 beamq=21 I=3.81476505981831e-5
beamp=41 beamq=21 I=6.021215837667596e-7
beamp=42 beamq=21 I=0.0
beamp=43 beamq=21 I=0.00011269296892930093
beamp=44 beamq=21 I=0.0001423663113388136
beamp=45 beamq=21 I=0.000296449129339151
beamp=46 beamq=21 I=0.0005597656308871167
beamp=47 beamq=21 I=2.7533955569150583e-5
beamp=0 beamq=22 I=0.0027787260618021355
beamp=1 beamq=22 I=0.0013657092054554496
beamp=2 beamq=22 I=0.0005597629841703587
beamp=3 beamq=22 I=2.2767693530418286e-5
beamp=4 beamq=22 I=0.00014236645765091293
beamp=5 beamq=22 I=0.0001079487609952064
beamp=6 beamq=22 I=6.914047604121101e-17
beamp=7 beamq=22 I=2.986371978214712e-5
beamp=8 beamq=22 I=3.8146758246423715e-5
beamp=9 beamq=22 I=2.807475449109237e-6
beamp=10 beamq=22 I=2.573417859810627e-5
beamp=11 beamq=22 I=2.5656372829645398e-5
beamp=12 beamq=22 I=2.626592700572435e-16
beamp=13 beamq=22 I=1.0334692505296311e-5
beamp=14 beamq=22 I=1.515141964263681e-5
beamp=15 beamq=22 I=1.2533819844045277e-6
beamp=16 beamq=22 I=1.2716541258808479e-5
beamp=17 beamq=22 I=1.3866659632364465e-5
beamp=18 beamq=22 I=7.798350001054591e-16
beamp=19 beamq=22 I=6.51445897313491e-6
beamp=20 beamq=22 I=1.022113723626975e-5
beamp=21 beamq=22 I=9.007910092671015e-7
beamp=22 beamq=22 I=9.70220590766072e-6
beamp=23 beamq=22 I=1.1201679411598602e-5
beamp=24 beamq=22 I=4.935943327966559e-16
beamp=25 beamq=22 I=5.866970710432488e-6
beamp=26 beamq=22 I=9.701879566269281e-6
beamp=27 beamq=22 I=9.008380759172692e-7
beamp=28 beamq=22 I=1.022134447332621e-5
beamp=29 beamq=22 I=1.2438555280196158e-5
beamp=30 beamq=22 I=2.941587312997364e-15
beamp=31 beamq=22 I=7.263798803853175e-6
beamp=32 beamq=22 I=1.2716673331789876e-5
beamp=33 beamq=22 I=1.2533903830774553e-6
beamp=34 beamq=22 I=1.5150205356910985e-5
beamp=35 beamq=22 I=1.9731538932452642e-5
beamp=36 beamq=22 I=1.5334797414818153e-15
beamp=37 beamq=22 I=1.343706181744295e-5
beamp=38 beamq=22 I=2.5733951094846766e-5
beamp=39 beamq=22 I=2.8075777233369728e-6
beamp=40 beamq=22 I=3.8146094187214665e-5
beamp=41 beamq=22 I=5.7017355275867536e-5
beamp=42 beamq=22 I=2.9238786775134342e-15
beamp=43 beamq=22 I=5.6540932507544284e-5
beamp=44 beamq=22 I=0.00014236589907200303
beamp=45 beamq=22 I=2.2767913482105402e-5
beamp=46 beamq=22 I=0.0005597586719372927
beamp=47 beamq=22 I=0.002607455403081388
beamp=0 beamq=23 I=0.000969144072857829
beamp=1 beamq=23 I=0.0013178539808596673
beamp=2 beamq=23 I=0.0005597646512197866
beamp=3 beamq=23 I=0.0003298096614245002
beamp=4 beamq=23 I=0.000142366518431428
beamp=5 beamq=23 I=1.3241600072357209e-5
beamp=6 beamq=23 I=1.2581262709883873e-16
beamp=7 beamq=23 I=2.881741163622938e-5
beamp=8 beamq=23 I=3.814704004671019e-5
beamp=9 beamq=23 I=4.066839451815042e-5
beamp=10 beamq=23 I=2.57339202644776e-5
beamp=11 beamq=23 I=3.147362381397667e-6
beamp=12 beamq=23 I=4.764870907052766e-16
beamp=13 beamq=23 I=9.972878415823243e-6
beamp=14 beamq=23 I=1.5151653259997455e-5
beamp=15 beamq=23 I=1.8156885753581023e-5
beamp=16 beamq=23 I=1.2716777385545227e-5
beamp=17 beamq=23 I=1.700399110225124e-6
beamp=18 beamq=23 I=1.0897700023921226e-15
beamp=19 beamq=23 I=6.286446274533248e-6
beamp=20 beamq=23 I=1.0221875381843763e-5
beamp=21 beamq=23 I=1.304933379141941e-5
beamp=22 beamq=23 I=9.702529226738682e-6
beamp=23 beamq=23 I=1.3739324014983199e-6
beamp=24 beamq=23 I=7.623070649836101e-16
beamp=25 beamq=23 I=5.661211231638638e-6
beamp=26 beamq=23 I=9.701829396394259e-6
beamp=27 beamq=23 I=1.3049471123615207e-5
beamp=28 beamq=23 I=1.022140192967047e-5
beamp=29 beamq=23 I=1.5257302254417807e-6
beamp=30 beamq=23 I=1.4413677319110676e-15
beamp=31 beamq=23 I=7.00848184632342e-6
beamp=32 beamq=23 I=1.2714424428474946e-5
beamp=33 beamq=23 I=1.8157382771634412e-5
beamp=34 beamq=23 I=1.5153215967850724e-5
beamp=35 beamq=23 I=2.420287495421983e-6
beamp=36 beamq=23 I=1.2725647946072841e-14
beamp=37 beamq=23 I=1.29666633621698e-5
beamp=38 beamq=23 I=2.5733270247697273e-5
beamp=39 beamq=23 I=4.066805718220815e-5
beamp=40 beamq=23 I=3.814779321832711e-5
beamp=41 beamq=23 I=6.994239213761512e-6
beamp=42 beamq=23 I=6.352029949845244e-15
beamp=43 beamq=23 I=5.455862757643439e-5
beamp=44 beamq=23 I=0.00014236700396323584
beamp=45 beamq=23 I=0.00032981488801948645
beamp=46 beamq=23 I=0.0005597619221620544
beamp=47 beamq=23 I=0.0003198455498580299
beamp=0 beamq=24 I=0.003255208333333333
beamp=1 beamq=24 I=0.002229477339589495
beamp=2 beamq=24 I=0.0005597634452521318
beamp=3 beamq=24 I=0.0
beamp=4 beamq=24 I=0.00014236672605436317
beamp=5 beamq=24 I=9.229986241664125e-5
beamp=6 beamq=24 I=0.0
beamp=7 beamq=24 I=4.875162740435253e-5
beamp=8 beamq=24 I=3.814675568085339e-5
beamp=9 beamq=24 I=0.0
beamp=10 beamq=24 I=2.5734029345277847e-5
beamp=11 beamq=24 I=2.193674957169313e-5
beamp=12 beamq=24 I=0.0
beamp=13 beamq=24 I=1.6871624691184033e-5
beamp=14 beamq=24 I=1.515168853140982e-5
beamp=15 beamq=24 I=0.0
beamp=16 beamq=24 I=1.271595926541403e-5
beamp=17 beamq=24 I=1.1856098675011517e-5
beamp=18 beamq=24 I=0.0
beamp=19 beamq=24 I=1.0635541188014086e-5
beamp=20 beamq=24 I=1.0221476948581533e-5
beamp=21 beamq=24 I=0.0
beamp=22 beamq=24 I=9.702199948590531e-6
beamp=23 beamq=24 I=9.577793841115557e-6
beamp=24 beamq=24 I=0.0
beamp=25 beamq=24 I=9.577954573699514e-6
beamp=26 beamq=24 I=9.702015408324625e-6
beamp=27 beamq=24 I=0.0
beamp=28 beamq=24 I=1.022140245111731e-5
beamp=29 beamq=24 I=1.0635996140619098e-5
beamp=30 beamq=24 I=0.0
beamp=31 beamq=24 I=1.1856886152694036e-5
beamp=32 beamq=24 I=1.2715512745918537e-5
beamp=33 beamq=24 I=0.0
beamp=34 beamq=24 I=1.5151724600484724e-5
beamp=35 beamq=24 I=1.687192460809456e-5
beamp=36 beamq=24 I=0.0
beamp=37 beamq=24 I=2.1936892926953316e-5
beamp=38 beamq=24 I=2.5734064101805554e-5
beamp=39 beamq=24 I=0.0
beamp=40 beamq=24 I=3.8147580825023676e-5
beamp=41 beamq=24 I=4.875098485726119e-5
beamp=42 beamq=24 I=0.0
beamp=43 beamq=24 I=9.229988008831519e-5
beamp=44 beamq=24 I=0.00014236645399093724
beamp=45 beamq=24 I=0.0
beamp=46 beamq=24 I=0.0005597620935038172
beamp=47 beamq=24 I=0.0022294777569043843
beamp=0 beamq=25 I=0.0009691667032006355
beamp=1 beamq=25 I=0.0003198510571731448
beamp=2 beamq=25 I=0.0005597639717227871
beamp=3 beamq=25 I=0.0003298154744644931
beamp=4 beamq=25 I=0.00014236593554521772
beamp=5 beamq=25 I=5.455926521571607e-5
beamp=6 beamq=25 I=1.7519464792376444e-16
beamp=7 beamq=25 I=6.994128188434851e-6
beamp=8 beamq=25 I=3.814692234361776e-5
beamp=9 beamq=25 I=4.066916896835325e-5
beamp=10 beamq=25 I=2.5734205473181585e-5
beamp=11 beamq=25 I=1.2966759661058113e-5
beamp=12 beamq=25 I=5.547529350315739e-16
beamp=13 beamq=25 I=2.4204187245311865e-6
beamp=14 beamq=25 I=1.5151940488542552e-5
beamp=15 beamq=25 I=1.8157253201882176e-5
beamp=16 beamq=25 I=1.2715486791931713e-5
beamp=17 beamq=25 I=7.0089035329660585e-6
beamp=18 beamq=25 I=1.295678064983328e-17
beamp=19 beamq=25 I=1.525895100260189e-6
beamp=20 beamq=25 I=1.0221710520219577e-5
beamp=21 beamq=25 I=1.3049549054806723e-5
beamp=22 beamq=25 I=9.701934233354235e-6
beamp=23 beamq=25 I=5.66171493380393e-6
beamp=24 beamq=25 I=2.1729218540230317e-17
beamp=25 beamq=25 I=1.3743010587965696e-6
beamp=26 beamq=25 I=9.702035548069818e-6
beamp=27 beamq=25 I=1.3049589762708516e-5
beamp=28 beamq=25 I=1.0221335821667936e-5
beamp=29 beamq=25 I=6.286717833442818e-6
beamp=30 beamq=25 I=1.274219896986219e-16
beamp=31 beamq=25 I=1.7011269911939198e-6
beamp=32 beamq=25 I=1.2716055695235106e-5
beamp=33 beamq=25 I=1.8157566191868098e-5
beamp=34 beamq=25 I=1.5151914808518005e-5
beamp=35 beamq=25 I=9.973339929944959e-6
beamp=36 beamq=25 I=1.2117407703865317e-14
beamp=37 beamq=25 I=3.147223685650795e-6
beamp=38 beamq=25 I=2.5734132310800873e-5
beamp=39 beamq=25 I=4.0669613068388224e-5
beamp=40 beamq=25 I=3.814687909606456e-5
beamp=41 beamq=25 I=2.8817550504225368e-5
beamp=42 beamq=25 I=1.0858425929600201e-15
beamp=43 beamq=25 I=1.3241628213492815e-5
beamp=44 beamq=25 I=0.00014236517186815408
beamp=45 beamq=25 I=0.0003298108850404043
beamp=46 beamq=25 I=0.0005597653152670957
beamp=47 beamq=25 I=0.0013178646762304089
beamp=0 beamq=26 I=0.002778761987486219
beamp=1 beamq=26 I=0.002607499837241358
beamp=2 beamq=26 I=0.0005597656041855012
beamp=3 beamq=26 I=2.2767231082875153e-5
beamp=4 beamq=26 I=0.00014236656062132684
beamp=5 beamq=26 I=5.654075181854966e-5
beamp=6 beamq=26 I=5.162722282378111e-16
beamp=7 beamq=26 I=5.701802537206333e-5
beamp=8 beamq=26 I=3.814715988593316e-5
beamp=9 beamq=26 I=2.8074657519142524e-6
beamp=10 beamq=26 I=2.5734272534788622e-5
beamp=11 beamq=26 I=1.343792591951001e-5
beamp=12 beamq=26 I=8.440965663704854e-16
beamp=13 beamq=26 I=1.9732491005447235e-5
beamp=14 beamq=26 I=1.515139940891134e-5
beamp=15 beamq=26 I=1.2533886676926534e-6
beamp=16 beamq=26 I=1.2716094314657231e-5
beamp=17 beamq=26 I=7.262968450002887e-6
beamp=18 beamq=26 I=8.999442720261188e-16
beamp=19 beamq=26 I=1.243901110993101e-5
beamp=20 beamq=26 I=1.0221526130125143e-5
beamp=21 beamq=26 I=9.007326458153984e-7
beamp=22 beamq=26 I=9.702333318892638e-6
beamp=23 beamq=26 I=5.866960607682244e-6
beamp=24 beamq=26 I=6.724312223936139e-16
beamp=25 beamq=26 I=1.1202008790818944e-5
beamp=26 beamq=26 I=9.702152206873324e-6
beamp=27 beamq=26 I=9.007659594517142e-7
beamp=28 beamq=26 I=1.022147492335747e-5
beamp=29 beamq=26 I=6.51583524643819e-6
beamp=30 beamq=26 I=3.678201045247594e-15
beamp=31 beamq=26 I=1.3865231267251794e-5
beamp=32 beamq=26 I=1.2713897865443778e-5
beamp=33 beamq=26 I=1.2533515456592896e-6
beamp=34 beamq=26 I=1.515221402208205e-5
beamp=35 beamq=26 I=1.0335354340138467e-5
beamp=36 beamq=26 I=1.1257824551775864e-14
beamp=37 beamq=26 I=2.5656931219121297e-5
beamp=38 beamq=26 I=2.5733933684153653e-5
beamp=39 beamq=26 I=2.8072563609735986e-6
beamp=40 beamq=26 I=3.814795223939348e-5
beamp=41 beamq=26 I=2.986351234941411e-5
beamp=42 beamq=26 I=4.511750357358869e-14
beamp=43 beamq=26 I=0.00010795122170216598
beamp=44 beamq=26 I=0.000142365079550111
beamp=45 beamq=26 I=2.276911076857904e-5
beamp=46 beamq=26 I=0.000559776552099319
beamp=47 beamq=26 I=0.0013657470509687566
beamp=0 beamq=27 I=0.002105468763641741
beamp=1 beamq=27 I=2.753336542716602e-5
beamp=2 beamq=27 I=0.0005597636558597112
beamp=3 beamq=27 I=0.000296449129339151
beamp=4 beamq=27 I=0.00014236646771896016
beamp=5 beamq=27 I=0.00011269281672793173
beamp=6 beamq=27 I=0.0
beamp=7 beamq=27 I=6.020528693459446e-7
beamp=8 beamq=27 I=3.8147128324663015e-5
beamp=9 beamq=27 I=3.655474110410653e-5
beamp=10 beamq=27 I=2.5734124815448702e-5
beamp=11 beamq=27 I=2.6783708915359545e-5
beamp=12 beamq=27 I=0.0
beamp=13 beamq=27 I=2.0832522488532355e-7
beamp=14 beamq=27 I=1.5151599554463173e-5
beamp=15 beamq=27 I=1.6320329502776704e-5
beamp=16 beamq=27 I=1.2715776571564933e-5
beamp=17 beamq=27 I=1.447534629994922e-5
beamp=18 beamq=27 I=0.0
beamp=19 beamq=27 I=1.3134083925435728e-7
beamp=20 beamq=27 I=1.0221496122578945e-5
beamp=21 beamq=27 I=1.1729350412609708e-5
beamp=22 beamq=27 I=9.702301476423588e-6
beamp=23 beamq=27 I=1.1693842780314633e-5
beamp=24 beamq=27 I=0.0
beamp=25 beamq=27 I=1.1827316610008872e-7
beamp=26 beamq=27 I=9.701947303740243e-6
beamp=27 beamq=27 I=1.1729338751243166e-5
beamp=28 beamq=27 I=1.0221320923295767e-5
beamp=29 beamq=27 I=1.2985891388061198e-5
beamp=30 beamq=27 I=0.0
beamp=31 beamq=27 I=1.463534797728456e-7
beamp=32 beamq=27 I=1.2715311379708589e-5
beamp=33 beamq=27 I=1.632032457672026e-5
beamp=34 beamq=27 I=1.5151548419831186e-5
beamp=35 beamq=27 I=2.0598977201648835e-5
beamp=36 beamq=27 I=0.0
beamp=37 beamq=27 I=2.7093309083027614e-7
beamp=38 beamq=27 I=2.5733712351321552e-5
beamp=39 beamq=27 I=3.655473512452316e-5
beamp=40 beamq=27 I=3.814753928824869e-5
beamp=41 beamq=27 I=5.952258742347663e-5
beamp=42 beamq=27 I=0.0
beamp=43 beamq=27 I=1.1399238905947926e-6
beamp=44 beamq=27 I=0.00014236757632566456
beamp=45 beamq=27 I=0.0002964491166242575
beamp=46 beamq=27 I=0.000559763645626753
beamp=47 beamq=27 I=0.002722057883817676
beamp=0 beamq=28 I=0.0016432716900117716
beamp=1 beamq=28 I=0.0023362072640068505
beamp=2 beamq=28 I=0.0005597642864251778
beamp=3 beamq=28 I=8.952256136476418e-5
beamp=4 beamq=28 I=0.00014236658858413732
beamp=5 beamq=28 I=1.8696154447650753e-5
beamp=6 beamq=28 I=2.069787122365348e-15
beamp=7 beamq=28 I=5.108551862879104e-5
beamp=8 beamq=28 I=3.8146859278346756e-5
beamp=9 beamq=28 I=1.1039009692668448e-5
beamp=10 beamq=28 I=2.5734435202043878e-5
beamp=11 beamq=28 I=4.443587532838426e-6
beamp=12 beamq=28 I=1.5343719495195898e-15
beamp=13 beamq=28 I=1.7678879562866435e-5
beamp=14 beamq=28 I=1.5151747082490109e-5
beamp=15 beamq=28 I=4.928683774874998e-6
beamp=16 beamq=28 I=1.2713813063682985e-5
beamp=17 beamq=28 I=2.401449992984031e-6
beamp=18 beamq=28 I=1.9568268085195144e-15
beamp=19 beamq=28 I=1.1144874710351213e-5
beamp=20 beamq=28 I=1.0221260180659866e-5
beamp=21 beamq=28 I=3.5423217325267774e-6
beamp=22 beamq=28 I=9.702176053558707e-6
beamp=23 beamq=28 I=1.93991998637526e-6
beamp=24 beamq=28 I=1.5286008317056306e-15
beamp=25 beamq=28 I=1.0036384314728023e-5
beamp=26 beamq=28 I=9.701310378465758e-6
beamp=27 beamq=28 I=3.5421744091500925e-6
beamp=28 beamq=28 I=1.0221212844054304e-5
beamp=29 beamq=28 I=2.154301158983448e-6
beamp=30 beamq=28 I=4.944526595165403e-16
beamp=31 beamq=28 I=1.2425767261111049e-5
beamp=32 beamq=28 I=1.2718037319301443e-5
beamp=33 beamq=28 I=4.928444141635351e-6
beamp=34 beamq=28 I=1.514994322406358e-5
beamp=35 beamq=28 I=3.4178400305319967e-6
beamp=36 beamq=28 I=9.983356191791784e-16
beamp=37 beamq=28 I=2.2986201906218137e-5
beamp=38 beamq=28 I=2.5734386340131393e-5
beamp=39 beamq=28 I=1.103824490931386e-5
beamp=40 beamq=28 I=3.8146450257893616e-5
beamp=41 beamq=28 I=9.875213001453807e-6
beamp=42 beamq=28 I=2.4729409239405047e-15
beamp=43 beamq=28 I=9.671736113592378e-5
beamp=44 beamq=28 I=0.0001423672892270645
beamp=45 beamq=28 I=8.951897158820837e-5
beamp=46 beamq=28 I=0.0005597590542521198
beamp=47 beamq=28 I=0.0004515990388673363
beamp=0 beamq=29 I=0.0038508547679390543
beamp=1 beamq=29 I=0.00044723441967963026
beamp=2 beamq=29 I=0.0005597631238529037
beamp=3 beamq=29 I=0.00023451771158446798
beamp=4 beamq=29 I=0.00014236606721971246
beamp=5 beamq=29 I=0.00016700644859266316
beamp=6 beamq=29 I=1.4595168245275698e-15
beamp=7 beamq=29 I=9.77952246842523e-6
beamp=8 beamq=29 I=3.8147135562024685e-5
beamp=9 beamq=29 I=2.891869876935911e-5
beamp=10 beamq=29 I=2.5733946778611777e-5
beamp=11 beamq=29 I=3.9691764522706065e-5
beamp=12 beamq=29 I=1.3767617055808247e-15
beamp=13 beamq=29 I=3.3841054487007857e-6
beamp=14 beamq=29 I=1.5150366323038925e-5
beamp=15 beamq=29 I=1.2911309646031633e-5
beamp=16 beamq=29 I=1.2716876803999163e-5
beamp=17 beamq=29 I=2.1454802098893643e-5
beamp=18 beamq=29 I=3.62530666113472e-15
beamp=19 beamq=29 I=2.1335598049338065e-6
beamp=20 beamq=29 I=1.0221290986592399e-5
beamp=21 beamq=29 I=9.27925160726536e-6
beamp=22 beamq=29 I=9.7018873175609e-6
beamp=23 beamq=29 I=1.7330410048461913e-5
beamp=24 beamq=29 I=1.5495507799343869e-15
beamp=25 beamq=29 I=1.921314836803088e-6
beamp=26 beamq=29 I=9.702217401219908e-6
beamp=27 beamq=29 I=9.279306637773426e-6
beamp=28 beamq=29 I=1.0220685582078559e-5
beamp=29 beamq=29 I=1.924631719593544e-5
beamp=30 beamq=29 I=3.5324351453546012e-15
beamp=31 beamq=29 I=2.3771014171237304e-6
beamp=32 beamq=29 I=1.2712455347837303e-5
beamp=33 beamq=29 I=1.2910986851897453e-5
beamp=34 beamq=29 I=1.5151425570705642e-5
beamp=35 beamq=29 I=3.05277488276936e-5
beamp=36 beamq=29 I=5.332142989044758e-15
beamp=37 beamq=29 I=4.400642244084523e-6
beamp=38 beamq=29 I=2.5735190870563187e-5
beamp=39 beamq=29 I=2.891783591495496e-5
beamp=40 beamq=29 I=3.814764334192155e-5
beamp=41 beamq=29 I=8.821058379446744e-5
beamp=42 beamq=29 I=1.350918730360096e-14
beamp=43 beamq=29 I=1.8515085837838615e-5
beamp=44 beamq=29 I=0.00014236841965593357
beamp=45 beamq=29 I=0.00023451062664134299
beamp=46 beamq=29 I=0.0005597860681383334
beamp=47 beamq=29 I=0.00403405595149524
beamp=0 beamq=30 I=0.0006402966166024123
beamp=1 beamq=30 I=0.0015718686398697177
beamp=2 beamq=30 I=0.0005597638862068458
beamp=3 beamq=30 I=0.00019570714067276127
beamp=4 beamq=30 I=0.0001423665273733237
beamp=5 beamq=30 I=2.6426968739738576e-6
beamp=6 beamq=30 I=0.0
beamp=7 beamq=30 I=3.437177036703103e-5
beamp=8 beamq=30 I=3.814677461032366e-5
beamp=9 beamq=30 I=2.4132383197581842e-5
beamp=10 beamq=30 I=2.5733765947073232e-5
beamp=11 beamq=30 I=6.281300096148086e-7
beamp=12 beamq=30 I=0.0
beamp=13 beamq=30 I=1.189527271684468e-5
beamp=14 beamq=30 I=1.5151646907822286e-5
beamp=15 beamq=30 I=1.077420796063136e-5
beamp=16 beamq=30 I=1.2715762751021453e-5
beamp=17 beamq=30 I=3.394246934275824e-7
beamp=18 beamq=30 I=0.0
beamp=19 beamq=30 I=7.4985858598414986e-6
beamp=20 beamq=30 I=1.0221625308222756e-5
beamp=21 beamq=30 I=7.743373826972944e-6
beamp=22 beamq=30 I=9.702073721946162e-6
beamp=23 beamq=30 I=2.742195166917034e-7
beamp=24 beamq=30 I=0.0
beamp=25 beamq=30 I=6.7526284376936404e-6
beamp=26 beamq=30 I=9.702000184469271e-6
beamp=27 beamq=30 I=7.74337435525714e-6
beamp=28 beamq=30 I=1.0221265713668046e-5
beamp=29 beamq=30 I=3.04580028303697e-7
beamp=30 beamq=30 I=0.0
beamp=31 beamq=30 I=8.359327756533008e-6
beamp=32 beamq=30 I=1.2715270073030628e-5
beamp=33 beamq=30 I=1.0774208079897033e-5
beamp=34 beamq=30 I=1.515175390890312e-5
beamp=35 beamq=30 I=4.830381660702506e-7
beamp=36 beamq=30 I=0.0
beamp=37 beamq=30 I=1.5466535528039236e-5
beamp=38 beamq=30 I=2.573374710280621e-5
beamp=39 beamq=30 I=2.413237983494019e-5
beamp=40 beamq=30 I=3.814790723880082e-5
beamp=41 beamq=30 I=1.3959907553296911e-6
beamp=42 beamq=30 I=0.0
beamp=43 beamq=30 I=6.50744746684589e-5
beamp=44 beamq=30 I=0.00014236743395258373
beamp=45 beamq=30 I=0.00019570713771913814
beamp=46 beamq=30 I=0.0005597632082863319
beamp=47 beamq=30 I=6.383175283789511e-5
beamp=0 beamq=31 I=0.005336462824701194
beamp=1 beamq=31 I=0.0012947791876604068
beamp=2 beamq=31 I=0.000559763552971897
beamp=3 beamq=31 I=0.00015392067107845966
beamp=4 beamq=31 I=0.0001423666964902355
beamp=5 beamq=31 I=0.0001955055180781631
beamp=6 beamq=31 I=2.4973354728214287e-17
beamp=7 beamq=31 I=2.8312893267827476e-5
beamp=8 beamq=31 I=3.814725409215995e-5
beamp=9 beamq=31 I=1.8979777604803013e-5
beamp=10 beamq=31 I=2.5733661775992383e-5
beamp=11 beamq=31 I=4.6464632256572266e-5
beamp=12 beamq=31 I=5.6185445926135395e-15
beamp=13 beamq=31 I=9.799853092345364e-6
beamp=14 beamq=31 I=1.51494770535547e-5
beamp=15 beamq=31 I=8.473529418122763e-6
beamp=16 beamq=31 I=1.2712466531328094e-5
beamp=17 beamq=31 I=2.5112444806043248e-5
beamp=18 beamq=31 I=3.146834689889711e-15
beamp=19 beamq=31 I=6.17717841983126e-6
beamp=20 beamq=31 I=1.0220568775114227e-5
beamp=21 beamq=31 I=6.089883064405026e-6
beamp=22 beamq=31 I=9.702290201102731e-6
beamp=23 beamq=31 I=2.028552561557316e-5
beamp=24 beamq=31 I=1.4667109576929163e-15
beamp=25 beamq=31 I=5.563028119512348e-6
beamp=26 beamq=31 I=9.70249195189602e-6
beamp=27 beamq=31 I=6.0897965691211726e-6
beamp=28 beamq=31 I=1.0222162977830682e-5
beamp=29 beamq=31 I=2.2527775380409256e-5
beamp=30 beamq=31 I=2.739555837861426e-15
beamp=31 beamq=31 I=6.887482490596815e-6
beamp=32 beamq=31 I=1.2711182785216136e-5
beamp=33 beamq=31 I=8.473640411939487e-6
beamp=34 beamq=31 I=1.5147778329583424e-5
beamp=35 beamq=31 I=3.574024481372503e-5
beamp=36 beamq=31 I=9.55943596579311e-15
beamp=37 beamq=31 I=1.273932240151432e-5
beamp=38 beamq=31 I=2.5736079550202233e-5
beamp=39 beamq=31 I=1.8979497462121432e-5
beamp=40 beamq=31 I=3.8146392970427e-5
beamp=41 beamq=31 I=0.0001032654874275455
beamp=42 beamq=31 I=4.339047680365926e-14
beamp=43 beamq=31 I=5.360282035615096e-5
beamp=44 beamq=31 I=0.0001423715412480048
beamp=45 beamq=31 I=0.00015392825668667762
beamp=46 beamq=31 I=0.0005597287766862971
beamp=47 beamq=31 I=0.004722365757147012
beamp=0 beamq=32 I=0.0008138390456179378
beamp=1 beamq=32 I=0.0007431709860693542
beamp=2 beamq=32 I=0.0005597635083141519
beamp=3 beamq=32 I=0.0003340970520167482
beamp=4 beamq=32 I=0.000142366689919411
beamp=5 beamq=32 I=3.076705145527278e-5
beamp=6 beamq=32 I=1.765668412983164e-16
beamp=7 beamq=32 I=1.6250842554298664e-5
beamp=8 beamq=32 I=3.814691671431818e-5
beamp=9 beamq=32 I=4.119727144146134e-5
beamp=10 beamq=32 I=2.5732243584836916e-5
beamp=11 beamq=32 I=7.311534481401688e-6
beamp=12 beamq=32 I=1.2097550428138517e-15
beamp=13 beamq=32 I=5.623414678535381e-6
beamp=14 beamq=32 I=1.515391175261e-5
beamp=15 beamq=32 I=1.839342104831808e-5
beamp=16 beamq=32 I=1.2714427018625101e-5
beamp=17 beamq=32 I=3.953533741341749e-6
beamp=18 beamq=32 I=2.9150582410893593e-15
beamp=19 beamq=32 I=3.544330508053293e-6
beamp=20 beamq=32 I=1.022070218468168e-5
beamp=21 beamq=32 I=1.3219342755618796e-5
beamp=22 beamq=32 I=9.700909838088481e-6
beamp=23 beamq=32 I=3.192358228600275e-6
beamp=24 beamq=32 I=3.0083560967862633e-15
beamp=25 beamq=32 I=3.1926672823954492e-6
beamp=26 beamq=32 I=9.702283030152191e-6
beamp=27 beamq=32 I=1.3219264649938267e-5
beamp=28 beamq=32 I=1.0222199822154001e-5
beamp=29 beamq=32 I=3.544906083053199e-6
beamp=30 beamq=32 I=8.407197283540983e-16
beamp=31 beamq=32 I=3.952633576337728e-6
beamp=32 beamq=32 I=1.271757478536014e-5
beamp=33 beamq=32 I=1.8393079922554226e-5
beamp=34 beamq=32 I=1.5148682324150815e-5
beamp=35 beamq=32 I=5.6252453802349625e-6
beamp=36 beamq=32 I=3.0553043096094113e-16
beamp=37 beamq=32 I=7.3120228687257505e-6
beamp=38 beamq=32 I=2.5737122104113246e-5
beamp=39 beamq=32 I=4.1197706267531795e-5
beamp=40 beamq=32 I=3.814752632934127e-5
beamp=41 beamq=32 I=1.6249105653020796e-5
beamp=42 beamq=32 I=2.484234696570562e-15
beamp=43 beamq=32 I=3.0765282031539034e-5
beamp=44 beamq=32 I=0.0001423786665249148
beamp=45 beamq=32 I=0.00033408748636118733
beamp=46 beamq=32 I=0.0005597627185310334
beamp=47 beamq=32 I=0.0007432184191693634
beamp=0 beamq=33 I=0.0056835518139552
beamp=1 beamq=33 I=0.0020974503641946773
beamp=2 beamq=33 I=0.0005597637315587115
beamp=3 beamq=33 I=7.077076928052664e-5
beamp=4 beamq=33 I=0.00014236635067649874
beamp=5 beamq=33 I=0.00018305414453327238
beamp=6 beamq=33 I=0.0
beamp=7 beamq=33 I=4.5864873328454144e-5
beamp=8 beamq=33 I=3.814700706762887e-5
beamp=9 beamq=33 I=8.726648428941677e-6
beamp=10 beamq=33 I=2.5734402156471435e-5
beamp=11 beamq=33 I=4.350578870476684e-5
beamp=12 beamq=33 I=0.0
beamp=13 beamq=33 I=1.58718412379344e-5
beamp=14 beamq=33 I=1.5151758902156543e-5
beamp=15 beamq=33 I=3.896122659085855e-6
beamp=16 beamq=33 I=1.2715678123758768e-5
beamp=17 beamq=33 I=2.351343076573277e-5
beamp=18 beamq=33 I=0.0
beamp=19 beamq=33 I=1.0005692256927857e-5
beamp=20 beamq=33 I=1.0221326971199406e-5
beamp=21 beamq=33 I=2.8001258345216537e-6
beamp=22 beamq=33 I=9.70226616934186e-6
beamp=23 beamq=33 I=1.8994546407389415e-5
beamp=24 beamq=33 I=0.0
beamp=25 beamq=33 I=9.01108471899842e-6
beamp=26 beamq=33 I=9.702168552999437e-6
beamp=27 beamq=33 I=2.8001250127033188e-6
beamp=28 beamq=33 I=1.0221330493812919e-5
beamp=29 beamq=33 I=2.109392432062061e-5
beamp=30 beamq=33 I=0.0
beamp=31 beamq=33 I=1.1154493390971502e-5
beamp=32 beamq=33 I=1.2714885925974016e-5
beamp=33 beamq=33 I=3.896122811753944e-6
beamp=34 beamq=33 I=1.515135106137489e-5
beamp=35 beamq=33 I=3.3460571795787396e-5
beamp=36 beamq=33 I=0.0
beamp=37 beamq=33 I=2.063770602292899e-5
beamp=38 beamq=33 I=2.5734319237906856e-5
beamp=39 beamq=33 I=8.72664720979776e-6
beamp=40 beamq=33 I=3.8147252076244765e-5
beamp=41 beamq=33 I=9.668648644955997e-5
beamp=42 beamq=33 I=0.0
beamp=43 beamq=33 I=8.683329616079297e-5
beamp=44 beamq=33 I=0.00014236891590208253
beamp=45 beamq=33 I=7.07707670868963e-5
beamp=46 beamq=33 I=0.0005597657211327918
beamp=47 beamq=33 I=0.004421624886865387
beamp=0 beamq=34 I=0.0031275484752613333
beamp=1 beamq=34 I=0.0004208889665775144
beamp=2 beamq=34 I=0.0005597641860433942
beamp=3 beamq=34 I=0.0004952427682394242
beamp=4 beamq=34 I=0.0001423669028741656
beamp=5 beamq=34 I=0.00011674155926483796
beamp=6 beamq=34 I=8.442467735464651e-15
beamp=7 beamq=34 I=9.203509406401846e-6
beamp=8 beamq=34 I=3.814739635507026e-5
beamp=9 beamq=34 I=6.106687756386614e-5
beamp=10 beamq=34 I=2.5734050805097255e-5
beamp=11 beamq=34 I=2.7747148648794754e-5
beamp=12 beamq=34 I=3.0084012718767832e-15
beamp=13 beamq=34 I=3.185294334702119e-6
beamp=14 beamq=34 I=1.5152361510295381e-5
beamp=15 beamq=34 I=2.7264306659149553e-5
beamp=16 beamq=34 I=1.2716444096610804e-5
beamp=17 beamq=34 I=1.4994142078214396e-5
beamp=18 beamq=34 I=1.4860458964355745e-15
beamp=19 beamq=34 I=2.008456771354795e-6
beamp=20 beamq=34 I=1.0221582256408563e-5
beamp=21 beamq=34 I=1.9594996417865358e-5
beamp=22 beamq=34 I=9.702551140967916e-6
beamp=23 beamq=34 I=1.2114623836711592e-5
beamp=24 beamq=34 I=8.797510065635764e-16
beamp=25 beamq=34 I=1.8081927255890132e-6
beamp=26 beamq=34 I=9.702695878000627e-6
beamp=27 beamq=34 I=1.9594535934583085e-5
beamp=28 beamq=34 I=1.0221766308007439e-5
beamp=29 beamq=34 I=1.3452692567929376e-5
beamp=30 beamq=34 I=5.610249316616763e-15
beamp=31 beamq=34 I=2.2393209639722573e-6
beamp=32 beamq=34 I=1.2711078317145372e-5
beamp=33 beamq=34 I=2.7264404820773307e-5
beamp=34 beamq=34 I=1.5156705830309107e-5
beamp=35 beamq=34 I=2.1334606090627437e-5
beamp=36 beamq=34 I=1.0305804694152551e-14
beamp=37 beamq=34 I=4.140316940281088e-6
beamp=38 beamq=34 I=2.5733650902151682e-5
beamp=39 beamq=34 I=6.106782811157653e-5
beamp=40 beamq=34 I=3.814827794769948e-5
beamp=41 beamq=34 I=6.166074705389391e-5
beamp=42 beamq=34 I=2.2192138986563737e-14
beamp=43 beamq=34 I=1.742441185939146e-5
beamp=44 beamq=34 I=0.00014236861667494085
beamp=45 beamq=34 I=0.0004952464211833703
beamp=46 beamq=34 I=0.00055976269972081
beamp=47 beamq=34 I=0.002819874408981705
beamp=0 beamq=35 I=0.004417898308551501
beamp=1 beamq=35 I=0.002377563468272876
beamp=2 beamq=35 I=0.000559762713467425
beamp=3 beamq=35 I=1.0069133373561572e-5
beamp=4 beamq=35 I=0.0001423662287709041
beamp=5 beamq=35 I=0.0001291985649623259
beamp=6 beamq=35 I=5.093875444425281e-15
beamp=7 beamq=35 I=5.198941845843364e-5
beamp=8 beamq=35 I=3.8147196409578596e-5
beamp=9 beamq=35 I=1.2414985253687708e-6
beamp=10 beamq=35 I=2.5734511127159174e-5
beamp=11 beamq=35 I=3.0707011422353734e-5
beamp=12 beamq=35 I=3.202558164046414e-15
beamp=13 beamq=35 I=1.7992425280488553e-5
beamp=14 beamq=35 I=1.5152868716522359e-5
beamp=15 beamq=35 I=5.542254270383598e-7
beamp=16 beamq=35 I=1.271478008744822e-5
beamp=17 beamq=35 I=1.6592146876121738e-5
beamp=18 beamq=35 I=1.6194394684123392e-15
beamp=19 beamq=35 I=1.13422005914754e-5
beamp=20 beamq=35 I=1.0220764467345318e-5
beamp=21 beamq=35 I=3.982891690980715e-7
beamp=22 beamq=35 I=9.703078284399296e-6
beamp=23 beamq=35 I=1.340640155951667e-5
beamp=24 beamq=35 I=2.6052135889837363e-15
beamp=25 beamq=35 I=1.0214385854210353e-5
beamp=26 beamq=35 I=9.70164748199072e-6
beamp=27 beamq=35 I=3.9828095468510556e-7
beamp=28 beamq=35 I=1.022206323219537e-5
beamp=29 beamq=35 I=1.4889124416023058e-5
beamp=30 beamq=35 I=4.210479372745353e-15
beamp=31 beamq=35 I=1.264528093007975e-5
beamp=32 beamq=35 I=1.2717567005782665e-5
beamp=33 beamq=35 I=5.543050281733649e-7
beamp=34 beamq=35 I=1.5150668566550507e-5
beamp=35 beamq=35 I=2.3616183087223797e-5
beamp=36 beamq=35 I=2.3193936147054028e-15
beamp=37 beamq=35 I=2.339538509156379e-5
beamp=38 beamq=35 I=2.573397103859617e-5
beamp=39 beamq=35 I=1.2416115189654549e-6
beamp=40 beamq=35 I=3.814646762754609e-5
beamp=41 beamq=35 I=6.823896150896264e-5
beamp=42 beamq=35 I=7.150386737063997e-15
beamp=43 beamq=35 I=9.843178886943654e-5
beamp=44 beamq=35 I=0.00014236771284502876
beamp=45 beamq=35 I=1.0069303902261512e-5
beamp=46 beamq=35 I=0.0005597573874615461
beamp=47 beamq=35 I=0.00312073416667219
beamp=0 beamq=36 I=0.008138020833333332
beamp=1 beamq=36 I=0.001141416196906312
beamp=2 beamq=36 I=0.0005597642510722571
beamp=3 beamq=36 I=0.0006681859698318326
beamp=4 beamq=36 I=0.00014236644110160788
beamp=5 beamq=36 I=0.0002604122831341854
beamp=6 beamq=36 I=0.0
beamp=7 beamq=36 I=2.4959093030302702e-5
beamp=8 beamq=36 I=3.8146581700286386e-5
beamp=9 beamq=36 I=8.239310211672855e-5
beamp=10 beamq=36 I=2.5734002335248515e-5
beamp=11 beamq=36 I=6.189262734371513e-5
beamp=12 beamq=36 I=0.0
beamp=13 beamq=36 I=8.638484353765674e-6
beamp=14 beamq=36 I=1.5152523693714338e-5
beamp=15 beamq=36 I=3.678544783252098e-5
beamp=16 beamq=36 I=1.2714961311691615e-5
beamp=17 beamq=36 I=3.3450434243848026e-5
beamp=18 beamq=36 I=0.0
beamp=19 beamq=36 I=5.444766573956253e-6
beamp=20 beamq=36 I=1.0221228414846788e-5
beamp=21 beamq=36 I=2.6437533367176862e-5
beamp=22 beamq=36 I=9.70201754410658e-6
beamp=23 beamq=36 I=2.7023264233188385e-5
beamp=24 beamq=36 I=0.0
beamp=25 beamq=36 I=4.902874995992276e-6
beamp=26 beamq=36 I=9.701499161964898e-6
beamp=27 beamq=36 I=2.6437533367176862e-5
beamp=28 beamq=36 I=1.0221641891068602e-5
beamp=29 beamq=36 I=3.0007695855089417e-5
beamp=30 beamq=36 I=0.0
beamp=31 beamq=36 I=6.0697356028070274e-6
beamp=32 beamq=36 I=1.2714834509611088e-5
beamp=33 beamq=36 I=3.678544783252098e-5
beamp=34 beamq=36 I=1.515121103136619e-5
beamp=35 beamq=36 I=4.7600843464897534e-5
beamp=36 beamq=36 I=0.0
beamp=37 beamq=36 I=1.1230790054128062e-5
beamp=38 beamq=36 I=2.573445732134923e-5
beamp=39 beamq=36 I=8.239310211672855e-5
beamp=40 beamq=36 I=3.81472787137584e-5
beamp=41 beamq=36 I=0.00013754634875939403
beamp=42 beamq=36 I=0.0
beamp=43 beamq=36 I=4.72546355563046e-5
beamp=44 beamq=36 I=0.00014236716364698633
beamp=45 beamq=36 I=0.0006681859698318325
beamp=46 beamq=36 I=0.0005597657004480505
beamp=47 beamq=36 I=0.006290181483802278
beamp=0 beamq=37 I=0.0019348337074686687
beamp=1 beamq=37 I=0.0018951766275623419
beamp=2 beamq=37 I=0.0005597656048184628
beamp=3 beamq=37 I=1.309260301037465e-5
beamp=4 beamq=37 I=0.00014236639900160004
beamp=5 beamq=37 I=5.501638854714277e-5
beamp=6 beamq=37 I=1.1401091704474457e-15
beamp=7 beamq=37 I=4.14409359018295e-5
beamp=8 beamq=37 I=3.814685543074516e-5
beamp=9 beamq=37 I=1.6144627686660885e-6
beamp=10 beamq=37 I=2.573384366461779e-5
beamp=11 beamq=37 I=1.307612536028808e-5
beamp=12 beamq=37 I=8.960620376845367e-16
beamp=13 beamq=37 I=1.4341445527192164e-5
beamp=14 beamq=37 I=1.5152918663437185e-5
beamp=15 beamq=37 I=7.208198374597325e-7
beamp=16 beamq=37 I=1.271619882960257e-5
beamp=17 beamq=37 I=7.0657925596821165e-6
beamp=18 beamq=37 I=8.384750910438744e-16
beamp=19 beamq=37 I=9.041356459295929e-6
beamp=20 beamq=37 I=1.0221366151567464e-5
beamp=21 beamq=37 I=5.180388580335507e-7
beamp=22 beamq=37 I=9.70213221225073e-6
beamp=23 beamq=37 I=5.708809395765838e-6
beamp=24 beamq=37 I=2.9420277701299363e-16
beamp=25 beamq=37 I=8.142014446059758e-6
beamp=26 beamq=37 I=9.70200213810445e-6
beamp=27 beamq=37 I=5.180121420304866e-7
beamp=28 beamq=37 I=1.022170423018242e-5
beamp=29 beamq=37 I=6.339880360521477e-6
beamp=30 beamq=37 I=1.449329841615258e-16
beamp=31 beamq=37 I=1.007911358981519e-5
beamp=32 beamq=37 I=1.2715631816275592e-5
beamp=33 beamq=37 I=7.207858782760743e-7
beamp=34 beamq=37 I=1.5152753771515813e-5
beamp=35 beamq=37 I=1.005618255189719e-5
beamp=36 beamq=37 I=8.145633509428854e-17
beamp=37 beamq=37 I=1.8647573825038416e-5
beamp=38 beamq=37 I=2.573414490296725e-5
beamp=39 beamq=37 I=1.614436480159271e-6
beamp=40 beamq=37 I=3.814608174628705e-5
beamp=41 beamq=37 I=2.9059473518765337e-5
beamp=42 beamq=37 I=2.2450467094817352e-15
beamp=43 beamq=37 I=7.845903644263523e-5
beamp=44 beamq=37 I=0.0001423647663358074
beamp=45 beamq=37 I=1.3093004578004464e-5
beamp=46 beamq=37 I=0.0005597650855856421
beamp=47 beamq=37 I=0.001328891887490585
beamp=0 beamq=38 I=0.015765124948565523
beamp=1 beamq=38 I=0.0032321298018495644
beamp=2 beamq=38 I=0.0005597617729980322
beamp=3 beamq=38 I=0.0008411234857626235
beamp=4 beamq=38 I=0.0001423661211747878
beamp=5 beamq=38 I=0.0004462819760727211
beamp=6 beamq=38 I=8.610914354241956e-15
beamp=7 beamq=38 I=7.06761623530917e-5
beamp=8 beamq=38 I=3.814649740355997e-5
beamp=9 beamq=38 I=0.00010371773751650969
beamp=10 beamq=38 I=2.573351427024566e-5
beamp=11 beamq=38 I=0.00010606769278573813
beamp=12 beamq=38 I=1.6521095291879375e-15
beamp=13 beamq=38 I=2.4459034440955642e-5
beamp=14 beamq=38 I=1.5152152689385192e-5
beamp=15 beamq=38 I=4.630627643459316e-5
beamp=16 beamq=38 I=1.2716068600509362e-5
beamp=17 beamq=38 I=5.732421213725333e-5
beamp=18 beamq=38 I=2.1350312468491894e-15
beamp=19 beamq=38 I=1.5418592448580456e-5
beamp=20 beamq=38 I=1.0221082066986166e-5
beamp=21 beamq=38 I=3.3280075791045186e-5
beamp=22 beamq=38 I=9.702141356072768e-6
beamp=23 beamq=38 I=4.6309114897831294e-5
beamp=24 beamq=38 I=8.797510065635764e-16
beamp=25 beamq=38 I=1.388472541905695e-5
beamp=26 beamq=38 I=9.701426766396591e-6
beamp=27 beamq=38 I=3.327989167704587e-5
beamp=28 beamq=38 I=1.0221089848366924e-5
beamp=29 beamq=38 I=5.142423278487474e-5
beamp=30 beamq=38 I=6.095023212989343e-16
beamp=31 beamq=38 I=1.718525666993882e-5
beamp=32 beamq=38 I=1.2716957709422358e-5
beamp=33 beamq=38 I=4.630575710315824e-5
beamp=34 beamq=38 I=1.5151127680936497e-5
beamp=35 beamq=38 I=8.157548667274028e-5
beamp=36 beamq=38 I=1.2186997107368571e-15
beamp=37 beamq=38 I=3.180324088509315e-5
beamp=38 beamq=38 I=2.5733551714776518e-5
beamp=39 beamq=38 I=0.00010371803016211743
beamp=40 beamq=38 I=3.814566164504345e-5
beamp=41 beamq=38 I=0.00023571963682257865
beamp=42 beamq=38 I=3.2355529207851266e-15
beamp=43 beamq=38 I=0.0001338086213480609
beamp=44 beamq=38 I=0.00014236600510881794
beamp=45 beamq=38 I=0.0008411212923791411
beamp=46 beamq=38 I=0.000559759029566431
beamp=47 beamq=38 I=0.010779788774363159
beamp=0 beamq=39 I=0.00013284313123843746
beamp=1 beamq=39 I=0.0009734596816416182
beamp=2 beamq=39 I=0.0005597639800696639
beamp=3 beamq=39 I=0.0001585144105601641
beamp=4 beamq=39 I=0.00014236629080567774
beamp=5 beamq=39 I=1.1656914252512536e-5
beamp=6 beamq=39 I=0.0
beamp=7 beamq=39 I=2.1286298294269344e-5
beamp=8 beamq=39 I=3.814728371743463e-5
beamp=9 beamq=39 I=1.9546196389930355e-5
beamp=10 beamq=39 I=2.5734304886163667e-5
beamp=11 beamq=39 I=2.770470400378004e-6
beamp=12 beamq=39 I=0.0
beamp=13 beamq=39 I=7.3657314638184515e-6
beamp=14 beamq=39 I=1.5152524132161035e-5
beamp=15 beamq=39 I=8.726648428941677e-6
beamp=16 beamq=39 I=1.2715026201183114e-5
beamp=17 beamq=39 I=1.4973619995910007e-6
beamp=18 beamq=39 I=0.0
beamp=19 beamq=39 I=4.644149759165525e-6
beamp=20 beamq=39 I=1.0221111094419543e-5
beamp=21 beamq=39 I=6.271802035390226e-6
beamp=22 beamq=39 I=9.701990807148577e-6
beamp=23 beamq=39 I=1.2098224616835296e-6
beamp=24 beamq=39 I=0.0
beamp=25 beamq=39 I=4.182088953325671e-6
beamp=26 beamq=39 I=9.701791270045587e-6
beamp=27 beamq=39 I=6.271802267098822e-6
beamp=28 beamq=39 I=1.022136846033435e-5
beamp=29 beamq=39 I=1.343406542720667e-6
beamp=30 beamq=39 I=0.0
beamp=31 beamq=39 I=5.176590717071944e-6
beamp=32 beamq=39 I=1.2715137316357135e-5
beamp=33 beamq=39 I=8.72664720979776e-6
beamp=34 beamq=39 I=1.515132718302421e-5
beamp=35 beamq=39 I=2.1309134550332837e-6
beamp=36 beamq=39 I=0.0
beamp=37 beamq=39 I=9.578698411841358e-6
beamp=38 beamq=39 I=2.573454290343267e-5
beamp=39 beamq=39 I=1.9546190873883524e-5
beamp=40 beamq=39 I=3.8147611821845004e-5
beamp=41 beamq=39 I=6.156825643254252e-6
beamp=42 beamq=39 I=0.0
beamp=43 beamq=39 I=4.030154088948606e-5
beamp=44 beamq=39 I=0.0001423678898443559
beamp=45 beamq=39 I=0.00015851440649496977
beamp=46 beamq=39 I=0.0005597621820027149
beamp=47 beamq=39 I=0.0002815677273616566
beamp=0 beamq=40 I=0.02522772748482441
beamp=1 beamq=40 I=0.006688392428885951
beamp=2 beamq=40 I=0.0005597614490423058
beamp=3 beamq=40 I=0.0010022815138254523
beamp=4 beamq=40 I=0.00014236650237165095
beamp=5 beamq=40 I=0.0006460960154381881
beamp=6 beamq=40 I=6.416364925632365e-15
beamp=7 beamq=40 I=0.00014625457630034093
beamp=8 beamq=40 I=3.814696674914713e-5
beamp=9 beamq=40 I=0.00012358909317970726
beamp=10 beamq=40 I=2.573406844239822e-5
beamp=11 beamq=40 I=0.0001535564398975328
beamp=12 beamq=40 I=8.500709720917857e-16
beamp=13 beamq=40 I=5.0615551636728866e-5
beamp=14 beamq=40 I=1.5152271946323082e-5
beamp=15 beamq=40 I=5.5177722819458344e-5
beamp=16 beamq=40 I=1.2713362011981617e-5
beamp=17 beamq=40 I=8.299490715104395e-5
beamp=18 beamq=40 I=7.521652571618187e-16
beamp=19 beamq=40 I=3.1906870014012374e-5
beamp=20 beamq=40 I=1.0220474562987401e-5
beamp=21 beamq=40 I=3.965591354245984e-5
beamp=22 beamq=40 I=9.701795937407897e-6
beamp=23 beamq=40 I=6.704549441997158e-5
beamp=24 beamq=40 I=1.1197097936344047e-15
beamp=25 beamq=40 I=2.8732071394070386e-5
beamp=26 beamq=40 I=9.701930039336135e-6
beamp=27 beamq=40 I=3.96562153283999e-5
beamp=28 beamq=40 I=1.0221755975243618e-5
beamp=29 beamq=40 I=7.444994787201867e-5
beamp=30 beamq=40 I=3.771273025491896e-15
beamp=31 beamq=40 I=3.556663374773429e-5
beamp=32 beamq=40 I=1.2717004130112909e-5
beamp=33 beamq=40 I=5.517747925355867e-5
beamp=34 beamq=40 I=1.5151492435753368e-5
beamp=35 beamq=40 I=0.00011810160949875543
beamp=36 beamq=40 I=2.139548755901212e-15
beamp=37 beamq=40 I=6.581145940509845e-5
beamp=38 beamq=40 I=2.5733883722158625e-5
beamp=39 beamq=40 I=0.00012358871683791332
beamp=40 beamq=40 I=3.8145587167172124e-5
beamp=41 beamq=40 I=0.00034125864867702495
beamp=42 beamq=40 I=7.670470613564452e-15
beamp=43 beamq=40 I=0.0002768972109229616
beamp=44 beamq=40 I=0.00014236678293578424
beamp=45 beamq=40 I=0.0010022630600617908
beamp=46 beamq=40 I=0.0005597621897484978
beamp=47 beamq=40 I=0.015606244888388372
beamp=0 beamq=41 I=0.00394756107200446
beamp=1 beamq=41 I=0.0011503820732323947
beamp=2 beamq=41 I=0.0005597624434985957
beamp=3 beamq=41 I=0.0006329245690376219
beamp=4 beamq=41 I=0.00014236550736097516
beamp=5 beamq=41 I=0.00010486291404435304
beamp=6 beamq=41 I=1.6033599596302951e-15
beamp=7 beamq=41 I=2.515535894537367e-5
beamp=8 beamq=41 I=3.814651468931776e-5
beamp=9 beamq=41 I=7.804502930142349e-5
beamp=10 beamq=41 I=2.573492411551791e-5
beamp=11 beamq=41 I=2.4922057065575765e-5
beamp=12 beamq=41 I=3.7299378176658865e-16
beamp=13 beamq=41 I=8.704656367620688e-6
beamp=14 beamq=41 I=1.5152667317162676e-5
beamp=15 beamq=41 I=3.4844264512514804e-5
beamp=16 beamq=41 I=1.2711872746542892e-5
beamp=17 beamq=41 I=1.3471159283669462e-5
beamp=18 beamq=41 I=1.1078061572823241e-15
beamp=19 beamq=41 I=5.488086460307094e-6
beamp=20 beamq=41 I=1.0221435963525588e-5
beamp=21 beamq=41 I=2.5042365333339845e-5
beamp=22 beamq=41 I=9.702160549204544e-6
beamp=23 beamq=41 I=1.0881600495929472e-5
beamp=24 beamq=41 I=1.3453706645555803e-15
beamp=25 beamq=41 I=4.94236436359294e-6
beamp=26 beamq=41 I=9.701576493146912e-6
beamp=27 beamq=41 I=2.5042582567897956e-5
beamp=28 beamq=41 I=1.0221567503425196e-5
beamp=29 beamq=41 I=1.2082725122247244e-5
beamp=30 beamq=41 I=7.553416307140223e-15
beamp=31 beamq=41 I=6.119222420329022e-6
beamp=32 beamq=41 I=1.2717913407518696e-5
beamp=33 beamq=41 I=3.484393396014397e-5
beamp=34 beamq=41 I=1.515285592838597e-5
beamp=35 beamq=41 I=1.916781041288097e-5
beamp=36 beamq=41 I=2.7031249508000185e-15
beamp=37 beamq=41 I=1.1318401776812318e-5
beamp=38 beamq=41 I=2.5734417094528052e-5
beamp=39 beamq=41 I=7.804631861548345e-5
beamp=40 beamq=41 I=3.814680116399457e-5
beamp=41 beamq=41 I=5.538919075190949e-5
beamp=42 beamq=41 I=3.340102197464725e-15
beamp=43 beamq=41 I=4.7625920628898594e-5
beamp=44 beamq=41 I=0.00014236749752966023
beamp=45 beamq=41 I=0.0006329284002991602
beamp=46 beamq=41 I=0.0005597634222417837
beamp=47 beamq=41 I=0.0025329532898041842
beamp=0 beamq=42 I=0.035166994325827525
beamp=1 beamq=42 I=0.011136909721847147
beamp=2 beamq=42 I=0.000559763860356957
beamp=3 beamq=42 I=0.0011406648000729632
beamp=4 beamq=42 I=0.0001423663081004856
beamp=5 beamq=42 I=0.0008249479921211792
beamp=6 beamq=42 I=0.0
beamp=7 beamq=42 I=0.00024352931952772598
beamp=8 beamq=42 I=3.814720844401899e-5
beamp=9 beamq=42 I=0.00014065382869541982
beamp=10 beamq=42 I=2.573388461617737e-5
beamp=11 beamq=42 I=0.00019606383829565886
beamp=12 beamq=42 I=0.0
beamp=13 beamq=42 I=8.428203801186428e-5
beamp=14 beamq=42 I=1.5153128262059277e-5
beamp=15 beamq=42 I=6.279668621333293e-5
beamp=16 beamq=42 I=1.271399543376981e-5
beamp=17 beamq=42 I=0.00010596711757402213
beamp=18 beamq=42 I=0.0
beamp=19 beamq=42 I=5.312578382545218e-5
beamp=20 beamq=42 I=1.0221081490803693e-5
beamp=21 beamq=42 I=4.513169132556965e-5
beamp=22 beamq=42 I=9.702217049797331e-6
beamp=23 beamq=42 I=8.560258177128845e-5
beamp=24 beamq=42 I=0.0
beamp=25 beamq=42 I=4.784419877788914e-5
beamp=26 beamq=42 I=9.700640523493893e-6
beamp=27 beamq=42 I=4.513169185385385e-5
beamp=28 beamq=42 I=1.0221351732601179e-5
beamp=29 beamq=42 I=9.505948580163003e-5
beamp=30 beamq=42 I=0.0
beamp=31 beamq=42 I=5.922692542939087e-5
beamp=32 beamq=42 I=1.271418294601972e-5
beamp=33 beamq=42 I=6.27966863325986e-5
beamp=34 beamq=42 I=1.5149275191193031e-5
beamp=35 beamq=42 I=0.00015079789263340346
beamp=36 beamq=42 I=0.0
beamp=37 beamq=42 I=0.00010957958862160259
beamp=38 beamq=42 I=2.5736170135407335e-5
beamp=39 beamq=42 I=0.00014065382533277816
beamp=40 beamq=42 I=3.81481122086844e-5
beamp=41 beamq=42 I=0.0004357281583919251
beamp=42 beamq=42 I=0.0
beamp=43 beamq=42 I=0.00046106485171755024
beamp=44 beamq=42 I=0.0001423680223411388
beamp=45 beamq=42 I=0.00114066479711934
beamp=46 beamq=42 I=0.0005597627302526443
beamp=47 beamq=42 I=0.01992641572365048
beamp=0 beamq=43 I=0.027830941475147142
beamp=1 beamq=43 I=0.007657130622677326
beamp=2 beamq=43 I=0.0005597641491661234
beamp=3 beamq=43 I=0.0020351680988911517
beamp=4 beamq=43 I=0.00014236662431397283
beamp=5 beamq=43 I=0.0006092884071663994
beamp=6 beamq=43 I=9.18977102350923e-16
beamp=7 beamq=43 I=0.00016743729886350213
beamp=8 beamq=43 I=3.814699663292867e-5
beamp=9 beamq=43 I=0.00025095379484565543
beamp=10 beamq=43 I=2.573364543518064e-5
beamp=11 beamq=43 I=0.00014480942034893597
beamp=12 beamq=43 I=9.842127565052917e-16
beamp=13 beamq=43 I=5.794629448308927e-5
beamp=14 beamq=43 I=1.5152998208450126e-5
beamp=15 beamq=43 I=0.0001120419213369764
beamp=16 beamq=43 I=1.2712040146781439e-5
beamp=17 beamq=43 I=7.826275273393633e-5
beamp=18 beamq=43 I=8.267747425991349e-16
beamp=19 beamq=43 I=3.652743795161532e-5
beamp=20 beamq=43 I=1.0221152647141249e-5
beamp=21 beamq=43 I=8.052391983512098e-5
beamp=22 beamq=43 I=9.702876112853087e-6
beamp=23 beamq=43 I=6.322398989549451e-5
beamp=24 beamq=43 I=2.0069033963611888e-16
beamp=25 beamq=43 I=3.289425142458708e-5
beamp=26 beamq=43 I=9.70203756322896e-6
beamp=27 beamq=43 I=8.052481206338277e-5
beamp=28 beamq=43 I=1.0221502607116031e-5
beamp=29 beamq=43 I=7.020744467195562e-5
beamp=30 beamq=43 I=5.562160432757979e-15
beamp=31 beamq=43 I=4.071980845646456e-5
beamp=32 beamq=43 I=1.271673899014381e-5
beamp=33 beamq=43 I=0.00011204128345164706
beamp=34 beamq=43 I=1.5151389173335525e-5
beamp=35 beamq=43 I=0.00011137491870363448
beamp=36 beamq=43 I=6.0126069072215004e-15
beamp=37 beamq=43 I=7.534142267961914e-5
beamp=38 beamq=43 I=2.573332066980304e-5
beamp=39 beamq=43 I=0.00025095258321153075
beamp=40 beamq=43 I=3.814703889536842e-5
beamp=41 beamq=43 I=0.00032181907759278516
beamp=42 beamq=43 I=1.6763939637857183e-15
beamp=43 beamq=43 I=0.0003170027468041953
beamp=44 beamq=43 I=0.00014236692863062
beamp=45 beamq=43 I=0.002035163195687463
beamp=46 beamq=43 I=0.0005597609831879646
beamp=47 beamq=43 I=0.014717156463250692
beamp=0 beamq=44 I=0.043929632454041335
beamp=1 beamq=44 I=0.015897866053447483
beamp=2 beamq=44 I=0.0005597633849367947
beamp=3 beamq=44 I=0.001246849007161387
beamp=4 beamq=44 I=0.0001423666059888792
beamp=5 beamq=44 I=0.000949347148598279
beamp=6 beamq=44 I=2.490163927201342e-16
beamp=7 beamq=44 I=0.0003476372476058803
beamp=8 beamq=44 I=3.814737267589776e-5
beamp=9 beamq=44 I=0.00015374742838586587
beamp=10 beamq=44 I=2.573422056427133e-5
beamp=11 beamq=44 I=0.00022562816081300008
beamp=12 beamq=44 I=3.481418350941475e-16
beamp=13 beamq=44 I=0.00012030904705269306
beamp=14 beamq=44 I=1.5152631845447452e-5
beamp=15 beamq=44 I=6.864266542880377e-5
beamp=16 beamq=44 I=1.270983783217278e-5
beamp=17 beamq=44 I=0.00012195249496470037
beamp=18 beamq=44 I=3.498810760791763e-16
beamp=19 beamq=44 I=7.583684863185385e-5
beamp=20 beamq=44 I=1.0221058531347181e-5
beamp=21 beamq=44 I=4.9333272658952094e-5
beamp=22 beamq=44 I=9.702338359500665e-6
beamp=23 beamq=44 I=9.851339679097368e-5
beamp=24 beamq=44 I=6.985198371690463e-17
beamp=25 beamq=44 I=6.829578897791822e-5
beamp=26 beamq=44 I=9.701504692683027e-6
beamp=27 beamq=44 I=4.9333674195954256e-5
beamp=28 beamq=44 I=1.0222098826693148e-5
beamp=29 beamq=44 I=0.00010939703763318949
beamp=30 beamq=44 I=2.645905051769833e-16
beamp=31 beamq=44 I=8.453813791849879e-5
beamp=32 beamq=44 I=1.2715530159510569e-5
beamp=33 beamq=44 I=6.864182960015e-5
beamp=34 beamq=44 I=1.5151428952853287e-5
beamp=35 beamq=44 I=0.00017353228600109385
beamp=36 beamq=44 I=5.923019055833571e-16
beamp=37 beamq=44 I=0.00015643003276877133
beamp=38 beamq=44 I=2.5735680302593772e-5
beamp=39 beamq=44 I=0.0001537484264143371
beamp=40 beamq=44 I=3.814842775622119e-5
beamp=41 beamq=44 I=0.0005014338636619535
beamp=42 beamq=44 I=7.565133596243907e-16
beamp=43 beamq=44 I=0.0006581682485080015
beamp=44 beamq=44 I=0.00014236852957126082
beamp=45 beamq=44 I=0.0012468568934044732
beamp=46 beamq=44 I=0.0005597564150396783
beamp=47 beamq=44 I=0.022931211506802458
beamp=0 beamq=45 I=0.1418177150920772
beamp=1 beamq=45 I=0.04702679273138993
beamp=2 beamq=45 I=0.0005597629170218087
beamp=3 beamq=45 I=0.0074924973343528534
beamp=4 beamq=45 I=0.00014236641876064075
beamp=5 beamq=45 I=0.0027862080429991833
beamp=6 beamq=45 I=0.0
beamp=7 beamq=45 I=0.0010283319063499065
beamp=8 beamq=45 I=3.814651405321388e-5
beamp=9 beamq=45 I=0.0009238896681610059
beamp=10 beamq=45 I=2.5733069498909444e-5
beamp=11 beamq=45 I=0.0006621918227942259
beamp=12 beamq=45 I=0.0
beamp=13 beamq=45 I=0.0003558868241439491
beamp=14 beamq=45 I=1.5155742784149919e-5
beamp=15 beamq=45 I=0.00041248227131377585
beamp=16 beamq=45 I=1.2709374313778801e-5
beamp=17 beamq=45 I=0.0003579099075805387
beamp=18 beamq=45 I=0.0
beamp=19 beamq=45 I=0.00022432983040498376
beamp=20 beamq=45 I=1.0220752099001076e-5
beamp=21 beamq=45 I=0.000296449129339151
beamp=22 beamq=45 I=9.70129430797535e-6
beamp=23 beamq=45 I=0.0002891214822627465
beamp=24 beamq=45 I=0.0
beamp=25 beamq=45 I=0.00020202334611613376
beamp=26 beamq=45 I=9.700671860497147e-6
beamp=27 beamq=45 I=0.0002964491166242575
beamp=28 beamq=45 I=1.0222674991092152e-5
beamp=29 beamq=45 I=0.0003210436793287889
beamp=30 beamq=45 I=0.0
beamp=31 beamq=45 I=0.00025009358977652683
beamp=32 beamq=45 I=1.2714964891905918e-5
beamp=33 beamq=45 I=0.00041248226775953144
beamp=34 beamq=45 I=1.51480767472072e-5
beamp=35 beamq=45 I=0.0005093119265625676
beamp=36 beamq=45 I=0.0
beamp=37 beamq=45 I=0.0004627084955023561
beamp=38 beamq=45 I=2.5735353932324817e-5
beamp=39 beamq=45 I=0.0009238896664783254
beamp=40 beamq=45 I=3.814776527889309e-5
beamp=41 beamq=45 I=0.0014716446696260094
beamp=42 beamq=45 I=0.0
beamp=43 beamq=45 I=0.0019468843391163334
beamp=44 beamq=45 I=0.0001423692502206639
beamp=45 beamq=45 I=0.007492497323509524
beamp=46 beamq=45 I=0.0005597555642234804
beamp=47 beamq=45 I=0.06730035370702198
beamp=0 beamq=46 I=0.04994299914764268
beamp=1 beamq=46 I=0.020132505751761755
beamp=2 beamq=46 I=0.0005597632678679862
beamp=3 beamq=46 I=0.0013135989469951824
beamp=4 beamq=46 I=0.00014236557819470515
beamp=5 beamq=46 I=0.0009952330243710324
beamp=6 beamq=46 I=6.004898907401486e-17
beamp=7 beamq=46 I=0.0004402303045759128
beamp=8 beamq=46 I=3.8146891322681024e-5
beamp=9 beamq=46 I=0.00016197809611749516
beamp=10 beamq=46 I=2.573425655010399e-5
beamp=11 beamq=46 I=0.00023653543338469988
beamp=12 beamq=46 I=1.357511470132892e-17
beamp=13 beamq=46 I=0.0001523455732247728
beamp=14 beamq=46 I=1.5151842765566812e-5
beamp=15 beamq=46 I=7.231696245063341e-5
beamp=16 beamq=46 I=1.2713215652683633e-5
beamp=17 beamq=46 I=0.00012783421229818875
beamp=18 beamq=46 I=3.48435473182529e-16
beamp=19 beamq=46 I=9.604122869574622e-5
beamp=20 beamq=46 I=1.0221545598889152e-5
beamp=21 beamq=46 I=5.19735913609994e-5
beamp=22 beamq=46 I=9.702380729468458e-6
beamp=23 beamq=46 I=0.00010327415010987507
beamp=24 beamq=46 I=2.9221507303010353e-16
beamp=25 beamq=46 I=8.648947523145885e-5
beamp=26 beamq=46 I=9.702010810859774e-6
beamp=27 beamq=46 I=5.197352576010161e-5
beamp=28 beamq=46 I=1.0221030028962753e-5
beamp=29 beamq=46 I=0.00011468990407000642
beamp=30 beamq=46 I=1.80814429184481e-15
beamp=31 beamq=46 I=0.00010705834126100968
beamp=32 beamq=46 I=1.2711481958015432e-5
beamp=33 beamq=46 I=7.231593952009786e-5
beamp=34 beamq=46 I=1.5152224833234878e-5
beamp=35 beamq=46 I=0.00018191570923038145
beamp=36 beamq=46 I=9.600723175085441e-15
beamp=37 beamq=46 I=0.00019809353979695303
beamp=38 beamq=46 I=2.5735050482492878e-5
beamp=39 beamq=46 I=0.0001619764049347618
beamp=40 beamq=46 I=3.814803633985648e-5
beamp=41 beamq=46 I=0.0005256643487256522
beamp=42 beamq=46 I=6.81714703495521e-15
beamp=43 beamq=46 I=0.0008334816323134037
beamp=44 beamq=46 I=0.0001423697315305699
beamp=45 beamq=46 I=0.0013135800586172811
beamp=46 beamq=46 I=0.0005597609443669365
beamp=47 beamq=46 I=0.024039434789945587
beamp=0 beamq=47 I=1.6574422097310981
beamp=1 beamq=47 I=0.6338638819246964
beamp=2 beamq=47 I=0.0005597664488299978
beamp=3 beamq=47 I=0.07677280760152658
beamp=4 beamq=47 I=0.0001423658779915557
beamp=5 beamq=47 I=0.029411035920004686
beamp=6 beamq=47 I=1.4926979285146783e-16
beamp=7 beamq=47 I=0.013860590347986819
beamp=8 beamq=47 I=3.814705456102643e-5
beamp=9 beamq=47 I=0.009466747816300485
beamp=10 beamq=47 I=2.5734663465320607e-5
beamp=11 beamq=47 I=0.006990078008673729
beamp=12 beamq=47 I=6.092425645284431e-16
beamp=13 beamq=47 I=0.004796724947418682
beamp=14 beamq=47 I=1.5148929222814577e-5
beamp=15 beamq=47 I=0.004226551748496142
beamp=16 beamq=47 I=1.271125736136281e-5
beamp=17 beamq=47 I=0.003777876934649991
beamp=18 beamq=47 I=1.799033040775511e-15
beamp=19 beamq=47 I=0.0030237719040241565
beamp=20 beamq=47 I=1.021893967910384e-5
beamp=21 beamq=47 I=0.0030376064654102693
beamp=22 beamq=47 I=9.702193391470574e-6
beamp=23 beamq=47 I=0.0030518973786258013
beamp=24 beamq=47 I=7.730813240726848e-16
beamp=25 beamq=47 I=0.002723059472049083
beamp=26 beamq=47 I=9.701826346173245e-6
beamp=27 beamq=47 I=0.003037607956739496
beamp=28 beamq=47 I=1.022174798396752e-5
beamp=29 beamq=47 I=0.003389095102627862
beamp=30 beamq=47 I=4.4059830473011186e-16
beamp=31 beamq=47 I=0.003370830148858522
beamp=32 beamq=47 I=1.2707072258205779e-5
beamp=33 beamq=47 I=0.004226565810479915
beamp=34 beamq=47 I=1.5146128105919072e-5
beamp=35 beamq=47 I=0.005376073459706748
beamp=36 beamq=47 I=2.0174848142826052e-14
beamp=37 beamq=47 I=0.006236839767481417
beamp=38 beamq=47 I=2.5737504719504476e-5
beamp=39 beamq=47 I=0.009466762362922931
beamp=40 beamq=47 I=3.814954516952479e-5
beamp=41 beamq=47 I=0.015534528958724387
beamp=42 beamq=47 I=3.937291483153739e-16
beamp=43 beamq=47 I=0.02624177869922988
beamp=44 beamq=47 I=0.00014236915517725531
beamp=45 beamq=47 I=0.07677299301834889
beamp=46 beamq=47 I=0.0005597575518912739
beamp=47 beamq=47 I=0.7104145642818437
Copying data from CPU to GPU...
Running kernel...
Copying data back from GPU to CPU...
Done.
