[Choosing CUDA device...]
NVIDIA A40
[Creating frb kernel...]
[Done creating frb kernel]
CHORD FRB beamformer
Compiling kernel...
Allocating input data...
Setting up input data...
Tbarmin = 0
Tbarmax = 240
Fbar_in_min = 0
Fbar_in_max = 256
Ttildemin = 0
Ttildemax = 40
Fbar_out_min = 0
Fbar_out_max = 256
num_threads = 32
num_warps = 24
num_blocks = 256
dish_grid = [(0, 0), (1, 0), (2, 0), (3, 0), (4, 0), (5, 0), (6, 0), (7, 0), (8, 0), (9, 0), (10, 0), (11, 0), (12, 0), (13, 0), (14, 0), (15, 0), (16, 0), (17, 0), (18, 0), (19, 0), (20, 0), (21, 0), (22, 0), (23, 0), (0, 1), (1, 1), (2, 1), (3, 1), (4, 1), (5, 1), (6, 1), (7, 1), (8, 1), (9, 1), (10, 1), (11, 1), (12, 1), (13, 1), (14, 1), (15, 1), (16, 1), (17, 1), (18, 1), (19, 1), (20, 1), (21, 1), (22, 1), (23, 1), (0, 2), (1, 2), (2, 2), (3, 2), (4, 2), (5, 2), (6, 2), (7, 2), (8, 2), (9, 2), (10, 2), (11, 2), (12, 2), (13, 2), (14, 2), (15, 2), (16, 2), (17, 2), (18, 2), (19, 2), (20, 2), (21, 2), (22, 2), (23, 2), (0, 3), (1, 3), (2, 3), (3, 3), (4, 3), (5, 3), (6, 3), (7, 3), (8, 3), (9, 3), (10, 3), (11, 3), (12, 3), (13, 3), (14, 3), (15, 3), (16, 3), (17, 3), (18, 3), (19, 3), (20, 3), (21, 3), (22, 3), (23, 3), (0, 4), (1, 4), (2, 4), (3, 4), (4, 4), (5, 4), (6, 4), (7, 4), (8, 4), (9, 4), (10, 4), (11, 4), (12, 4), (13, 4), (14, 4), (15, 4), (16, 4), (17, 4), (18, 4), (19, 4), (20, 4), (21, 4), (22, 4), (23, 4), (0, 5), (1, 5), (2, 5), (3, 5), (4, 5), (5, 5), (6, 5), (7, 5), (8, 5), (9, 5), (10, 5), (11, 5), (12, 5), (13, 5), (14, 5), (15, 5), (16, 5), (17, 5), (18, 5), (19, 5), (20, 5), (21, 5), (22, 5), (23, 5), (0, 6), (1, 6), (2, 6), (3, 6), (4, 6), (5, 6), (6, 6), (7, 6), (8, 6), (9, 6), (10, 6), (11, 6), (12, 6), (13, 6), (14, 6), (15, 6), (16, 6), (17, 6), (18, 6), (19, 6), (20, 6), (21, 6), (22, 6), (23, 6), (0, 7), (1, 7), (2, 7), (3, 7), (4, 7), (5, 7), (6, 7), (7, 7), (8, 7), (9, 7), (10, 7), (11, 7), (12, 7), (13, 7), (14, 7), (15, 7), (16, 7), (17, 7), (18, 7), (19, 7), (20, 7), (21, 7), (22, 7), (23, 7), (0, 8), (1, 8), (2, 8), (3, 8), (4, 8), (5, 8), (6, 8), (7, 8), (8, 8), (9, 8), (10, 8), (11, 8), (12, 8), (13, 8), (14, 8), (15, 8), (16, 8), (17, 8), (18, 8), (19, 8), (20, 8), (21, 8), (22, 8), (23, 8), (0, 9), (1, 9), (2, 9), (3, 9), (4, 9), (5, 9), (6, 9), (7, 9), (8, 9), (9, 9), (10, 9), (11, 9), (12, 9), (13, 9), (14, 9), (15, 9), (16, 9), (17, 9), (18, 9), (19, 9), (20, 9), (21, 9), (22, 9), (23, 9), (0, 10), (1, 10), (2, 10), (3, 10), (4, 10), (5, 10), (6, 10), (7, 10), (8, 10), (9, 10), (10, 10), (11, 10), (12, 10), (13, 10), (14, 10), (15, 10), (16, 10), (17, 10), (18, 10), (19, 10), (20, 10), (21, 10), (22, 10), (23, 10), (0, 11), (1, 11), (2, 11), (3, 11), (4, 11), (5, 11), (6, 11), (7, 11), (8, 11), (9, 11), (10, 11), (11, 11), (12, 11), (13, 11), (14, 11), (15, 11), (16, 11), (17, 11), (18, 11), (19, 11), (20, 11), (21, 11), (22, 11), (23, 11), (0, 12), (1, 12), (2, 12), (3, 12), (4, 12), (5, 12), (6, 12), (7, 12), (8, 12), (9, 12), (10, 12), (11, 12), (12, 12), (13, 12), (14, 12), (15, 12), (16, 12), (17, 12), (18, 12), (19, 12), (20, 12), (21, 12), (22, 12), (23, 12), (0, 13), (1, 13), (2, 13), (3, 13), (4, 13), (5, 13), (6, 13), (7, 13), (8, 13), (9, 13), (10, 13), (11, 13), (12, 13), (13, 13), (14, 13), (15, 13), (16, 13), (17, 13), (18, 13), (19, 13), (20, 13), (21, 13), (22, 13), (23, 13), (0, 14), (1, 14), (2, 14), (3, 14), (4, 14), (5, 14), (6, 14), (7, 14), (8, 14), (9, 14), (10, 14), (11, 14), (12, 14), (13, 14), (14, 14), (15, 14), (16, 14), (17, 14), (18, 14), (19, 14), (20, 14), (21, 14), (22, 14), (23, 14), (0, 15), (1, 15), (2, 15), (3, 15), (4, 15), (5, 15), (6, 15), (7, 15), (8, 15), (9, 15), (10, 15), (11, 15), (12, 15), (13, 15), (14, 15), (15, 15), (16, 15), (17, 15), (18, 15), (19, 15), (20, 15), (21, 15), (22, 15), (23, 15), (0, 16), (1, 16), (2, 16), (3, 16), (4, 16), (5, 16), (6, 16), (7, 16), (8, 16), (9, 16), (10, 16), (11, 16), (12, 16), (13, 16), (14, 16), (15, 16), (16, 16), (17, 16), (18, 16), (19, 16), (20, 16), (21, 16), (22, 16), (23, 16), (0, 17), (1, 17), (2, 17), (3, 17), (4, 17), (5, 17), (6, 17), (7, 17), (8, 17), (9, 17), (10, 17), (11, 17), (12, 17), (13, 17), (14, 17), (15, 17), (16, 17), (17, 17), (18, 17), (19, 17), (20, 17), (21, 17), (22, 17), (23, 17), (0, 18), (1, 18), (2, 18), (3, 18), (4, 18), (5, 18), (6, 18), (7, 18), (8, 18), (9, 18), (10, 18), (11, 18), (12, 18), (13, 18), (14, 18), (15, 18), (16, 18), (17, 18), (18, 18), (19, 18), (20, 18), (21, 18), (22, 18), (23, 18), (0, 19), (1, 19), (2, 19), (3, 19), (4, 19), (5, 19), (6, 19), (7, 19), (8, 19), (9, 19), (10, 19), (11, 19), (12, 19), (13, 19), (14, 19), (15, 19), (16, 19), (17, 19), (18, 19), (19, 19), (20, 19), (21, 19), (22, 19), (23, 19), (0, 20), (1, 20), (2, 20), (3, 20), (4, 20), (5, 20), (6, 20), (7, 20), (8, 20), (9, 20), (10, 20), (11, 20), (12, 20), (13, 20), (14, 20), (15, 20), (16, 20), (17, 20), (18, 20), (19, 20), (20, 20), (21, 20), (22, 20), (23, 20), (0, 21), (1, 21), (2, 21), (3, 21), (4, 21), (5, 21), (6, 21), (7, 21), (8, 21), (9, 21), (10, 21), (11, 21), (12, 21), (13, 21), (14, 21), (15, 21), (16, 21), (17, 21), (18, 21), (19, 21), (20, 21), (21, 21), (22, 21), (23, 21), (0, 22), (1, 22), (2, 22), (3, 22), (4, 22), (5, 22), (6, 22), (7, 22), (8, 22), (9, 22), (10, 22), (11, 22), (12, 22), (13, 22), (14, 22), (15, 22), (16, 22), (17, 22), (18, 22), (19, 22), (20, 22), (21, 22), (22, 22), (23, 22), (0, 23), (1, 23), (2, 23), (3, 23), (4, 23), (5, 23), (6, 23), (7, 23), (8, 23), (9, 23), (10, 23), (11, 23), (12, 23), (13, 23), (14, 23), (15, 23), (16, 23), (17, 23), (18, 23), (19, 23), (20, 23), (21, 23), (22, 23), (23, 23)]
freq = 103
polr = 0
time = 882
Fvalue = -1.1594405f0 - 1.8685707f0im
Evalue = -1 - 2im
dish=0 E=Int4x8(6, 7, -8, -8, -8, -8, -8, -8)
dish=1 E=Int4x8(6, 7, 6, 7, -8, -8, -8, -8)
dish=2 E=Int4x8(6, 7, 6, 7, 6, 7, -8, -8)
dish=3 E=Int4x8(6, 7, 6, 7, 6, 7, 6, 7)
dish=4 E=Int4x8(6, 7, -8, -8, -8, -8, -8, -8)
dish=5 E=Int4x8(6, 7, 6, 7, -8, -8, -8, -8)
dish=6 E=Int4x8(6, 7, 6, 7, 6, 7, -8, -8)
dish=7 E=Int4x8(6, 7, 6, 7, 6, 7, 6, 7)
dish=8 E=Int4x8(6, 7, -8, -8, -8, -8, -8, -8)
dish=9 E=Int4x8(6, 7, 6, 7, -8, -8, -8, -8)
dish=10 E=Int4x8(6, 7, 6, 7, 6, 7, -8, -8)
dish=11 E=Int4x8(6, 7, 6, 7, 6, 7, 6, 7)
dish=12 E=Int4x8(6, 7, -8, -8, -8, -8, -8, -8)
dish=13 E=Int4x8(6, 7, 6, 7, -8, -8, -8, -8)
dish=14 E=Int4x8(6, 7, 6, 7, 6, 7, -8, -8)
dish=15 E=Int4x8(6, 7, 6, 7, 6, 7, 6, 7)
dish=16 E=Int4x8(6, 7, -8, -8, -8, -8, -8, -8)
dish=17 E=Int4x8(6, 7, 6, 7, -8, -8, -8, -8)
dish=18 E=Int4x8(6, 7, 6, 7, 6, 7, -8, -8)
dish=19 E=Int4x8(6, 7, 6, 7, 6, 7, 6, 7)
dish=20 E=Int4x8(6, 7, -8, -8, -8, -8, -8, -8)
dish=21 E=Int4x8(6, 7, 6, 7, -8, -8, -8, -8)
dish=22 E=Int4x8(6, 7, 6, 7, 6, 7, -8, -8)
dish=23 E=Int4x8(6, 7, 6, 7, 6, 7, 6, 7)
dish=24 E=Int4x8(6, 7, -8, -8, -8, -8, -8, -8)
dish=25 E=Int4x8(6, 7, 6, 7, -8, -8, -8, -8)
dish=26 E=Int4x8(6, 7, 6, 7, 6, 7, -8, -8)
dish=27 E=Int4x8(6, 7, 6, 7, 6, 7, 6, 7)
dish=28 E=Int4x8(6, 7, -8, -8, -8, -8, -8, -8)
dish=29 E=Int4x8(6, 7, 6, 7, -8, -8, -8, -8)
dish=30 E=Int4x8(6, 7, 6, 7, 6, 7, -8, -8)
dish=31 E=Int4x8(6, 7, 6, 7, 6, 7, 6, 7)
dish=32 E=Int4x8(6, 7, -8, -8, -8, -8, -8, -8)
dish=33 E=Int4x8(6, 7, 6, 7, -8, -8, -8, -8)
dish=34 E=Int4x8(6, 7, 6, 7, 6, 7, -8, -8)
dish=35 E=Int4x8(6, 7, 6, 7, 6, 7, 6, 7)
dish=36 E=Int4x8(6, 7, -8, -8, -8, -8, -8, -8)
dish=37 E=Int4x8(6, 7, 6, 7, -8, -8, -8, -8)
dish=38 E=Int4x8(6, 7, 6, 7, 6, 7, -8, -8)
dish=39 E=Int4x8(6, 7, 6, 7, 6, 7, 6, 7)
dish=40 E=Int4x8(6, 7, -8, -8, -8, -8, -8, -8)
dish=41 E=Int4x8(6, 7, 6, 7, -8, -8, -8, -8)
dish=42 E=Int4x8(6, 7, 6, 7, 6, 7, -8, -8)
dish=43 E=Int4x8(6, 7, 6, 7, 6, 7, 6, 7)
dish=44 E=Int4x8(6, 7, -8, -8, -8, -8, -8, -8)
dish=45 E=Int4x8(6, 7, 6, 7, -8, -8, -8, -8)
dish=46 E=Int4x8(6, 7, 6, 7, 6, 7, -8, -8)
dish=47 E=Int4x8(6, 7, 6, 7, 6, 7, 6, 7)
dish=48 E=Int4x8(6, 7, -8, -8, -8, -8, -8, -8)
dish=49 E=Int4x8(6, 7, 6, 7, -8, -8, -8, -8)
dish=50 E=Int4x8(6, 7, 6, 7, 6, 7, -8, -8)
dish=51 E=Int4x8(6, 7, 6, 7, 6, 7, 6, 7)
dish=52 E=Int4x8(6, 7, -8, -8, -8, -8, -8, -8)
dish=53 E=Int4x8(6, 7, 6, 7, -8, -8, -8, -8)
dish=54 E=Int4x8(6, 7, 6, 7, 6, 7, -8, -8)
dish=55 E=Int4x8(6, 7, 6, 7, 6, 7, 6, 7)
dish=56 E=Int4x8(6, 7, -8, -8, -8, -8, -8, -8)
dish=57 E=Int4x8(6, 7, 6, 7, -8, -8, -8, -8)
dish=58 E=Int4x8(6, 7, 6, 7, 6, 7, -8, -8)
dish=59 E=Int4x8(6, 7, 6, 7, 6, 7, 6, 7)
dish=60 E=Int4x8(6, 7, -8, -8, -8, -8, -8, -8)
dish=61 E=Int4x8(6, 7, 6, 7, -8, -8, -8, -8)
dish=62 E=Int4x8(6, 7, 6, 7, 6, 7, -8, -8)
dish=63 E=Int4x8(6, 7, 6, 7, 6, 7, 6, 7)
dish=64 E=Int4x8(6, 7, -8, -8, -8, -8, -8, -8)
dish=65 E=Int4x8(6, 7, 6, 7, -8, -8, -8, -8)
dish=66 E=Int4x8(6, 7, 6, 7, 6, 7, -8, -8)
dish=67 E=Int4x8(6, 7, 6, 7, 6, 7, 6, 7)
dish=68 E=Int4x8(6, 7, -8, -8, -8, -8, -8, -8)
dish=69 E=Int4x8(6, 7, 6, 7, -8, -8, -8, -8)
dish=70 E=Int4x8(6, 7, 6, 7, 6, 7, -8, -8)
dish=71 E=Int4x8(6, 7, 6, 7, 6, 7, 6, 7)
dish=72 E=Int4x8(6, 7, -8, -8, -8, -8, -8, -8)
dish=73 E=Int4x8(6, 7, 6, 7, -8, -8, -8, -8)
dish=74 E=Int4x8(6, 7, 6, 7, 6, 7, -8, -8)
dish=75 E=Int4x8(6, 7, 6, 7, 6, 7, 6, 7)
dish=76 E=Int4x8(6, 7, -8, -8, -8, -8, -8, -8)
dish=77 E=Int4x8(6, 7, 6, 7, -8, -8, -8, -8)
dish=78 E=Int4x8(6, 7, 6, 7, 6, 7, -8, -8)
dish=79 E=Int4x8(6, 7, 6, 7, 6, 7, 6, 7)
dish=80 E=Int4x8(6, 7, -8, -8, -8, -8, -8, -8)
dish=81 E=Int4x8(6, 7, 6, 7, -8, -8, -8, -8)
dish=82 E=Int4x8(6, 7, 6, 7, 6, 7, -8, -8)
dish=83 E=Int4x8(6, 7, 6, 7, 6, 7, 6, 7)
dish=84 E=Int4x8(6, 7, -8, -8, -8, -8, -8, -8)
dish=85 E=Int4x8(6, 7, 6, 7, -8, -8, -8, -8)
dish=86 E=Int4x8(6, 7, 6, 7, 6, 7, -8, -8)
dish=87 E=Int4x8(6, 7, 6, 7, 6, 7, 6, 7)
dish=88 E=Int4x8(6, 7, -8, -8, -8, -8, -8, -8)
dish=89 E=Int4x8(6, 7, 6, 7, -8, -8, -8, -8)
dish=90 E=Int4x8(6, 7, 6, 7, 6, 7, -8, -8)
dish=91 E=Int4x8(6, 7, 6, 7, 6, 7, 6, 7)
dish=92 E=Int4x8(6, 7, -8, -8, -8, -8, -8, -8)
dish=93 E=Int4x8(6, 7, 6, 7, -8, -8, -8, -8)
dish=94 E=Int4x8(6, 7, 6, 7, 6, 7, -8, -8)
dish=95 E=Int4x8(6, 7, 6, 7, 6, 7, 6, 7)
dish=96 E=Int4x8(6, 7, -8, -8, -8, -8, -8, -8)
dish=97 E=Int4x8(6, 7, 6, 7, -8, -8, -8, -8)
dish=98 E=Int4x8(6, 7, 6, 7, 6, 7, -8, -8)
dish=99 E=Int4x8(6, 7, 6, 7, 6, 7, 6, 7)
dish=100 E=Int4x8(6, 7, -8, -8, -8, -8, -8, -8)
dish=101 E=Int4x8(6, 7, 6, 7, -8, -8, -8, -8)
dish=102 E=Int4x8(6, 7, 6, 7, 6, 7, -8, -8)
dish=103 E=Int4x8(6, 7, 6, 7, 6, 7, 6, 7)
dish=104 E=Int4x8(6, 7, -8, -8, -8, -8, -8, -8)
dish=105 E=Int4x8(6, 7, 6, 7, -8, -8, -8, -8)
dish=106 E=Int4x8(6, 7, 6, 7, 6, 7, -8, -8)
dish=107 E=Int4x8(6, 7, 6, 7, 6, 7, 6, 7)
dish=108 E=Int4x8(6, 7, -8, -8, -8, -8, -8, -8)
dish=109 E=Int4x8(6, 7, 6, 7, -8, -8, -8, -8)
dish=110 E=Int4x8(6, 7, 6, 7, 6, 7, -8, -8)
dish=111 E=Int4x8(6, 7, 6, 7, 6, 7, 6, 7)
dish=112 E=Int4x8(6, 7, -8, -8, -8, -8, -8, -8)
dish=113 E=Int4x8(6, 7, 6, 7, -8, -8, -8, -8)
dish=114 E=Int4x8(6, 7, 6, 7, 6, 7, -8, -8)
dish=115 E=Int4x8(6, 7, 6, 7, 6, 7, 6, 7)
dish=116 E=Int4x8(6, 7, -8, -8, -8, -8, -8, -8)
dish=117 E=Int4x8(6, 7, 6, 7, -8, -8, -8, -8)
dish=118 E=Int4x8(6, 7, 6, 7, 6, 7, -8, -8)
dish=119 E=Int4x8(6, 7, 6, 7, 6, 7, 6, 7)
dish=120 E=Int4x8(6, 7, -8, -8, -8, -8, -8, -8)
dish=121 E=Int4x8(6, 7, 6, 7, -8, -8, -8, -8)
dish=122 E=Int4x8(6, 7, 6, 7, 6, 7, -8, -8)
dish=123 E=Int4x8(6, 7, 6, 7, 6, 7, 6, 7)
dish=124 E=Int4x8(6, 7, -8, -8, -8, -8, -8, -8)
dish=125 E=Int4x8(6, 7, 6, 7, -8, -8, -8, -8)
dish=126 E=Int4x8(6, 7, 6, 7, 6, 7, -8, -8)
dish=127 E=Int4x8(6, 7, 6, 7, 6, 7, 6, 7)
dish=128 E=Int4x8(6, 7, -8, -8, -8, -8, -8, -8)
dish=129 E=Int4x8(6, 7, 6, 7, -8, -8, -8, -8)
dish=130 E=Int4x8(6, 7, 6, 7, 6, 7, -8, -8)
dish=131 E=Int4x8(6, 7, 6, 7, 6, 7, 6, 7)
dish=132 E=Int4x8(6, 7, -8, -8, -8, -8, -8, -8)
dish=133 E=Int4x8(6, 7, 6, 7, -8, -8, -8, -8)
dish=134 E=Int4x8(6, 7, 6, 7, 6, 7, -8, -8)
dish=135 E=Int4x8(6, 7, 6, 7, 6, 7, 6, 7)
dish=136 E=Int4x8(6, 7, -8, -8, -8, -8, -8, -8)
dish=137 E=Int4x8(6, 7, 6, 7, -8, -8, -8, -8)
dish=138 E=Int4x8(6, 7, 6, 7, 6, 7, -8, -8)
dish=139 E=Int4x8(6, 7, 6, 7, 6, 7, 6, 7)
dish=140 E=Int4x8(6, 7, -8, -8, -8, -8, -8, -8)
dish=141 E=Int4x8(6, 7, 6, 7, -8, -8, -8, -8)
dish=142 E=Int4x8(6, 7, 6, 7, 6, 7, -8, -8)
dish=143 E=Int4x8(6, 7, 6, 7, 6, 7, 6, 7)
dish=144 E=Int4x8(6, 7, -8, -8, -8, -8, -8, -8)
dish=145 E=Int4x8(6, 7, 6, 7, -8, -8, -8, -8)
dish=146 E=Int4x8(6, 7, 6, 7, 6, 7, -8, -8)
dish=147 E=Int4x8(6, 7, 6, 7, 6, 7, 6, 7)
dish=148 E=Int4x8(6, 7, -8, -8, -8, -8, -8, -8)
dish=149 E=Int4x8(6, 7, 6, 7, -8, -8, -8, -8)
dish=150 E=Int4x8(6, 7, 6, 7, 6, 7, -8, -8)
dish=151 E=Int4x8(6, 7, 6, 7, 6, 7, 6, 7)
dish=152 E=Int4x8(6, 7, -8, -8, -8, -8, -8, -8)
dish=153 E=Int4x8(6, 7, 6, 7, -8, -8, -8, -8)
dish=154 E=Int4x8(6, 7, 6, 7, 6, 7, -8, -8)
dish=155 E=Int4x8(6, 7, 6, 7, 6, 7, 6, 7)
dish=156 E=Int4x8(6, 7, -8, -8, -8, -8, -8, -8)
dish=157 E=Int4x8(6, 7, 6, 7, -8, -8, -8, -8)
dish=158 E=Int4x8(6, 7, 6, 7, 6, 7, -8, -8)
dish=159 E=Int4x8(6, 7, 6, 7, 6, 7, 6, 7)
dish=160 E=Int4x8(6, 7, -8, -8, -8, -8, -8, -8)
dish=161 E=Int4x8(6, 7, 6, 7, -8, -8, -8, -8)
dish=162 E=Int4x8(6, 7, 6, 7, 6, 7, -8, -8)
dish=163 E=Int4x8(6, 7, 6, 7, 6, 7, 6, 7)
dish=164 E=Int4x8(6, 7, -8, -8, -8, -8, -8, -8)
dish=165 E=Int4x8(6, 7, 6, 7, -8, -8, -8, -8)
dish=166 E=Int4x8(6, 7, 6, 7, 6, 7, -8, -8)
dish=167 E=Int4x8(6, 7, 6, 7, 6, 7, 6, 7)
dish=168 E=Int4x8(6, 7, -8, -8, -8, -8, -8, -8)
dish=169 E=Int4x8(6, 7, 6, 7, -8, -8, -8, -8)
dish=170 E=Int4x8(6, 7, 6, 7, 6, 7, -8, -8)
dish=171 E=Int4x8(6, 7, 6, 7, 6, 7, 6, 7)
dish=172 E=Int4x8(6, 7, -8, -8, -8, -8, -8, -8)
dish=173 E=Int4x8(6, 7, 6, 7, -8, -8, -8, -8)
dish=174 E=Int4x8(6, 7, 6, 7, 6, 7, -8, -8)
dish=175 E=Int4x8(6, 7, 6, 7, 6, 7, 6, 7)
dish=176 E=Int4x8(6, 7, -8, -8, -8, -8, -8, -8)
dish=177 E=Int4x8(6, 7, 6, 7, -8, -8, -8, -8)
dish=178 E=Int4x8(6, 7, 6, 7, 6, 7, -8, -8)
dish=179 E=Int4x8(6, 7, 6, 7, 6, 7, 6, 7)
dish=180 E=Int4x8(6, 7, -8, -8, -8, -8, -8, -8)
dish=181 E=Int4x8(6, 7, 6, 7, -8, -8, -8, -8)
dish=182 E=Int4x8(6, 7, 6, 7, 6, 7, -8, -8)
dish=183 E=Int4x8(6, 7, 6, 7, 6, 7, 6, 7)
dish=184 E=Int4x8(6, 7, -8, -8, -8, -8, -8, -8)
dish=185 E=Int4x8(6, 7, 6, 7, -8, -8, -8, -8)
dish=186 E=Int4x8(6, 7, 6, 7, 6, 7, -8, -8)
dish=187 E=Int4x8(6, 7, 6, 7, 6, 7, 6, 7)
dish=188 E=Int4x8(6, 7, -8, -8, -8, -8, -8, -8)
dish=189 E=Int4x8(6, 7, 6, 7, -8, -8, -8, -8)
dish=190 E=Int4x8(6, 7, 6, 7, 6, 7, -8, -8)
dish=191 E=Int4x8(6, 7, 6, 7, 6, 7, 6, 7)
dish=192 E=Int4x8(6, 7, -8, -8, -8, -8, -8, -8)
dish=193 E=Int4x8(6, 7, 6, 7, -8, -8, -8, -8)
dish=194 E=Int4x8(6, 7, 6, 7, 6, 7, -8, -8)
dish=195 E=Int4x8(6, 7, 6, 7, 6, 7, 6, 7)
dish=196 E=Int4x8(6, 7, -8, -8, -8, -8, -8, -8)
dish=197 E=Int4x8(6, 7, 6, 7, -8, -8, -8, -8)
dish=198 E=Int4x8(6, 7, 6, 7, 6, 7, -8, -8)
dish=199 E=Int4x8(6, 7, 6, 7, 6, 7, 6, 7)
dish=200 E=Int4x8(6, 7, -8, -8, -8, -8, -8, -8)
dish=201 E=Int4x8(6, 7, 6, 7, -8, -8, -8, -8)
dish=202 E=Int4x8(6, 7, 6, 7, 6, 7, -8, -8)
dish=203 E=Int4x8(6, 7, 6, 7, 6, 7, 6, 7)
dish=204 E=Int4x8(6, 7, -8, -8, -8, -8, -8, -8)
dish=205 E=Int4x8(6, 7, 6, 7, -8, -8, -8, -8)
dish=206 E=Int4x8(6, 7, 6, 7, 6, 7, -8, -8)
dish=207 E=Int4x8(6, 7, 6, 7, 6, 7, 6, 7)
dish=208 E=Int4x8(6, 7, -8, -8, -8, -8, -8, -8)
dish=209 E=Int4x8(6, 7, 6, 7, -8, -8, -8, -8)
dish=210 E=Int4x8(6, 7, 6, 7, 6, 7, -8, -8)
dish=211 E=Int4x8(6, 7, 6, 7, 6, 7, 6, 7)
dish=212 E=Int4x8(6, 7, -8, -8, -8, -8, -8, -8)
dish=213 E=Int4x8(6, 7, 6, 7, -8, -8, -8, -8)
dish=214 E=Int4x8(6, 7, 6, 7, 6, 7, -8, -8)
dish=215 E=Int4x8(6, 7, 6, 7, 6, 7, 6, 7)
dish=216 E=Int4x8(6, 7, -8, -8, -8, -8, -8, -8)
dish=217 E=Int4x8(6, 7, 6, 7, -8, -8, -8, -8)
dish=218 E=Int4x8(6, 7, 6, 7, 6, 7, -8, -8)
dish=219 E=Int4x8(6, 7, 6, 7, 6, 7, 6, 7)
dish=220 E=Int4x8(6, 7, -8, -8, -8, -8, -8, -8)
dish=221 E=Int4x8(6, 7, 6, 7, -8, -8, -8, -8)
dish=222 E=Int4x8(6, 7, 6, 7, 6, 7, -8, -8)
dish=223 E=Int4x8(6, 7, 6, 7, 6, 7, 6, 7)
dish=224 E=Int4x8(6, 7, -8, -8, -8, -8, -8, -8)
dish=225 E=Int4x8(6, 7, 6, 7, -8, -8, -8, -8)
dish=226 E=Int4x8(6, 7, 6, 7, 6, 7, -8, -8)
dish=227 E=Int4x8(6, 7, 6, 7, 6, 7, 6, 7)
dish=228 E=Int4x8(6, 7, -8, -8, -8, -8, -8, -8)
dish=229 E=Int4x8(6, 7, 6, 7, -8, -8, -8, -8)
dish=230 E=Int4x8(6, 7, 6, 7, 6, 7, -8, -8)
dish=231 E=Int4x8(6, 7, 6, 7, 6, 7, 6, 7)
dish=232 E=Int4x8(6, 7, -8, -8, -8, -8, -8, -8)
dish=233 E=Int4x8(6, 7, 6, 7, -8, -8, -8, -8)
dish=234 E=Int4x8(6, 7, 6, 7, 6, 7, -8, -8)
dish=235 E=Int4x8(6, 7, 6, 7, 6, 7, 6, 7)
dish=236 E=Int4x8(6, 7, -8, -8, -8, -8, -8, -8)
dish=237 E=Int4x8(6, 7, 6, 7, -8, -8, -8, -8)
dish=238 E=Int4x8(6, 7, 6, 7, 6, 7, -8, -8)
dish=239 E=Int4x8(6, 7, 6, 7, 6, 7, 6, 7)
dish=240 E=Int4x8(6, 7, -8, -8, -8, -8, -8, -8)
dish=241 E=Int4x8(6, 7, 6, 7, -8, -8, -8, -8)
dish=242 E=Int4x8(6, 7, 6, 7, 6, 7, -8, -8)
dish=243 E=Int4x8(6, 7, 6, 7, 6, 7, 6, 7)
dish=244 E=Int4x8(6, 7, -8, -8, -8, -8, -8, -8)
dish=245 E=Int4x8(6, 7, 6, 7, -8, -8, -8, -8)
dish=246 E=Int4x8(6, 7, 6, 7, 6, 7, -8, -8)
dish=247 E=Int4x8(6, 7, 6, 7, 6, 7, 6, 7)
dish=248 E=Int4x8(6, 7, -8, -8, -8, -8, -8, -8)
dish=249 E=Int4x8(6, 7, 6, 7, -8, -8, -8, -8)
dish=250 E=Int4x8(6, 7, 6, 7, 6, 7, -8, -8)
dish=251 E=Int4x8(6, 7, 6, 7, 6, 7, 6, 7)
dish=252 E=Int4x8(6, 7, -8, -8, -8, -8, -8, -8)
dish=253 E=Int4x8(6, 7, 6, 7, -8, -8, -8, -8)
dish=254 E=Int4x8(6, 7, 6, 7, 6, 7, -8, -8)
dish=255 E=Int4x8(6, 7, 6, 7, 6, 7, 6, 7)
dish=256 E=Int4x8(6, 7, -8, -8, -8, -8, -8, -8)
dish=257 E=Int4x8(6, 7, 6, 7, -8, -8, -8, -8)
dish=258 E=Int4x8(6, 7, 6, 7, 6, 7, -8, -8)
dish=259 E=Int4x8(6, 7, 6, 7, 6, 7, 6, 7)
dish=260 E=Int4x8(6, 7, -8, -8, -8, -8, -8, -8)
dish=261 E=Int4x8(6, 7, 6, 7, -8, -8, -8, -8)
dish=262 E=Int4x8(6, 7, 6, 7, 6, 7, -8, -8)
dish=263 E=Int4x8(6, 7, 6, 7, 6, 7, 6, 7)
dish=264 E=Int4x8(6, 7, -8, -8, -8, -8, -8, -8)
dish=265 E=Int4x8(6, 7, 6, 7, -8, -8, -8, -8)
dish=266 E=Int4x8(6, 7, 6, 7, 6, 7, -8, -8)
dish=267 E=Int4x8(6, 7, 6, 7, 6, 7, 6, 7)
dish=268 E=Int4x8(6, 7, -8, -8, -8, -8, -8, -8)
dish=269 E=Int4x8(6, 7, 6, 7, -8, -8, -8, -8)
dish=270 E=Int4x8(6, 7, 6, 7, 6, 7, -8, -8)
dish=271 E=Int4x8(6, 7, 6, 7, 6, 7, 6, 7)
dish=272 E=Int4x8(6, 7, -8, -8, -8, -8, -8, -8)
dish=273 E=Int4x8(6, 7, 6, 7, -8, -8, -8, -8)
dish=274 E=Int4x8(6, 7, 6, 7, 6, 7, -8, -8)
dish=275 E=Int4x8(6, 7, 6, 7, 6, 7, 6, 7)
dish=276 E=Int4x8(6, 7, -8, -8, -8, -8, -8, -8)
dish=277 E=Int4x8(6, 7, 6, 7, -8, -8, -8, -8)
dish=278 E=Int4x8(6, 7, 6, 7, 6, 7, -8, -8)
dish=279 E=Int4x8(6, 7, 6, 7, 6, 7, 6, 7)
dish=280 E=Int4x8(6, 7, -8, -8, -8, -8, -8, -8)
dish=281 E=Int4x8(6, 7, 6, 7, -8, -8, -8, -8)
dish=282 E=Int4x8(6, 7, 6, 7, 6, 7, -8, -8)
dish=283 E=Int4x8(6, 7, 6, 7, 6, 7, 6, 7)
dish=284 E=Int4x8(6, 7, -8, -8, -8, -8, -8, -8)
dish=285 E=Int4x8(6, 7, 6, 7, -8, -8, -8, -8)
dish=286 E=Int4x8(6, 7, 6, 7, 6, 7, -8, -8)
dish=287 E=Int4x8(6, 7, 6, 7, 6, 7, 6, 7)
dish=288 E=Int4x8(6, 7, -8, -8, -8, -8, -8, -8)
dish=289 E=Int4x8(6, 7, 6, 7, -8, -8, -8, -8)
dish=290 E=Int4x8(6, 7, 6, 7, 6, 7, -8, -8)
dish=291 E=Int4x8(6, 7, 6, 7, 6, 7, 6, 7)
dish=292 E=Int4x8(6, 7, -8, -8, -8, -8, -8, -8)
dish=293 E=Int4x8(6, 7, 6, 7, -8, -8, -8, -8)
dish=294 E=Int4x8(6, 7, 6, 7, 6, 7, -8, -8)
dish=295 E=Int4x8(6, 7, 6, 7, 6, 7, 6, 7)
dish=296 E=Int4x8(6, 7, -8, -8, -8, -8, -8, -8)
dish=297 E=Int4x8(6, 7, 6, 7, -8, -8, -8, -8)
dish=298 E=Int4x8(6, 7, 6, 7, 6, 7, -8, -8)
dish=299 E=Int4x8(6, 7, 6, 7, 6, 7, 6, 7)
dish=300 E=Int4x8(6, 7, -8, -8, -8, -8, -8, -8)
dish=301 E=Int4x8(6, 7, 6, 7, -8, -8, -8, -8)
dish=302 E=Int4x8(6, 7, 6, 7, 6, 7, -8, -8)
dish=303 E=Int4x8(6, 7, 6, 7, 6, 7, 6, 7)
dish=304 E=Int4x8(6, 7, -8, -8, -8, -8, -8, -8)
dish=305 E=Int4x8(6, 7, 6, 7, -8, -8, -8, -8)
dish=306 E=Int4x8(6, 7, 6, 7, 6, 7, -8, -8)
dish=307 E=Int4x8(6, 7, 6, 7, 6, 7, 6, 7)
dish=308 E=Int4x8(6, 7, -8, -8, -8, -8, -8, -8)
dish=309 E=Int4x8(6, 7, 6, 7, -8, -8, -8, -8)
dish=310 E=Int4x8(6, 7, 6, 7, 6, 7, -8, -8)
dish=311 E=Int4x8(6, 7, 6, 7, 6, 7, 6, 7)
dish=312 E=Int4x8(6, 7, -8, -8, -8, -8, -8, -8)
dish=313 E=Int4x8(6, 7, 6, 7, -8, -8, -8, -8)
dish=314 E=Int4x8(6, 7, 6, 7, 6, 7, -8, -8)
dish=315 E=Int4x8(6, 7, 6, 7, 6, 7, 6, 7)
dish=316 E=Int4x8(6, 7, -8, -8, -8, -8, -8, -8)
dish=317 E=Int4x8(6, 7, 6, 7, -8, -8, -8, -8)
dish=318 E=Int4x8(6, 7, 6, 7, 6, 7, -8, -8)
dish=319 E=Int4x8(6, 7, 6, 7, 6, 7, 6, 7)
dish=320 E=Int4x8(6, 7, -8, -8, -8, -8, -8, -8)
dish=321 E=Int4x8(6, 7, 6, 7, -8, -8, -8, -8)
dish=322 E=Int4x8(6, 7, 6, 7, 6, 7, -8, -8)
dish=323 E=Int4x8(6, 7, 6, 7, 6, 7, 6, 7)
dish=324 E=Int4x8(6, 7, -8, -8, -8, -8, -8, -8)
dish=325 E=Int4x8(6, 7, 6, 7, -8, -8, -8, -8)
dish=326 E=Int4x8(6, 7, 6, 7, 6, 7, -8, -8)
dish=327 E=Int4x8(6, 7, 6, 7, 6, 7, 6, 7)
dish=328 E=Int4x8(6, 7, -8, -8, -8, -8, -8, -8)
dish=329 E=Int4x8(6, 7, 6, 7, -8, -8, -8, -8)
dish=330 E=Int4x8(6, 7, 6, 7, 6, 7, -8, -8)
dish=331 E=Int4x8(6, 7, 6, 7, 6, 7, 6, 7)
dish=332 E=Int4x8(6, 7, -8, -8, -8, -8, -8, -8)
dish=333 E=Int4x8(6, 7, 6, 7, -8, -8, -8, -8)
dish=334 E=Int4x8(6, 7, 6, 7, 6, 7, -8, -8)
dish=335 E=Int4x8(6, 7, 6, 7, 6, 7, 6, 7)
dish=336 E=Int4x8(6, 7, -8, -8, -8, -8, -8, -8)
dish=337 E=Int4x8(6, 7, 6, 7, -8, -8, -8, -8)
dish=338 E=Int4x8(6, 7, 6, 7, 6, 7, -8, -8)
dish=339 E=Int4x8(6, 7, 6, 7, 6, 7, 6, 7)
dish=340 E=Int4x8(6, 7, -8, -8, -8, -8, -8, -8)
dish=341 E=Int4x8(6, 7, 6, 7, -8, -8, -8, -8)
dish=342 E=Int4x8(6, 7, 6, 7, 6, 7, -8, -8)
dish=343 E=Int4x8(6, 7, 6, 7, 6, 7, 6, 7)
dish=344 E=Int4x8(6, 7, -8, -8, -8, -8, -8, -8)
dish=345 E=Int4x8(6, 7, 6, 7, -8, -8, -8, -8)
dish=346 E=Int4x8(6, 7, 6, 7, 6, 7, -8, -8)
dish=347 E=Int4x8(6, 7, 6, 7, 6, 7, 6, 7)
dish=348 E=Int4x8(6, 7, -8, -8, -8, -8, -8, -8)
dish=349 E=Int4x8(6, 7, 6, 7, -8, -8, -8, -8)
dish=350 E=Int4x8(6, 7, 6, 7, 6, 7, -8, -8)
dish=351 E=Int4x8(6, 7, 6, 7, 6, 7, 6, 7)
dish=352 E=Int4x8(6, 7, -8, -8, -8, -8, -8, -8)
dish=353 E=Int4x8(6, 7, 6, 7, -8, -8, -8, -8)
dish=354 E=Int4x8(6, 7, 6, 7, 6, 7, -8, -8)
dish=355 E=Int4x8(6, 7, 6, 7, 6, 7, 6, 7)
dish=356 E=Int4x8(6, 7, -8, -8, -8, -8, -8, -8)
dish=357 E=Int4x8(6, 7, 6, 7, -8, -8, -8, -8)
dish=358 E=Int4x8(6, 7, 6, 7, 6, 7, -8, -8)
dish=359 E=Int4x8(6, 7, 6, 7, 6, 7, 6, 7)
dish=360 E=Int4x8(6, 7, -8, -8, -8, -8, -8, -8)
dish=361 E=Int4x8(6, 7, 6, 7, -8, -8, -8, -8)
dish=362 E=Int4x8(6, 7, 6, 7, 6, 7, -8, -8)
dish=363 E=Int4x8(6, 7, 6, 7, 6, 7, 6, 7)
dish=364 E=Int4x8(6, 7, -8, -8, -8, -8, -8, -8)
dish=365 E=Int4x8(6, 7, 6, 7, -8, -8, -8, -8)
dish=366 E=Int4x8(6, 7, 6, 7, 6, 7, -8, -8)
dish=367 E=Int4x8(6, 7, 6, 7, 6, 7, 6, 7)
dish=368 E=Int4x8(6, 7, -8, -8, -8, -8, -8, -8)
dish=369 E=Int4x8(6, 7, 6, 7, -8, -8, -8, -8)
dish=370 E=Int4x8(6, 7, 6, 7, 6, 7, -8, -8)
dish=371 E=Int4x8(6, 7, 6, 7, 6, 7, 6, 7)
dish=372 E=Int4x8(6, 7, -8, -8, -8, -8, -8, -8)
dish=373 E=Int4x8(6, 7, 6, 7, -8, -8, -8, -8)
dish=374 E=Int4x8(6, 7, 6, 7, 6, 7, -8, -8)
dish=375 E=Int4x8(6, 7, 6, 7, 6, 7, 6, 7)
dish=376 E=Int4x8(6, 7, -8, -8, -8, -8, -8, -8)
dish=377 E=Int4x8(6, 7, 6, 7, -8, -8, -8, -8)
dish=378 E=Int4x8(6, 7, 6, 7, 6, 7, -8, -8)
dish=379 E=Int4x8(6, 7, 6, 7, 6, 7, 6, 7)
dish=380 E=Int4x8(6, 7, -8, -8, -8, -8, -8, -8)
dish=381 E=Int4x8(6, 7, 6, 7, -8, -8, -8, -8)
dish=382 E=Int4x8(6, 7, 6, 7, 6, 7, -8, -8)
dish=383 E=Int4x8(6, 7, 6, 7, 6, 7, 6, 7)
dish=384 E=Int4x8(6, 7, -8, -8, -8, -8, -8, -8)
dish=385 E=Int4x8(6, 7, 6, 7, -8, -8, -8, -8)
dish=386 E=Int4x8(6, 7, 6, 7, 6, 7, -8, -8)
dish=387 E=Int4x8(6, 7, 6, 7, 6, 7, 6, 7)
dish=388 E=Int4x8(6, 7, -8, -8, -8, -8, -8, -8)
dish=389 E=Int4x8(6, 7, 6, 7, -8, -8, -8, -8)
dish=390 E=Int4x8(6, 7, 6, 7, 6, 7, -8, -8)
dish=391 E=Int4x8(6, 7, 6, 7, 6, 7, 6, 7)
dish=392 E=Int4x8(6, 7, -8, -8, -8, -8, -8, -8)
dish=393 E=Int4x8(6, 7, 6, 7, -8, -8, -8, -8)
dish=394 E=Int4x8(6, 7, 6, 7, 6, 7, -8, -8)
dish=395 E=Int4x8(6, 7, 6, 7, 6, 7, 6, 7)
dish=396 E=Int4x8(6, 7, -8, -8, -8, -8, -8, -8)
dish=397 E=Int4x8(6, 7, 6, 7, -8, -8, -8, -8)
dish=398 E=Int4x8(6, 7, 6, 7, 6, 7, -8, -8)
dish=399 E=Int4x8(6, 7, 6, 7, 6, 7, 6, 7)
dish=400 E=Int4x8(6, 7, -8, -8, -8, -8, -8, -8)
dish=401 E=Int4x8(6, 7, 6, 7, -8, -8, -8, -8)
dish=402 E=Int4x8(6, 7, 6, 7, 6, 7, -8, -8)
dish=403 E=Int4x8(6, 7, 6, 7, 6, 7, 6, 7)
dish=404 E=Int4x8(6, 7, -8, -8, -8, -8, -8, -8)
dish=405 E=Int4x8(6, 7, 6, 7, -8, -8, -8, -8)
dish=406 E=Int4x8(6, 7, 6, 7, 6, 7, -8, -8)
dish=407 E=Int4x8(6, 7, 6, 7, 6, 7, 6, 7)
dish=408 E=Int4x8(6, 7, -8, -8, -8, -8, -8, -8)
dish=409 E=Int4x8(6, 7, 6, 7, -8, -8, -8, -8)
dish=410 E=Int4x8(6, 7, 6, 7, 6, 7, -8, -8)
dish=411 E=Int4x8(6, 7, 6, 7, 6, 7, 6, 7)
dish=412 E=Int4x8(6, 7, -8, -8, -8, -8, -8, -8)
dish=413 E=Int4x8(6, 7, 6, 7, -8, -8, -8, -8)
dish=414 E=Int4x8(6, 7, 6, 7, 6, 7, -8, -8)
dish=415 E=Int4x8(6, 7, 6, 7, 6, 7, 6, 7)
dish=416 E=Int4x8(6, 7, -8, -8, -8, -8, -8, -8)
dish=417 E=Int4x8(6, 7, 6, 7, -8, -8, -8, -8)
dish=418 E=Int4x8(6, 7, 6, 7, 6, 7, -8, -8)
dish=419 E=Int4x8(6, 7, 6, 7, 6, 7, 6, 7)
dish=420 E=Int4x8(6, 7, -8, -8, -8, -8, -8, -8)
dish=421 E=Int4x8(6, 7, 6, 7, -8, -8, -8, -8)
dish=422 E=Int4x8(6, 7, 6, 7, 6, 7, -8, -8)
dish=423 E=Int4x8(6, 7, 6, 7, 6, 7, 6, 7)
dish=424 E=Int4x8(6, 7, -8, -8, -8, -8, -8, -8)
dish=425 E=Int4x8(6, 7, 6, 7, -8, -8, -8, -8)
dish=426 E=Int4x8(6, 7, 6, 7, 6, 7, -8, -8)
dish=427 E=Int4x8(6, 7, 6, 7, 6, 7, 6, 7)
dish=428 E=Int4x8(6, 7, -8, -8, -8, -8, -8, -8)
dish=429 E=Int4x8(6, 7, 6, 7, -8, -8, -8, -8)
dish=430 E=Int4x8(6, 7, 6, 7, 6, 7, -8, -8)
dish=431 E=Int4x8(6, 7, 6, 7, 6, 7, 6, 7)
dish=432 E=Int4x8(6, 7, -8, -8, -8, -8, -8, -8)
dish=433 E=Int4x8(6, 7, 6, 7, -8, -8, -8, -8)
dish=434 E=Int4x8(6, 7, 6, 7, 6, 7, -8, -8)
dish=435 E=Int4x8(6, 7, 6, 7, 6, 7, 6, 7)
dish=436 E=Int4x8(6, 7, -8, -8, -8, -8, -8, -8)
dish=437 E=Int4x8(6, 7, 6, 7, -8, -8, -8, -8)
dish=438 E=Int4x8(6, 7, 6, 7, 6, 7, -8, -8)
dish=439 E=Int4x8(6, 7, 6, 7, 6, 7, 6, 7)
dish=440 E=Int4x8(6, 7, -8, -8, -8, -8, -8, -8)
dish=441 E=Int4x8(6, 7, 6, 7, -8, -8, -8, -8)
dish=442 E=Int4x8(6, 7, 6, 7, 6, 7, -8, -8)
dish=443 E=Int4x8(6, 7, 6, 7, 6, 7, 6, 7)
dish=444 E=Int4x8(6, 7, -8, -8, -8, -8, -8, -8)
dish=445 E=Int4x8(6, 7, 6, 7, -8, -8, -8, -8)
dish=446 E=Int4x8(6, 7, 6, 7, 6, 7, -8, -8)
dish=447 E=Int4x8(6, 7, 6, 7, 6, 7, 6, 7)
dish=448 E=Int4x8(6, 7, -8, -8, -8, -8, -8, -8)
dish=449 E=Int4x8(6, 7, 6, 7, -8, -8, -8, -8)
dish=450 E=Int4x8(6, 7, 6, 7, 6, 7, -8, -8)
dish=451 E=Int4x8(6, 7, 6, 7, 6, 7, 6, 7)
dish=452 E=Int4x8(6, 7, -8, -8, -8, -8, -8, -8)
dish=453 E=Int4x8(6, 7, 6, 7, -8, -8, -8, -8)
dish=454 E=Int4x8(6, 7, 6, 7, 6, 7, -8, -8)
dish=455 E=Int4x8(6, 7, 6, 7, 6, 7, 6, 7)
dish=456 E=Int4x8(6, 7, -8, -8, -8, -8, -8, -8)
dish=457 E=Int4x8(6, 7, 6, 7, -8, -8, -8, -8)
dish=458 E=Int4x8(6, 7, 6, 7, 6, 7, -8, -8)
dish=459 E=Int4x8(6, 7, 6, 7, 6, 7, 6, 7)
dish=460 E=Int4x8(6, 7, -8, -8, -8, -8, -8, -8)
dish=461 E=Int4x8(6, 7, 6, 7, -8, -8, -8, -8)
dish=462 E=Int4x8(6, 7, 6, 7, 6, 7, -8, -8)
dish=463 E=Int4x8(6, 7, 6, 7, 6, 7, 6, 7)
dish=464 E=Int4x8(6, 7, -8, -8, -8, -8, -8, -8)
dish=465 E=Int4x8(6, 7, 6, 7, -8, -8, -8, -8)
dish=466 E=Int4x8(6, 7, 6, 7, 6, 7, -8, -8)
dish=467 E=Int4x8(6, 7, 6, 7, 6, 7, 6, 7)
dish=468 E=Int4x8(6, 7, -8, -8, -8, -8, -8, -8)
dish=469 E=Int4x8(6, 7, 6, 7, -8, -8, -8, -8)
dish=470 E=Int4x8(6, 7, 6, 7, 6, 7, -8, -8)
dish=471 E=Int4x8(6, 7, 6, 7, 6, 7, 6, 7)
dish=472 E=Int4x8(6, 7, -8, -8, -8, -8, -8, -8)
dish=473 E=Int4x8(6, 7, 6, 7, -8, -8, -8, -8)
dish=474 E=Int4x8(6, 7, 6, 7, 6, 7, -8, -8)
dish=475 E=Int4x8(6, 7, 6, 7, 6, 7, 6, 7)
dish=476 E=Int4x8(6, 7, -8, -8, -8, -8, -8, -8)
dish=477 E=Int4x8(6, 7, 6, 7, -8, -8, -8, -8)
dish=478 E=Int4x8(6, 7, 6, 7, 6, 7, -8, -8)
dish=479 E=Int4x8(6, 7, 6, 7, 6, 7, 6, 7)
dish=480 E=Int4x8(6, 7, -8, -8, -8, -8, -8, -8)
dish=481 E=Int4x8(6, 7, 6, 7, -8, -8, -8, -8)
dish=482 E=Int4x8(6, 7, 6, 7, 6, 7, -8, -8)
dish=483 E=Int4x8(6, 7, 6, 7, 6, 7, 6, 7)
dish=484 E=Int4x8(6, 7, -8, -8, -8, -8, -8, -8)
dish=485 E=Int4x8(6, 7, 6, 7, -8, -8, -8, -8)
dish=486 E=Int4x8(6, 7, 6, 7, 6, 7, -8, -8)
dish=487 E=Int4x8(6, 7, 6, 7, 6, 7, 6, 7)
dish=488 E=Int4x8(6, 7, -8, -8, -8, -8, -8, -8)
dish=489 E=Int4x8(6, 7, 6, 7, -8, -8, -8, -8)
dish=490 E=Int4x8(6, 7, 6, 7, 6, 7, -8, -8)
dish=491 E=Int4x8(6, 7, 6, 7, 6, 7, 6, 7)
dish=492 E=Int4x8(6, 7, -8, -8, -8, -8, -8, -8)
dish=493 E=Int4x8(6, 7, 6, 7, -8, -8, -8, -8)
dish=494 E=Int4x8(6, 7, 6, 7, 6, 7, -8, -8)
dish=495 E=Int4x8(6, 7, 6, 7, 6, 7, 6, 7)
dish=496 E=Int4x8(6, 7, -8, -8, -8, -8, -8, -8)
dish=497 E=Int4x8(6, 7, 6, 7, -8, -8, -8, -8)
dish=498 E=Int4x8(6, 7, 6, 7, 6, 7, -8, -8)
dish=499 E=Int4x8(6, 7, 6, 7, 6, 7, 6, 7)
dish=500 E=Int4x8(6, 7, -8, -8, -8, -8, -8, -8)
dish=501 E=Int4x8(6, 7, 6, 7, -8, -8, -8, -8)
dish=502 E=Int4x8(6, 7, 6, 7, 6, 7, -8, -8)
dish=503 E=Int4x8(6, 7, 6, 7, 6, 7, 6, 7)
dish=504 E=Int4x8(6, 7, -8, -8, -8, -8, -8, -8)
dish=505 E=Int4x8(6, 7, 6, 7, -8, -8, -8, -8)
dish=506 E=Int4x8(6, 7, 6, 7, 6, 7, -8, -8)
dish=507 E=Int4x8(6, 7, 6, 7, 6, 7, 6, 7)
dish=508 E=Int4x8(6, 7, -8, -8, -8, -8, -8, -8)
dish=509 E=Int4x8(6, 7, 6, 7, -8, -8, -8, -8)
dish=510 E=Int4x8(6, 7, 6, 7, 6, 7, -8, -8)
dish=511 E=Int4x8(6, 7, 6, 7, 6, 7, 6, 7)
dstime = 147
beamp=0 beamq=0 I=106.66666666666666
beamp=1 beamq=0 I=42.97242906489766
beamp=2 beamq=0 I=0.017912433842885607
beamp=3 beamq=0 I=5.174432150377712
beamp=4 beamq=0 I=0.004555741215221336
beamp=5 beamq=0 I=1.7790514031617155
beamp=6 beamq=0 I=0.0
beamp=7 beamq=0 I=0.9396702436945923
beamp=8 beamq=0 I=0.0012206999958333663
beamp=9 beamq=0 I=0.6380521827919459
beamp=10 beamq=0 I=0.00082341877867607
beamp=11 beamq=0 I=0.4228247259561347
beamp=12 beamq=0 I=0.0
beamp=13 beamq=0 I=0.3251904899190629
beamp=14 beamq=0 I=0.000484922436301414
beamp=15 beamq=0 I=0.2848665080150425
beamp=16 beamq=0 I=0.0004068508889425131
beamp=17 beamq=0 I=0.22851989406502451
beamp=18 beamq=0 I=0.0
beamp=19 beamq=0 I=0.20499642177806623
beamp=20 beamq=0 I=0.0003270748804067303
beamp=21 beamq=0 I=0.20473225839541764
beamp=22 beamq=0 I=0.00031041535163362036
beamp=23 beamq=0 I=0.18460662209354295
beamp=24 beamq=0 I=0.0
beamp=25 beamq=0 I=0.18460819909487672
beamp=26 beamq=0 I=0.000310476016093073
beamp=27 beamq=0 I=0.20473225839541764
beamp=28 beamq=0 I=0.0003271250086959203
beamp=29 beamq=0 I=0.20500090874130317
beamp=30 beamq=0 I=0.0
beamp=31 beamq=0 I=0.22852291497287675
beamp=32 beamq=0 I=0.0004069976641079559
beamp=33 beamq=0 I=0.2848665080150425
beamp=34 beamq=0 I=0.0004848957696484288
beamp=35 beamq=0 I=0.32519531152370834
beamp=36 beamq=0 I=0.0
beamp=37 beamq=0 I=0.4228236916836725
beamp=38 beamq=0 I=0.0008233727201230785
beamp=39 beamq=0 I=0.6380521827919459
beamp=40 beamq=0 I=0.0012206001249095784
beamp=41 beamq=0 I=0.9396717870248832
beamp=42 beamq=0 I=0.0
beamp=43 beamq=0 I=1.779047708096547
beamp=44 beamq=0 I=0.004555545689175431
beamp=45 beamq=0 I=5.1744321503777115
beamp=46 beamq=0 I=0.017912555329050724
beamp=47 beamq=0 I=42.972441722329734
beamp=0 beamq=1 I=53.038129101350364
beamp=1 beamq=1 I=22.73324663304541
beamp=2 beamq=1 I=0.017912434122159357
beamp=3 beamq=1 I=2.4567299869868866
beamp=4 beamq=1 I=0.004555731193124592
beamp=5 beamq=1 I=0.8397391922002067
beamp=6 beamq=1 I=2.3789202667952775e-16
beamp=7 beamq=1 I=0.49710391245963026
beamp=8 beamq=1 I=0.0012206971950086789
beamp=9 beamq=1 I=0.3029360619755148
beamp=10 beamq=1 I=0.0008234718058854172
beamp=11 beamq=1 I=0.19957965849618775
beamp=12 beamq=1 I=6.740123505618219e-17
beamp=13 beamq=1 I=0.17203221679595743
beamp=14 beamq=1 I=0.00048493543205904303
beamp=15 beamq=1 I=0.1352496542984591
beamp=16 beamq=1 I=0.00040695500883752356
beamp=17 beamq=1 I=0.10786470519373399
beamp=18 beamq=1 I=8.131516293641283e-18
beamp=19 beamq=1 I=0.10844699907367497
beamp=20 beamq=1 I=0.0003271248223684106
beamp=21 beamq=1 I=0.09720328143189318
beamp=22 beamq=1 I=0.0003104437788688335
beamp=23 beamq=1 I=0.08713702784743901
beamp=24 beamq=1 I=4.065758146820642e-18
beamp=25 beamq=1 I=0.09766128391274076
beamp=26 beamq=1 I=0.00031048577416795624
beamp=27 beamq=1 I=0.09720328661712851
beamp=28 beamq=1 I=0.00032709187908939227
beamp=29 beamq=1 I=0.09676356254487192
beamp=30 beamq=1 I=7.878535786727998e-17
beamp=31 beamq=1 I=0.1208930848980577
beamp=32 beamq=1 I=0.00040702604171185625
beamp=33 beamq=1 I=0.13524967064705273
beamp=34 beamq=1 I=0.00048501402252145673
beamp=35 beamq=1 I=0.15349724755151678
beamp=36 beamq=1 I=3.958241431382495e-15
beamp=37 beamq=1 I=0.2236819539316533
beamp=38 beamq=1 I=0.0008233480297012951
beamp=39 beamq=1 I=0.30293609179158815
beamp=40 beamq=1 I=0.00122060890224049
beamp=41 beamq=1 I=0.44353952543674036
beamp=42 beamq=1 I=2.1029366037890924e-14
beamp=43 beamq=1 I=0.9411510058724364
beamp=44 beamq=1 I=0.004555647503398604
beamp=45 beamq=1 I=2.456731173727004
beamp=46 beamq=1 I=0.01791261132018691
beamp=47 beamq=1 I=20.283641931964283
beamp=0 beamq=2 I=1.598179141480401
beamp=1 beamq=2 I=0.7692645162131957
beamp=2 beamq=2 I=0.017912442654174226
beamp=3 beamq=2 I=0.04203533092220527
beamp=4 beamq=2 I=0.004555726452442816
beamp=5 beamq=2 I=0.026671471916109385
beamp=6 beamq=2 I=4.459684936157041e-16
beamp=7 beamq=2 I=0.016821369018766845
beamp=8 beamq=2 I=0.0012207042636665777
beamp=9 beamq=2 I=0.005183315520429274
beamp=10 beamq=2 I=0.0008234945161185569
beamp=11 beamq=2 I=0.0063389753285256895
beamp=12 beamq=2 I=4.4090888347743845e-16
beamp=13 beamq=2 I=0.005821362969245441
beamp=14 beamq=2 I=0.00048485242167298854
beamp=15 beamq=2 I=0.00231415928029467
beamp=16 beamq=2 I=0.0004069134118022368
beamp=17 beamq=2 I=0.003425944208456288
beamp=18 beamq=2 I=9.40364684269094e-16
beamp=19 beamq=2 I=0.0036697222392742188
beamp=20 beamq=2 I=0.0003270908832827291
beamp=21 beamq=2 I=0.0016631756400878796
beamp=22 beamq=2 I=0.00031047297934361435
beamp=23 beamq=2 I=0.0027676048368323308
beamp=24 beamq=2 I=6.595563215953485e-16
beamp=25 beamq=2 I=0.003304726433603542
beamp=26 beamq=2 I=0.0003104623995914478
beamp=27 beamq=2 I=0.001663174650055004
beamp=28 beamq=2 I=0.0003270778799696808
beamp=29 beamq=2 I=0.0030733757434465185
beamp=30 beamq=2 I=6.859385744591624e-16
beamp=31 beamq=2 I=0.0040908872421178515
beamp=32 beamq=2 I=0.0004068961860893466
beamp=33 beamq=2 I=0.0023141625192366405
beamp=34 beamq=2 I=0.00048487493570092185
beamp=35 beamq=2 I=0.004875324583103316
beamp=36 beamq=2 I=4.423544863740858e-16
beamp=37 beamq=2 I=0.007569142214327457
beamp=38 beamq=2 I=0.0008234720367537749
beamp=39 beamq=2 I=0.00518332207322021
beamp=40 beamq=2 I=0.0012207102365400582
beamp=41 beamq=2 I=0.014087498372194926
beamp=42 beamq=2 I=8.420636872970751e-17
beamp=43 beamq=2 I=0.03184736367296124
beamp=44 beamq=2 I=0.004555727765114178
beamp=45 beamq=2 I=0.04203532674796066
beamp=46 beamq=2 I=0.01791242657645241
beamp=47 beamq=2 I=0.6442409318941791
beamp=0 beamq=3 I=4.53816688294647
beamp=1 beamq=3 I=2.153608035040137
beamp=2 beamq=3 I=0.017912434921832237
beamp=3 beamq=3 I=0.23975991435230476
beamp=4 beamq=3 I=0.004555727085095931
beamp=5 beamq=3 I=0.06230079059596941
beamp=6 beamq=3 I=0.0
beamp=7 beamq=3 I=0.04709259178026419
beamp=8 beamq=3 I=0.0012206951161088694
beamp=9 beamq=3 I=0.029564469327306414
beamp=10 beamq=3 I=0.0008234719168132306
beamp=11 beamq=3 I=0.014806947128310436
beamp=12 beamq=3 I=0.0
beamp=13 beamq=3 I=0.016297321829101617
beamp=14 beamq=3 I=0.0004848821848038544
beamp=15 beamq=3 I=0.013199432568305006
beamp=16 beamq=3 I=0.00040692006634121883
beamp=17 beamq=3 I=0.008002547811824173
beamp=18 beamq=3 I=0.0
beamp=19 beamq=3 I=0.010273543718276129
beamp=20 beamq=3 I=0.000327102882510381
beamp=21 beamq=3 I=0.00948637173197624
beamp=22 beamq=3 I=0.00031045939719184074
beamp=23 beamq=3 I=0.006464738887914393
beamp=24 beamq=3 I=0.0
beamp=25 beamq=3 I=0.009251900037116696
beamp=26 beamq=3 I=0.00031046377123718856
beamp=27 beamq=3 I=0.009486372138852832
beamp=28 beamq=3 I=0.00032709094202701037
beamp=29 beamq=3 I=0.007178950441746688
beamp=30 beamq=3 I=0.0
beamp=31 beamq=3 I=0.011452685216399784
beamp=32 beamq=3 I=0.00040695036027066047
beamp=33 beamq=3 I=0.013199432682040827
beamp=34 beamq=3 I=0.0004849130283096
beamp=35 beamq=3 I=0.011388119877731822
beamp=36 beamq=3 I=0.0
beamp=37 beamq=3 I=0.021190175077700078
beamp=38 beamq=3 I=0.0008234258842772735
beamp=39 beamq=3 I=0.02956446938115219
beamp=40 beamq=3 I=0.0012206739612672054
beamp=41 beamq=3 I=0.03290644920041169
beamp=42 beamq=3 I=0.0
beamp=43 beamq=3 I=0.08915872478393791
beamp=44 beamq=3 I=0.004555678762343331
beamp=45 beamq=3 I=0.2397599146992913
beamp=46 beamq=3 I=0.01791260870459565
beamp=47 beamq=3 I=1.5048568636439392
beamp=0 beamq=4 I=1.4057494629486318
beamp=1 beamq=4 I=0.7337991762111227
beamp=2 beamq=4 I=0.017912439382997768
beamp=3 beamq=4 I=0.0398992913922408
beamp=4 beamq=4 I=0.0045557238296532535
beamp=5 beamq=4 I=0.021061430753449316
beamp=6 beamq=4 I=9.03501810404587e-18
beamp=7 beamq=4 I=0.01604585205170144
beamp=8 beamq=4 I=0.0012207044383944037
beamp=9 beamq=4 I=0.004919925680660402
beamp=10 beamq=4 I=0.0008234898878542295
beamp=11 beamq=4 I=0.005005638765875767
beamp=12 beamq=4 I=2.7990486086334104e-15
beamp=13 beamq=4 I=0.005552974753261709
beamp=14 beamq=4 I=0.0004848542388753201
beamp=15 beamq=4 I=0.002196562916430698
beamp=16 beamq=4 I=0.0004069158707740141
beamp=17 beamq=4 I=0.0027053451783231406
beamp=18 beamq=4 I=1.1625538494837901e-14
beamp=19 beamq=4 I=0.0035005215238945006
beamp=20 beamq=4 I=0.00032709368889726034
beamp=21 beamq=4 I=0.0015786578412624393
beamp=22 beamq=4 I=0.00031047013415214477
beamp=23 beamq=4 I=0.0021854779812658346
beamp=24 beamq=4 I=1.996739000994137e-15
beamp=25 beamq=4 I=0.0031523822720004747
beamp=26 beamq=4 I=0.00031046263213208096
beamp=27 beamq=4 I=0.0015786572319142558
beamp=28 beamq=4 I=0.00032708229522068847
beamp=29 beamq=4 I=0.00242692916119888
beamp=30 beamq=4 I=1.423918853197629e-14
beamp=31 beamq=4 I=0.0039022844852680434
beamp=32 beamq=4 I=0.0004069039910482881
beamp=33 beamq=4 I=0.002196562405689163
beamp=34 beamq=4 I=0.00048487707801323247
beamp=35 beamq=4 I=0.0038498411848670454
beamp=36 beamq=4 I=2.473787956887759e-15
beamp=37 beamq=4 I=0.007220147869682895
beamp=38 beamq=4 I=0.0008234790123880162
beamp=39 beamq=4 I=0.004919926759124267
beamp=40 beamq=4 I=0.001220712013545379
beamp=41 beamq=4 I=0.011124335200170735
beamp=42 beamq=4 I=3.0719061553755958e-15
beamp=43 beamq=4 I=0.030379138823363884
beamp=44 beamq=4 I=0.004555742612518874
beamp=45 beamq=4 I=0.03989940035224746
beamp=46 beamq=4 I=0.017912509506689392
beamp=47 beamq=4 I=0.5087325398376806
beamp=0 beamq=5 I=0.89059319104535
beamp=1 beamq=5 I=0.47095128811172426
beamp=2 beamq=5 I=0.01791244213582112
beamp=3 beamq=5 I=0.06512566501630623
beamp=4 beamq=5 I=0.004555728845627408
beamp=5 beamq=5 I=0.010144176673104514
beamp=6 beamq=5 I=8.37907578969214e-16
beamp=7 beamq=5 I=0.010298200715307739
beamp=8 beamq=5 I=0.0012207047416373069
beamp=9 beamq=5 I=0.008030561531958285
beamp=10 beamq=5 I=0.0008234827001191716
beamp=11 beamq=5 I=0.0024109359235939547
beamp=12 beamq=5 I=7.705063439130318e-16
beamp=13 beamq=5 I=0.003563889809544741
beamp=14 beamq=5 I=0.0004848766725711453
beamp=15 beamq=5 I=0.0035853238792845736
beamp=16 beamq=5 I=0.0004068953774065977
beamp=17 beamq=5 I=0.001303046387382007
beamp=18 beamq=5 I=9.66141590919937e-15
beamp=19 beamq=5 I=0.0022466366274904942
beamp=20 beamq=5 I=0.0003270920056014917
beamp=21 beamq=5 I=0.002576772127128274
beamp=22 beamq=5 I=0.00031046052384667354
beamp=23 beamq=5 I=0.001052625240837024
beamp=24 beamq=5 I=1.2441219929271163e-15
beamp=25 beamq=5 I=0.0020231918626296566
beamp=26 beamq=5 I=0.0003104637265962552
beamp=27 beamq=5 I=0.002576770985848822
beamp=28 beamq=5 I=0.00032709423758660056
beamp=29 beamq=5 I=0.0011689078639265794
beamp=30 beamq=5 I=4.782099557199918e-14
beamp=31 beamq=5 I=0.0025044591523222847
beamp=32 beamq=5 I=0.000406917541865046
beamp=33 beamq=5 I=0.0035853451904265645
beamp=34 beamq=5 I=0.0004848942865440785
beamp=35 beamq=5 I=0.0018542831214650338
beamp=36 beamq=5 I=8.691687416092126e-15
beamp=37 beamq=5 I=0.004633877923566156
beamp=38 beamq=5 I=0.0008234658208897318
beamp=39 beamq=5 I=0.008030555273527494
beamp=40 beamq=5 I=0.0012207082216049256
beamp=41 beamq=5 I=0.005358040716827205
beamp=42 beamq=5 I=1.1963809572653378e-13
beamp=43 beamq=5 I=0.019497254358829298
beamp=44 beamq=5 I=0.004555725399835336
beamp=45 beamq=5 I=0.06512549372084442
beamp=46 beamq=5 I=0.01791242898139865
beamp=47 beamq=5 I=0.24502943511916223
beamp=0 beamq=6 I=1.1253438184264808
beamp=1 beamq=6 I=0.6376444075639169
beamp=2 beamq=6 I=0.01791243200653521
beamp=3 beamq=6 I=0.03650127350781888
beamp=4 beamq=6 I=0.0045557257040169915
beamp=5 beamq=6 I=0.014754101739993399
beamp=6 beamq=6 I=0.0
beamp=7 beamq=6 I=0.013943275217830398
beamp=8 beamq=6 I=0.0012207006842063321
beamp=9 beamq=6 I=0.004500922410648901
beamp=10 beamq=6 I=0.0008234892182982061
beamp=11 beamq=6 I=0.003506589152144973
beamp=12 beamq=6 I=0.0
beamp=13 beamq=6 I=0.004825357521668532
beamp=14 beamq=6 I=0.0004848670106868527
beamp=15 beamq=6 I=0.002009493962643155
beamp=16 beamq=6 I=0.00040692409646324
beamp=17 beamq=6 I=0.0018951424171282948
beamp=18 beamq=6 I=0.0
beamp=19 beamq=6 I=0.003041804312192674
beamp=20 beamq=6 I=0.00032709583900727697
beamp=21 beamq=6 I=0.0014442141393233231
beamp=22 beamq=6 I=0.0003104713937710322
beamp=23 beamq=6 I=0.0015309930355207704
beamp=24 beamq=6 I=0.0
beamp=25 beamq=6 I=0.0027393141502569563
beamp=26 beamq=6 I=0.0003104687902209859
beamp=27 beamq=6 I=0.0014442141224182289
beamp=28 beamq=6 I=0.0003270857287712446
beamp=29 beamq=6 I=0.0017001539250050685
beamp=30 beamq=6 I=0.0
beamp=31 beamq=6 I=0.0033909639675843394
beamp=32 beamq=6 I=0.00040691310405553
beamp=33 beamq=6 I=0.0020094939588266537
beamp=34 beamq=6 I=0.0004848864888851995
beamp=35 beamq=6 I=0.002696905959664821
beamp=36 beamq=6 I=0.0
beamp=37 beamq=6 I=0.006274061186132052
beamp=38 beamq=6 I=0.000823461740236749
beamp=39 beamq=6 I=0.004500922518253434
beamp=40 beamq=6 I=0.001220709763413362
beamp=41 beamq=6 I=0.007792917883149829
beamp=42 beamq=6 I=0.0
beamp=43 beamq=6 I=0.026398354967220324
beamp=44 beamq=6 I=0.004555747306921205
beamp=45 beamq=6 I=0.03650127360233482
beamp=46 beamq=6 I=0.017912426141121738
beamp=47 beamq=6 I=0.3563811621188722
beamp=0 beamq=7 I=0.12632091730474942
beamp=1 beamq=7 I=0.08105344855239871
beamp=2 beamq=7 I=0.01791243693729251
beamp=3 beamq=7 I=0.020253511689016197
beamp=4 beamq=7 I=0.00455572108028754
beamp=5 beamq=7 I=0.0015240226710411067
beamp=6 beamq=7 I=8.851607236533738e-16
beamp=7 beamq=7 I=0.001772368572762893
beamp=8 beamq=7 I=0.0012207014306652266
beamp=9 beamq=7 I=0.002497428115742304
beamp=10 beamq=7 I=0.0008234794559211297
beamp=11 beamq=7 I=0.00036221155608740435
beamp=12 beamq=7 I=1.6741888546796997e-15
beamp=13 beamq=7 I=0.0006133641041850327
beamp=14 beamq=7 I=0.0004848514767557206
beamp=15 beamq=7 I=0.001115008555271044
beamp=16 beamq=7 I=0.00040692093578448144
beamp=17 beamq=7 I=0.00019575967831959667
beamp=18 beamq=7 I=1.2532292911759946e-14
beamp=19 beamq=7 I=0.0003866643858139859
beamp=20 beamq=7 I=0.00032708844714834787
beamp=21 beamq=7 I=0.0008013438416062625
beamp=22 beamq=7 I=0.0003104653213864423
beamp=23 beamq=7 I=0.00015814240819946555
beamp=24 beamq=7 I=5.931489385306114e-16
beamp=25 beamq=7 I=0.0003482047512345051
beamp=26 beamq=7 I=0.0003104619569095588
beamp=27 beamq=7 I=0.0008013538357099996
beamp=28 beamq=7 I=0.0003270866602754041
beamp=29 beamq=7 I=0.00017561232196266113
beamp=30 beamq=7 I=7.157270291482016e-15
beamp=31 beamq=7 I=0.0004310228321685692
beamp=32 beamq=7 I=0.0004069054941380935
beamp=33 beamq=7 I=0.0011150146385523435
beamp=34 beamq=7 I=0.000484866526880449
beamp=35 beamq=7 I=0.00027857730077170974
beamp=36 beamq=7 I=2.9369229849011505e-15
beamp=37 beamq=7 I=0.0007975132345720613
beamp=38 beamq=7 I=0.0008234836631867854
beamp=39 beamq=7 I=0.0024974133848718796
beamp=40 beamq=7 I=0.0012207190070316913
beamp=41 beamq=7 I=0.0008049738187227639
beamp=42 beamq=7 I=4.3152122861679166e-13
beamp=43 beamq=7 I=0.0033556000980150902
beamp=44 beamq=7 I=0.004555728888564311
beamp=45 beamq=7 I=0.02025367645279136
beamp=46 beamq=7 I=0.017912468065913893
beamp=47 beamq=7 I=0.036811986475841704
beamp=0 beamq=8 I=0.8072919522379094
beamp=1 beamq=8 I=0.499403029613019
beamp=2 beamq=8 I=0.017912430017388587
beamp=3 beamq=8 I=0.03207291838626781
beamp=4 beamq=8 I=0.004555728351007156
beamp=5 beamq=8 I=0.008860806862352653
beamp=6 beamq=8 I=3.2670625464229866e-15
beamp=7 beamq=8 I=0.010920333079311017
beamp=8 beamq=8 I=0.0012207016775427257
beamp=9 beamq=8 I=0.003954873574129209
beamp=10 beamq=8 I=0.0008234880118969175
beamp=11 beamq=8 I=0.002105928943922403
beamp=12 beamq=8 I=1.0010800059282823e-15
beamp=13 beamq=8 I=0.0037792018426923545
beamp=14 beamq=8 I=0.00048486880751262936
beamp=15 beamq=8 I=0.0017657002259002107
beamp=16 beamq=8 I=0.00040690182306549286
beamp=17 beamq=8 I=0.001138180673248662
beamp=18 beamq=8 I=5.3057240314198966e-15
beamp=19 beamq=8 I=0.0023823763979565517
beamp=20 beamq=8 I=0.0003270913971881556
beamp=21 beamq=8 I=0.001269004985670153
beamp=22 beamq=8 I=0.0003104661488574843
beamp=23 beamq=8 I=0.0009194566114539435
beamp=24 beamq=8 I=1.3912843678058154e-14
beamp=25 beamq=8 I=0.0021454185118839272
beamp=26 beamq=8 I=0.0003104656818263147
beamp=27 beamq=8 I=0.0012689807176214805
beamp=28 beamq=8 I=0.0003270922041665286
beamp=29 beamq=8 I=0.0010210283960689578
beamp=30 beamq=8 I=7.078033182709534e-15
beamp=31 beamq=8 I=0.002655792646986119
beamp=32 beamq=8 I=0.0004069100151386336
beamp=33 beamq=8 I=0.0017657003587024634
beamp=34 beamq=8 I=0.00048488817461566784
beamp=35 beamq=8 I=0.0016196901757412176
beamp=36 beamq=8 I=1.2720763389410342e-13
beamp=37 beamq=8 I=0.004913795599444684
beamp=38 beamq=8 I=0.0008235017077166552
beamp=39 beamq=8 I=0.003954852469767489
beamp=40 beamq=8 I=0.0012207110084762982
beamp=41 beamq=8 I=0.00468014019129071
beamp=42 beamq=8 I=2.0673928425677758e-14
beamp=43 beamq=8 I=0.02067515699235256
beamp=44 beamq=8 I=0.0045557831929304874
beamp=45 beamq=8 I=0.032072814609568026
beamp=46 beamq=8 I=0.017912279964496708
beamp=47 beamq=8 I=0.21402967556485575
beamp=0 beamq=9 I=0.004250980199629999
beamp=1 beamq=9 I=0.00901017690444531
beamp=2 beamq=9 I=0.01791244626442611
beamp=3 beamq=9 I=0.005072461007839033
beamp=4 beamq=9 I=0.004555731019021762
beamp=5 beamq=9 I=0.0012896370632297454
beamp=6 beamq=9 I=0.0
beamp=7 beamq=9 I=0.00019702389607814463
beamp=8 beamq=9 I=0.0012207045284950298
beamp=9 beamq=9 I=0.0006254781079642728
beamp=10 beamq=9 I=0.000823491532819857
beamp=11 beamq=9 I=0.000306509407201133
beamp=12 beamq=9 I=0.0
beamp=13 beamq=9 I=6.818598396383692e-5
beamp=14 beamq=9 I=0.0004848604224563794
beamp=15 beamq=9 I=0.0002792527107135283
beamp=16 beamq=9 I=0.00040691443022518694
beamp=17 beamq=9 I=0.00016565249555498026
beamp=18 beamq=9 I=0.0
beamp=19 beamq=9 I=4.2980550668080205e-5
beamp=20 beamq=9 I=0.000327089791721795
beamp=21 beamq=9 I=0.0002006976725471623
beamp=22 beamq=9 I=0.000310463576582223
beamp=23 beamq=9 I=0.00013382448886784085
beamp=24 beamq=9 I=0.0
beamp=25 beamq=9 I=3.870801326768008e-5
beamp=26 beamq=9 I=0.00031046820319341175
beamp=27 beamq=9 I=0.00020069766513248723
beamp=28 beamq=9 I=0.000327086990179336
beamp=29 beamq=9 I=0.0001486099890337503
beamp=30 beamq=9 I=0.0
beamp=31 beamq=9 I=4.792287242303654e-5
beamp=32 beamq=9 I=0.0004069012412521979
beamp=33 beamq=9 I=0.0002792527497261337
beamp=34 beamq=9 I=0.0004848782024893509
beamp=35 beamq=9 I=0.00023572839828653764
beamp=36 beamq=9 I=0.0
beamp=37 beamq=9 I=8.865606182357221e-5
beamp=38 beamq=9 I=0.0008234809617074566
beamp=39 beamq=9 I=0.0006254782844777714
beamp=40 beamq=9 I=0.0012207259617567326
beamp=41 beamq=9 I=0.0006811509190491488
beamp=42 beamq=9 I=0.0
beamp=43 beamq=9 I=0.0003730225968057283
beamp=44 beamq=9 I=0.004555725677769436
beamp=45 beamq=9 I=0.005072461137925251
beamp=46 beamq=9 I=0.017912470665988472
beamp=47 beamq=9 I=0.0311506415813938
beamp=0 beamq=10 I=0.5044856419830439
beamp=1 beamq=10 I=0.34495451162048774
beamp=2 beamq=10 I=0.017912450587847746
beamp=3 beamq=10 I=0.026915907694326453
beamp=4 beamq=10 I=0.0045557208482804
beamp=5 beamq=10 I=0.004281926271490403
beamp=6 beamq=10 I=1.2452784752444341e-14
beamp=7 beamq=10 I=0.007543045428446561
beamp=8 beamq=10 I=0.0012207025763690906
beamp=9 beamq=10 I=0.0033189661935391535
beamp=10 beamq=10 I=0.0008234835740354897
beamp=11 beamq=10 I=0.0010176680558315369
beamp=12 beamq=10 I=1.7003904071814327e-15
beamp=13 beamq=10 I=0.002610418949191736
beamp=14 beamq=10 I=0.0004848579477582695
beamp=15 beamq=10 I=0.0014817946497755275
beamp=16 beamq=10 I=0.00040690892286996403
beamp=17 beamq=10 I=0.0005500397757913769
beamp=18 beamq=10 I=2.86590774260335e-15
beamp=19 beamq=10 I=0.001645608564845363
beamp=20 beamq=10 I=0.0003270932959302592
beamp=21 beamq=10 I=0.0010649574156450076
beamp=22 beamq=10 I=0.00031046569817101374
beamp=23 beamq=10 I=0.00044431960074329657
beamp=24 beamq=10 I=4.143459302515436e-15
beamp=25 beamq=10 I=0.0014819171462285615
beamp=26 beamq=10 I=0.0003104681656848372
beamp=27 beamq=10 I=0.0010649609119781544
beamp=28 beamq=10 I=0.00032709543071764906
beamp=29 beamq=10 I=0.0004934127471456597
beamp=30 beamq=10 I=3.2075073210883576e-13
beamp=31 beamq=10 I=0.001834391691912192
beamp=32 beamq=10 I=0.0004068924153498259
beamp=33 beamq=10 I=0.0014817804998753818
beamp=34 beamq=10 I=0.0004848940085376245
beamp=35 beamq=10 I=0.0007827195264637042
beamp=36 beamq=10 I=1.0427784214820748e-13
beamp=37 beamq=10 I=0.003394178924247636
beamp=38 beamq=10 I=0.0008234713269359396
beamp=39 beamq=10 I=0.0033189766421732607
beamp=40 beamq=10 I=0.0012206952225198835
beamp=41 beamq=10 I=0.002261665094070494
beamp=42 beamq=10 I=1.4861448298838137e-13
beamp=43 beamq=10 I=0.014281086046197707
beamp=44 beamq=10 I=0.004555632305815797
beamp=45 beamq=10 I=0.026915991456728825
beamp=46 beamq=10 I=0.017912545511175236
beamp=47 beamq=10 I=0.10342926227438956
beamp=0 beamq=11 I=0.061914107924401884
beamp=1 beamq=11 I=0.042524400852086836
beamp=2 beamq=11 I=0.017912439602387926
beamp=3 beamq=11 I=0.0004189783390370262
beamp=4 beamq=11 I=0.0045557284009590015
beamp=5 beamq=11 I=0.002510708503576072
beamp=6 beamq=11 I=3.284500131363795e-15
beamp=7 beamq=11 I=0.0009298702677162128
beamp=8 beamq=11 I=0.0012207008537854305
beamp=9 beamq=11 I=5.166488646716304e-5
beamp=10 beamq=11 I=0.0008234871312185703
beamp=11 beamq=11 I=0.0005967227827849871
beamp=12 beamq=11 I=1.8970827513065114e-15
beamp=13 beamq=11 I=0.0003218053561082776
beamp=14 beamq=11 I=0.0004848414486467131
beamp=15 beamq=11 I=2.306680824902853e-5
beamp=16 beamq=11 I=0.00040693048023131143
beamp=17 beamq=11 I=0.00032250454200062715
beamp=18 beamq=11 I=7.900219830177708e-15
beamp=19 beamq=11 I=0.00020286042215721377
beamp=20 beamq=11 I=0.0003270950191206673
beamp=21 beamq=11 I=1.6577566485177185e-5
beamp=22 beamq=11 I=0.00031046779217175965
beamp=23 beamq=11 I=0.000260533977299498
beamp=24 beamq=11 I=5.604963831025896e-15
beamp=25 beamq=11 I=0.00018268230603737904
beamp=26 beamq=11 I=0.0003104567798885667
beamp=27 beamq=11 I=1.6576521738479177e-5
beamp=28 beamq=11 I=0.0003270825746429178
beamp=29 beamq=11 I=0.0002893194169128889
beamp=30 beamq=11 I=2.088254699370018e-13
beamp=31 beamq=11 I=0.00022614651240950397
beamp=32 beamq=11 I=0.0004068708946135251
beamp=33 beamq=11 I=2.3066539838919578e-5
beamp=34 beamq=11 I=0.00048485551895971295
beamp=35 beamq=11 I=0.0004589235253440983
beamp=36 beamq=11 I=4.374951825871868e-13
beamp=37 beamq=11 I=0.0004183976245022937
beamp=38 beamq=11 I=0.0008234850440252744
beamp=39 beamq=11 I=5.1665336407623635e-5
beamp=40 beamq=11 I=0.0012207140399226766
beamp=41 beamq=11 I=0.0013261192708307148
beamp=42 beamq=11 I=1.2542502482217516e-13
beamp=43 beamq=11 I=0.001760496907297376
beamp=44 beamq=11 I=0.004555670603076284
beamp=45 beamq=11 I=0.0004189657840617243
beamp=46 beamq=11 I=0.01791240622355942
beamp=47 beamq=11 I=0.060645255687112334
beamp=0 beamq=12 I=0.26041666666666663
beamp=1 beamq=12 I=0.20128557115790985
beamp=2 beamq=12 I=0.017912437833333274
beamp=3 beamq=12 I=0.021381951034618644
beamp=4 beamq=12 I=0.00455572414501137
beamp=5 beamq=12 I=0.0015121424933253011
beamp=6 beamq=12 I=0.0
beamp=7 beamq=12 I=0.004401472946011242
beamp=8 beamq=12 I=0.0012207026812040757
beamp=9 beamq=12 I=0.0026365792677353135
beamp=10 beamq=12 I=0.0008234847477177837
beamp=11 beamq=12 I=0.00035938603421855275
beamp=12 beamq=12 I=0.0
beamp=13 beamq=12 I=0.001523224393432499
beamp=14 beamq=12 I=0.0004848675935790464
beamp=15 beamq=12 I=0.0011771343306406713
beamp=16 beamq=12 I=0.0004069166450029936
beamp=17 beamq=12 I=0.00019424190018265254
beamp=18 beamq=12 I=0.0
beamp=19 beamq=12 I=0.0009602199932264282
beamp=20 beamq=12 I=0.00032709437343963826
beamp=21 beamq=12 I=0.0008460010677496596
beamp=22 beamq=12 I=0.0003104630206138805
beamp=23 beamq=12 I=0.000156909105202583
beamp=24 beamq=12 I=0.0
beamp=25 beamq=12 I=0.0008647333667869527
beamp=26 beamq=12 I=0.00031046850643390826
beamp=27 beamq=12 I=0.0008460010677496596
beamp=28 beamq=12 I=0.000327083353925814
beamp=29 beamq=12 I=0.00017424001415321477
beamp=30 beamq=12 I=0.0
beamp=31 beamq=12 I=0.001070436150436832
beamp=32 beamq=12 I=0.00040691248737168446
beamp=33 beamq=12 I=0.0011771343306406713
beamp=34 beamq=12 I=0.00048488908132489377
beamp=35 beamq=12 I=0.0002764223165542581
beamp=36 beamq=12 I=0.0
beamp=37 beamq=12 I=0.0019805368171655845
beamp=38 beamq=12 I=0.000823478889812442
beamp=39 beamq=12 I=0.0026365792677353135
beamp=40 beamq=12 I=0.0012207097633179164
beamp=41 beamq=12 I=0.0007986990971155575
beamp=42 beamq=12 I=0.0
beamp=43 beamq=12 I=0.008333169043078655
beamp=44 beamq=12 I=0.004555722451949377
beamp=45 beamq=12 I=0.02138195103461864
beamp=46 beamq=12 I=0.017912486391232958
beamp=47 beamq=12 I=0.03652538534957947
beamp=0 beamq=13 I=0.14137319394710277
beamp=1 beamq=13 I=0.09986522244748766
beamp=2 beamq=13 I=0.017912464866432533
beamp=3 beamq=13 I=0.00032225187970736984
beamp=4 beamq=13 I=0.00455573244135928
beamp=5 beamq=13 I=0.0031497637213822515
beamp=6 beamq=13 I=5.2399671696586506e-14
beamp=7 beamq=13 I=0.0021837396886552514
beamp=8 beamq=13 I=0.0012207116190609772
beamp=9 beamq=13 I=3.973908258852538e-5
beamp=10 beamq=13 I=0.0008234977707525899
beamp=11 beamq=13 I=0.0007485797376952951
beamp=12 beamq=13 I=3.25836182398879e-14
beamp=13 beamq=13 I=0.0007557565627313446
beamp=14 beamq=13 I=0.0004848791858385899
beamp=15 beamq=13 I=1.774141903460242e-5
beamp=16 beamq=13 I=0.00040684783829149086
beamp=17 beamq=13 I=0.0004045527127096187
beamp=18 beamq=13 I=2.3040018966765292e-14
beamp=19 beamq=13 I=0.00047640624264687527
beamp=20 beamq=13 I=0.0003270710195912224
beamp=21 beamq=13 I=1.274930080782918e-5
beamp=22 beamq=13 I=0.00031047898363900184
beamp=23 beamq=13 I=0.0003268398022188519
beamp=24 beamq=13 I=5.760727543139646e-15
beamp=25 beamq=13 I=0.0004290238612943461
beamp=26 beamq=13 I=0.00031045627551317393
beamp=27 beamq=13 I=1.2749456851135621e-5
beamp=28 beamq=13 I=0.00032711572774841687
beamp=29 beamq=13 I=0.00036294024156082605
beamp=30 beamq=13 I=9.948006683459705e-14
beamp=31 beamq=13 I=0.0005311636336513063
beamp=32 beamq=13 I=0.0004069160388694559
beamp=33 beamq=13 I=1.7740289914436272e-5
beamp=34 beamq=13 I=0.0004848611194867407
beamp=35 beamq=13 I=0.0005757525064515671
beamp=36 beamq=13 I=5.583259910536357e-13
beamp=37 beamq=13 I=0.0009826053252477002
beamp=38 beamq=13 I=0.0008234847877744253
beamp=39 beamq=13 I=3.973176004345761e-5
beamp=40 beamq=13 I=0.0012206858165833838
beamp=41 beamq=13 I=0.0016635861174331891
beamp=42 beamq=13 I=3.514036031199615e-12
beamp=43 beamq=13 I=0.004134476084221999
beamp=44 beamq=13 I=0.00455569897817752
beamp=45 beamq=13 I=0.0003222744171106868
beamp=46 beamq=13 I=0.01791244087132611
beamp=47 beamq=13 I=0.07608151179553534
beamp=0 beamq=14 I=0.10008170852855272
beamp=1 beamq=14 I=0.0902347367304778
beamp=2 beamq=14 I=0.01791242565933628
beamp=3 beamq=14 I=0.015848024248786605
beamp=4 beamq=14 I=0.004555728508625513
beamp=5 beamq=14 I=0.0005576282627908166
beamp=6 beamq=14 I=4.8026542233866224e-14
beamp=7 beamq=14 I=0.0019731420162942916
beamp=8 beamq=14 I=0.001220684330796836
beamp=9 beamq=14 I=0.001954205122694776
beamp=10 beamq=14 I=0.000823501691774296
beamp=11 beamq=14 I=0.0001325326978393434
beamp=12 beamq=14 I=2.894819800536297e-14
beamp=13 beamq=14 I=0.0006828309747529647
beamp=14 beamq=14 I=0.0004847860867981201
beamp=15 beamq=14 I=0.0008724794922845109
beamp=16 beamq=14 I=0.00040694883924235174
beamp=17 beamq=14 I=7.161415748910914e-5
beamp=18 beamq=14 I=6.725703616724162e-14
beamp=19 beamq=14 I=0.00043046405227204843
beamp=20 beamq=14 I=0.0003270892357376665
beamp=21 beamq=14 I=0.0006270444775869769
beamp=22 beamq=14 I=0.00031046461945574016
beamp=23 beamq=14 I=5.7866110001269417e-5
beamp=24 beamq=14 I=6.014647691935751e-14
beamp=25 beamq=14 I=0.00038763725803041195
beamp=26 beamq=14 I=0.00031043685196820885
beamp=27 beamq=14 I=0.0006270416033037554
beamp=28 beamq=14 I=0.00032707986605541096
beamp=29 beamq=14 I=6.426998492364098e-5
beamp=30 beamq=14 I=5.2383227963637147e-14
beamp=31 beamq=14 I=0.0004799073580435173
beamp=32 beamq=14 I=0.00040684636941023465
beamp=33 beamq=14 I=0.0008724690381699076
beamp=34 beamq=14 I=0.00048484157090769033
beamp=35 beamq=14 I=0.00010191031534144334
beamp=36 beamq=14 I=1.9276391825343944e-13
beamp=37 beamq=14 I=0.0008878211368698632
beamp=38 beamq=14 I=0.0008235087163910448
beamp=39 beamq=14 I=0.0019541054501966606
beamp=40 beamq=14 I=0.0012207126385468255
beamp=41 beamq=14 I=0.00029453053237435693
beamp=42 beamq=14 I=1.0966231539742224e-12
beamp=43 beamq=14 I=0.0037357466510227868
beamp=44 beamq=14 I=0.004555753690939281
beamp=45 beamq=14 I=0.015847960821358992
beamp=46 beamq=14 I=0.01791276110508122
beamp=47 beamq=14 I=0.013468925592338477
beamp=0 beamq=15 I=0.1818736580465664
beamp=1 beamq=15 I=0.14149214452808923
beamp=2 beamq=15 I=0.017912442632254187
beamp=3 beamq=15 I=0.0022646645467806815
beamp=4 beamq=15 I=0.004555724873608923
beamp=5 beamq=15 I=0.0027786892640682946
beamp=6 beamq=15 I=0.0
beamp=7 beamq=15 I=0.003093975447408863
beamp=8 beamq=15 I=0.0012207043969252997
beamp=9 beamq=15 I=0.0002792527107135283
beamp=10 beamq=15 I=0.0008234895066060026
beamp=11 beamq=15 I=0.0006604089564750927
beamp=12 beamq=15 I=0.0
beamp=13 beamq=15 I=0.0010707387006188332
beamp=14 beamq=15 I=0.00048486221882364006
beamp=15 beamq=15 I=0.0001246759299761262
beamp=16 beamq=15 I=0.00040691334810824786
beamp=17 beamq=15 I=0.0003569176471186153
beamp=18 beamq=15 I=0.0
beamp=19 beamq=15 I=0.0006749715326906269
beamp=20 beamq=15 I=0.00032708823680500183
beamp=21 beamq=15 I=8.96040004065062e-5
beamp=22 beamq=15 I=0.00031046661156088637
beamp=23 beamq=15 I=0.0002883370259520778
beamp=24 beamq=15 I=0.0
beamp=25 beamq=15 I=0.0006078595545374395
beamp=26 beamq=15 I=0.0003104678067209989
beamp=27 beamq=15 I=8.960402670469292e-5
beamp=28 beamq=15 I=0.0003270843844946121
beamp=29 beamq=15 I=0.0003202031930126047
beamp=30 beamq=15 I=0.0
beamp=31 beamq=15 I=0.0007524641186998666
beamp=32 beamq=15 I=0.00040689543445020693
beamp=33 beamq=15 I=0.00012467592509074737
beamp=34 beamq=15 I=0.0004848775922504422
beamp=35 beamq=15 I=0.0005079235633949197
beamp=36 beamq=15 I=0.0
beamp=37 beamq=15 I=0.0013922028386409969
beamp=38 beamq=15 I=0.0008234729413072163
beamp=39 beamq=15 I=0.0002792527497261337
beamp=40 beamq=15 I=0.0012207115928107065
beamp=41 beamq=15 I=0.0014676638698081362
beamp=42 beamq=15 I=0.0
beamp=43 beamq=15 I=0.00585773433225638
beamp=44 beamq=15 I=0.004555725310862671
beamp=45 beamq=15 I=0.0022646646169768524
beamp=46 beamq=15 I=0.01791244714510691
beamp=47 beamq=15 I=0.06711838853846135
beamp=0 beamq=16 I=0.026041042684280348
beamp=1 beamq=16 I=0.023780916737882594
beamp=2 beamq=16 I=0.017912429119318403
beamp=3 beamq=16 I=0.010690895171869573
beamp=4 beamq=16 I=0.004555726676324928
beamp=5 beamq=16 I=0.0009845220398514072
beamp=6 beamq=16 I=1.992366052231779e-14
beamp=7 beamq=16 I=0.0005200147130279256
beamp=8 beamq=16 I=0.0012207072818504429
beamp=9 beamq=16 I=0.0013182603050584587
beamp=10 beamq=16 I=0.000823454454147086
beamp=11 beamq=16 I=0.00023397559113252534
beamp=12 beamq=16 I=5.782411586589356e-14
beamp=13 beamq=16 I=0.00017994057503363205
beamp=14 beamq=16 I=0.0004849377134520707
beamp=15 beamq=16 I=0.0005885579746236775
beamp=16 beamq=16 I=0.0004068691402641661
beamp=17 beamq=16 I=0.00012646830391800415
beamp=18 beamq=16 I=2.3725957541224454e-15
beamp=19 beamq=16 I=0.00011344205457221205
beamp=20 beamq=16 I=0.000327068199597257
beamp=21 beamq=16 I=0.00042299672117654917
beamp=22 beamq=16 I=0.0003104580126450015
beamp=23 beamq=16 I=0.0001021624338186802
beamp=24 beamq=16 I=1.423918853197629e-15
beamp=25 beamq=16 I=0.00010216511400120577
beamp=26 beamq=16 I=0.00031046022812960644
beamp=27 beamq=16 I=0.00042298919451896097
beamp=28 beamq=16 I=0.00032712741343002055
beamp=29 beamq=16 I=0.00011341939581093139
beamp=30 beamq=16 I=1.4669544514308203e-13
beamp=31 beamq=16 I=0.00012642745086019323
beamp=32 beamq=16 I=0.0004068645076771268
beamp=33 beamq=16 I=0.0005885336655724628
beamp=34 beamq=16 I=0.000484774488545492
beamp=35 beamq=16 I=0.00017996058604813326
beamp=36 beamq=16 I=2.946518174127647e-13
beamp=37 beamq=16 I=0.00023398676295694325
beamp=38 beamq=16 I=0.0008235648711976903
beamp=39 beamq=16 I=0.0013182215602680878
beamp=40 beamq=16 I=0.0012207393578744369
beamp=41 beamq=16 I=0.0005199119407601713
beamp=42 beamq=16 I=1.3243818657489765e-12
beamp=43 beamq=16 I=0.0009845224231035577
beamp=44 beamq=16 I=0.0045561229140271935
beamp=45 beamq=16 I=0.010689880881224904
beamp=46 beamq=16 I=0.017912517268198952
beamp=47 beamq=16 I=0.02378213989345332
beamp=0 beamq=17 I=0.17076510455167151
beamp=1 beamq=17 I=0.15111570799608298
beamp=2 beamq=17 I=0.017912447647385105
beamp=3 beamq=17 I=0.004925512671136655
beamp=4 beamq=17 I=0.004555709052517282
beamp=5 beamq=17 I=0.0017152646249561144
beamp=6 beamq=17 I=6.442229923709722e-14
beamp=7 beamq=17 I=0.0033044320205428985
beamp=8 beamq=17 I=0.0012206879240212192
beamp=9 beamq=17 I=0.0006073676047425926
beamp=10 beamq=17 I=0.0008234795307969263
beamp=11 beamq=17 I=0.00040767118633301615
beamp=12 beamq=17 I=3.0653738372863705e-14
beamp=13 beamq=17 I=0.0011435647409465627
beamp=14 beamq=17 I=0.00048491084293664623
beamp=15 beamq=17 I=0.0002711644618981846
beamp=16 beamq=17 I=0.00040696995222317474
beamp=17 beamq=17 I=0.000220308936096462
beamp=18 beamq=17 I=3.636865837421584e-14
beamp=19 beamq=17 I=0.0007207923026967688
beamp=20 beamq=17 I=0.0003271008790435577
beamp=21 beamq=17 I=0.0001948829229056724
beamp=22 beamq=17 I=0.0003104411997614642
beamp=23 beamq=17 I=0.0001780026620846413
beamp=24 beamq=17 I=6.783491592517639e-14
beamp=25 beamq=17 I=0.0006491931558020421
beamp=26 beamq=17 I=0.00031046388098459476
beamp=27 beamq=17 I=0.00019489253666462718
beamp=28 beamq=17 I=0.0003270672510331295
beamp=29 beamq=17 I=0.00019770664375475043
beamp=30 beamq=17 I=2.8142726141387276e-13
beamp=31 beamq=17 I=0.0008037083573049415
beamp=32 beamq=17 I=0.00040707207356120343
beamp=33 beamq=17 I=0.0002711729681523188
beamp=34 beamq=17 I=0.00048485677072156397
beamp=35 beamq=17 I=0.0003134301532535182
beamp=36 beamq=17 I=2.999818456428845e-13
beamp=37 beamq=17 I=0.0014869443386281037
beamp=38 beamq=17 I=0.0008233578532346663
beamp=39 beamq=17 I=0.0006073924871102623
beamp=40 beamq=17 I=0.0012206970724589483
beamp=41 beamq=17 I=0.0009059089655215022
beamp=42 beamq=17 I=6.637906731799906e-13
beamp=43 beamq=17 I=0.006256227834149265
beamp=44 beamq=17 I=0.004555412376196602
beamp=45 beamq=17 I=0.0049260409403350264
beamp=46 beamq=17 I=0.017913756090808565
beamp=47 beamq=17 I=0.04143290493408958
beamp=0 beamq=18 I=0.020489491731277194
beamp=1 beamq=18 I=0.0020426375809512085
beamp=2 beamq=18 I=0.017912437578827163
beamp=3 beamq=18 I=0.00626262840701242
beamp=4 beamq=18 I=0.004555738408074028
beamp=5 beamq=18 I=0.0020823936807203933
beamp=6 beamq=18 I=0.0
beamp=7 beamq=18 I=4.4667555178376346e-5
beamp=8 beamq=18 I=0.0012207013238704802
beamp=9 beamq=18 I=0.000772236154718086
beamp=10 beamq=18 I=0.0008234917819244481
beamp=11 beamq=18 I=0.0004949255167459501
beamp=12 beamq=18 I=0.0
beamp=13 beamq=18 I=1.5458164571529114e-5
beamp=14 beamq=18 I=0.0004848555325905075
beamp=15 beamq=18 I=0.00034477465855670505
beamp=16 beamq=18 I=0.0004069077866127039
beamp=17 beamq=18 I=0.00026748282536037237
beamp=18 beamq=18 I=0.0
beamp=19 beamq=18 I=9.744019591560223e-6
beamp=20 beamq=18 I=0.0003270884420893319
beamp=21 beamq=18 I=0.00024778797936822846
beamp=22 beamq=18 I=0.0003104702434356562
beamp=23 beamq=18 I=0.0002160851582878055
beamp=24 beamq=18 I=0.0
beamp=25 beamq=18 I=8.775464922150908e-6
beamp=26 beamq=18 I=0.00031046124759048175
beamp=27 beamq=18 I=0.0002477879624631342
beamp=28 beamq=18 I=0.0003270821008062242
beamp=29 beamq=18 I=0.00023996121221206597
beamp=30 beamq=18 I=0.0
beamp=31 beamq=18 I=1.0865703122118673e-5
beamp=32 beamq=18 I=0.0004068978902550874
beamp=33 beamq=18 I=0.0003447746547402035
beamp=34 beamq=18 I=0.00048486054035787237
beamp=35 beamq=18 I=0.000380633009167487
beamp=36 beamq=18 I=0.0
beamp=37 beamq=18 I=2.009989149197356e-5
beamp=38 beamq=18 I=0.0008234748947149083
beamp=39 beamq=18 I=0.000772236262322619
beamp=40 beamq=18 I=0.0012207130483033353
beamp=41 beamq=18 I=0.0010998891405670944
beamp=42 beamq=18 I=0.0
beamp=43 beamq=18 I=8.456359220242113e-5
beamp=44 beamq=18 I=0.004555720226416553
beamp=45 beamq=18 I=0.006262628501528361
beamp=46 beamq=18 I=0.01791244821619036
beamp=47 beamq=18 I=0.05029965795814951
beamp=0 beamq=19 I=0.12322366747636188
beamp=1 beamq=19 I=0.12908544799911617
beamp=2 beamq=19 I=0.017912477621457132
beamp=3 beamq=19 I=0.007504219194366288
beamp=4 beamq=19 I=0.00455570058161486
beamp=5 beamq=19 I=0.0005924692201995352
beamp=6 beamq=19 I=1.3421067642654938e-13
beamp=7 beamq=19 I=0.0028226810914769376
beamp=8 beamq=19 I=0.001220693309295927
beamp=9 beamq=19 I=0.0009253381684642859
beamp=10 beamq=19 I=0.0008234865519909714
beamp=11 beamq=19 I=0.00014081182856658884
beamp=12 beamq=19 I=5.596154688374451e-14
beamp=13 beamq=19 I=0.0009768643758160398
beamp=14 beamq=19 I=0.00048486399456647706
beamp=15 beamq=19 I=0.00041313028112186266
beamp=16 beamq=19 I=0.0004069643317648135
beamp=17 beamq=19 I=7.611164317244106e-5
beamp=18 beamq=19 I=2.4112746666258657e-14
beamp=19 beamq=19 I=0.0006158009133774736
beamp=20 beamq=19 I=0.00032708799106283975
beamp=21 beamq=19 I=0.0002969191331972383
beamp=22 beamq=19 I=0.000310456624732604
beamp=23 beamq=19 I=6.147455890626575e-5
beamp=24 beamq=19 I=1.4042947938756415e-14
beamp=25 beamq=19 I=0.000554553450214183
beamp=26 beamq=19 I=0.0003104679954649553
beamp=27 beamq=19 I=0.00029692299098282393
beamp=28 beamq=19 I=0.0003270976211347887
beamp=29 beamq=19 I=6.827337228946792e-5
beamp=30 beamq=19 I=1.525924207592307e-14
beamp=31 beamq=19 I=0.0006864535389169333
beamp=32 beamq=19 I=0.0004068726198830122
beamp=33 beamq=19 I=0.0004131302332528152
beamp=34 beamq=19 I=0.00048484113234405343
beamp=35 beamq=19 I=0.0001083114955508272
beamp=36 beamq=19 I=6.606296817461091e-14
beamp=37 beamq=19 I=0.0012701732857487472
beamp=38 beamq=19 I=0.000823497011054808
beamp=39 beamq=19 I=0.0009253346656845629
beamp=40 beamq=19 I=0.0012206918261221948
beamp=41 beamq=19 I=0.0003129480063362898
beamp=42 beamq=19 I=2.0847084547641798e-13
beamp=43 beamq=19 I=0.005344086196807029
beamp=44 beamq=19 I=0.00455585076993658
beamp=45 beamq=19 I=0.007504138779511214
beamp=46 beamq=19 I=0.017912204248733833
beamp=47 beamq=19 I=0.014310890895103831
beamp=0 beamq=20 I=0.05258512700606234
beamp=1 beamq=20 I=0.01445168195048881
beamp=2 beamq=20 I=0.017912447692555046
beamp=3 beamq=20 I=0.0028646360503455717
beamp=4 beamq=20 I=0.004555735043196577
beamp=5 beamq=20 I=0.0030949978491664762
beamp=6 beamq=20 I=8.058838608012338e-14
beamp=7 beamq=20 I=0.00031601182355940713
beamp=8 beamq=20 I=0.0012207026329825003
beamp=9 beamq=20 I=0.0003532404223143124
beamp=10 beamq=20 I=0.0008234835203957091
beamp=11 beamq=20 I=0.0007355721676609165
beamp=12 beamq=20 I=2.7249614601802343e-15
beamp=13 beamq=20 I=0.00010935981394080985
beamp=14 beamq=20 I=0.0004848506087319987
beamp=15 beamq=20 I=0.00015770870953690092
beamp=16 beamq=20 I=0.0004068903339721096
beamp=17 beamq=20 I=0.00039757306641265437
beamp=18 beamq=20 I=4.582561182372065e-16
beamp=19 beamq=20 I=6.893371925224218e-5
beamp=20 beamq=20 I=0.00032709083854139066
beamp=21 beamq=20 I=0.00011334534175253216
beamp=22 beamq=20 I=0.0003104783800781542
beamp=23 beamq=20 I=0.0003211771778948282
beamp=24 beamq=20 I=3.763265740697186e-15
beamp=25 beamq=20 I=6.208413791009591e-5
beamp=26 beamq=20 I=0.0003104598828399509
beamp=27 beamq=20 I=0.00011334435854409572
beamp=28 beamq=20 I=0.0003270830268280756
beamp=29 beamq=20 I=0.0003566526105377244
beamp=30 beamq=20 I=2.5174451643665087e-14
beamp=31 beamq=20 I=7.683424021233725e-5
beamp=32 beamq=20 I=0.0004068661039479134
beamp=33 beamq=20 I=0.00015771175488277851
beamp=34 beamq=20 I=0.0004848690559863424
beamp=35 beamq=20 I=0.0005657062927332966
beamp=36 beamq=20 I=7.466538961183506e-15
beamp=37 beamq=20 I=0.00014220104553274178
beamp=38 beamq=20 I=0.0008234514503951993
beamp=39 beamq=20 I=0.00035322696836881916
beamp=40 beamq=20 I=0.0012207216767864213
beamp=41 beamq=20 I=0.0016346905328817236
beamp=42 beamq=20 I=2.537080065710221e-13
beamp=43 beamq=20 I=0.0005983185825239098
beamp=44 beamq=20 I=0.004555775963700302
beamp=45 beamq=20 I=0.002864608789688342
beamp=46 beamq=20 I=0.017912636342917107
beamp=47 beamq=20 I=0.0747590776100234
beamp=0 beamq=21 I=0.06737500043653571
beamp=1 beamq=21 I=0.08710598397859692
beamp=2 beamq=21 I=0.017912444059707808
beamp=3 beamq=21 I=0.00948637173197624
beamp=4 beamq=21 I=0.004555728300560571
beamp=5 beamq=21 I=3.6476837935313876e-5
beamp=6 beamq=21 I=0.0
beamp=7 beamq=21 I=0.0019047165261669029
beamp=8 beamq=21 I=0.00122070438289977
beamp=9 beamq=21 I=0.0011697515239847411
beamp=10 beamq=21 I=0.0008234891876306944
beamp=11 beamq=21 I=8.669359638620257e-6
beamp=12 beamq=21 I=0.0
beamp=13 beamq=21 I=0.0006591702227260756
beamp=14 beamq=21 I=0.00048485858846334247
beamp=15 beamq=21 I=0.0005222503864550483
beamp=16 beamq=21 I=0.000406910065986296
beamp=17 beamq=21 I=4.685769815325892e-6
beamp=18 beamq=21 I=0.0
beamp=19 beamq=21 I=0.00041553883376965197
beamp=20 beamq=21 I=0.0003270924724920019
beamp=21 beamq=21 I=0.0003753388400397813
beamp=22 beamq=21 I=0.00031047005699650585
beamp=23 beamq=21 I=3.784872730157712e-6
beamp=24 beamq=21 I=0.0
beamp=25 beamq=21 I=0.00037420945863373637
beamp=26 beamq=21 I=0.0003104610160343346
beamp=27 beamq=21 I=0.00037533921320351065
beamp=28 beamq=21 I=0.0003270984707366662
beamp=29 beamq=21 I=4.203089836002158e-6
beamp=30 beamq=21 I=0.0
beamp=31 beamq=21 I=0.00046323484028709097
beamp=32 beamq=21 I=0.00040690089512477343
beamp=33 beamq=21 I=0.0005222505440888545
beamp=34 beamq=21 I=0.000484863402360699
beamp=35 beamq=21 I=6.66806150336324e-6
beamp=36 beamq=21 I=0.0
beamp=37 beamq=21 I=0.0008570681982995793
beamp=38 beamq=21 I=0.0008234833090269251
beamp=39 beamq=21 I=0.001169751715331409
beamp=40 beamq=21 I=0.0012207248191418592
beamp=41 beamq=21 I=1.9267890680536307e-5
beamp=42 beamq=21 I=0.0
beamp=43 beamq=21 I=0.0036061750057376296
beamp=44 beamq=21 I=0.004555721962842035
beamp=45 beamq=21 I=0.009486372138852832
beamp=46 beamq=21 I=0.017912500188387734
beamp=47 beamq=21 I=0.0008810865782128187
beamp=0 beamq=22 I=0.08891923397766834
beamp=1 beamq=22 I=0.04370269457457439
beamp=2 beamq=22 I=0.01791241549345148
beamp=3 beamq=22 I=0.0007285661929733851
beamp=4 beamq=22 I=0.004555726644829214
beamp=5 beamq=22 I=0.003454360351846605
beamp=6 beamq=22 I=2.2124952333187525e-15
beamp=7 beamq=22 I=0.0009556390330287078
beamp=8 beamq=22 I=0.0012206962638855589
beamp=9 beamq=22 I=8.983921437149559e-5
beamp=10 beamq=22 I=0.0008234937151394006
beamp=11 beamq=22 I=0.0008210039305486527
beamp=12 beamq=22 I=8.405096641831792e-15
beamp=13 beamq=22 I=0.00033071016016948196
beamp=14 beamq=22 I=0.0004848454285643779
beamp=15 beamq=22 I=4.0108223500944887e-5
beamp=16 beamq=22 I=0.00040692932028187133
beamp=17 beamq=22 I=0.00044373310823566287
beamp=18 beamq=22 I=2.4954720003374693e-14
beamp=19 beamq=22 I=0.0002084626871403171
beamp=20 beamq=22 I=0.000327076391560632
beamp=21 beamq=22 I=2.8825312296547247e-5
beamp=22 beamq=22 I=0.00031047058904514304
beamp=23 beamq=22 I=0.00035845374117115527
beamp=24 beamq=22 I=1.5795018649492988e-14
beamp=25 beamq=22 I=0.00018774306273383962
beamp=26 beamq=22 I=0.000310460146120617
beamp=27 beamq=22 I=2.8826818429352614e-5
beamp=28 beamq=22 I=0.00032708302314643874
beamp=29 beamq=22 I=0.00039803376896627705
beamp=30 beamq=22 I=9.413079401591565e-14
beamp=31 beamq=22 I=0.0002324415617233016
beamp=32 beamq=22 I=0.000406933546617276
beamp=33 beamq=22 I=4.010849225847857e-5
beamp=34 beamq=22 I=0.0004848065714211515
beamp=35 beamq=22 I=0.0006314092458384845
beamp=36 beamq=22 I=4.907135172741809e-14
beamp=37 beamq=22 I=0.0004299859781581744
beamp=38 beamq=22 I=0.0008234864350350965
beamp=39 beamq=22 I=8.984248714678313e-5
beamp=40 beamq=22 I=0.0012206750139908693
beamp=41 beamq=22 I=0.0018245553688277611
beamp=42 beamq=22 I=9.35641176804299e-14
beamp=43 beamq=22 I=0.001809309840241417
beamp=44 beamq=22 I=0.004555708770304097
beamp=45 beamq=22 I=0.0007285732314273729
beamp=46 beamq=22 I=0.017912277501993368
beamp=47 beamq=22 I=0.08343857289860442
beamp=0 beamq=23 I=0.03101261033145053
beamp=1 beamq=23 I=0.04217132738750935
beamp=2 beamq=23 I=0.01791246883903317
beamp=3 beamq=23 I=0.010553909165584007
beamp=4 beamq=23 I=0.004555728589805696
beamp=5 beamq=23 I=0.0004237312023154307
beamp=6 beamq=23 I=4.026004067162839e-15
beamp=7 beamq=23 I=0.0009221571723593402
beamp=8 beamq=23 I=0.001220705281494726
beamp=9 beamq=23 I=0.0013013886245808134
beamp=10 beamq=23 I=0.0008234854484632832
beamp=11 beamq=23 I=0.00010071559620472535
beamp=12 beamq=23 I=1.524758690256885e-14
beamp=13 beamq=23 I=0.0003191321093063438
beamp=14 beamq=23 I=0.00048485290431991856
beamp=15 beamq=23 I=0.0005810203441145927
beamp=16 beamq=23 I=0.00040693687633744726
beamp=17 beamq=23 I=5.441277152720397e-5
beamp=18 beamq=23 I=3.4872640076547924e-14
beamp=19 beamq=23 I=0.00020116628078506395
beamp=20 beamq=23 I=0.0003271000122190004
beamp=21 beamq=23 I=0.0004175786813254211
beamp=22 beamq=23 I=0.0003104809352556378
beamp=23 beamq=23 I=4.3965836847946235e-5
beamp=24 beamq=23 I=2.4393826079475524e-14
beamp=25 beamq=23 I=0.00018115875941243642
beamp=26 beamq=23 I=0.0003104585406846163
beamp=27 beamq=23 I=0.00041758307595568664
beamp=28 beamq=23 I=0.00032708486174945505
beamp=29 beamq=23 I=4.8823367214136984e-5
beamp=30 beamq=23 I=4.6123767421154164e-14
beamp=31 beamq=23 I=0.00022427141908234945
beamp=32 beamq=23 I=0.00040686158171119826
beamp=33 beamq=23 I=0.0005810362486923012
beamp=34 beamq=23 I=0.00048490291097122315
beamp=35 beamq=23 I=7.744919985350345e-5
beamp=36 beamq=23 I=4.072207342743309e-13
beamp=37 beamq=23 I=0.0004149332275894336
beamp=38 beamq=23 I=0.0008234646479263127
beamp=39 beamq=23 I=0.0013013778298306608
beamp=40 beamq=23 I=0.0012207293829864675
beamp=41 beamq=23 I=0.00022381565484036838
beamp=42 beamq=23 I=2.032649583950478e-13
beamp=43 beamq=23 I=0.0017458760824459005
beamp=44 beamq=23 I=0.004555744126823547
beamp=45 beamq=23 I=0.010554076416623566
beamp=46 beamq=23 I=0.01791238150918574
beamp=47 beamq=23 I=0.010235057595456957
beamp=0 beamq=24 I=0.10416666666666666
beamp=1 beamq=24 I=0.07134327486686384
beamp=2 beamq=24 I=0.01791243024806822
beamp=3 beamq=24 I=0.0
beamp=4 beamq=24 I=0.004555735233739621
beamp=5 beamq=24 I=0.00295359559733252
beamp=6 beamq=24 I=0.0
beamp=7 beamq=24 I=0.001560052076939281
beamp=8 beamq=24 I=0.0012206961817873086
beamp=9 beamq=24 I=0.0
beamp=10 beamq=24 I=0.0008234889390488911
beamp=11 beamq=24 I=0.0007019759862941802
beamp=12 beamq=24 I=0.0
beamp=13 beamq=24 I=0.0005398919901178891
beamp=14 beamq=24 I=0.0004848540330051142
beamp=15 beamq=24 I=0.0
beamp=16 beamq=24 I=0.00040691069649324894
beamp=17 beamq=24 I=0.00037939515760036856
beamp=18 beamq=24 I=0.0
beamp=19 beamq=24 I=0.00034033731801645076
beamp=20 beamq=24 I=0.00032708726235460906
beamp=21 beamq=24 I=0.0
beamp=22 beamq=24 I=0.000310470398354897
beamp=23 beamq=24 I=0.00030648940291569783
beamp=24 beamq=24 I=0.0
beamp=25 beamq=24 I=0.00030649454635838446
beamp=26 beamq=24 I=0.000310464493066388
beamp=27 beamq=24 I=0.0
beamp=28 beamq=24 I=0.00032708487843575393
beamp=29 beamq=24 I=0.0003403518764998111
beamp=30 beamq=24 I=0.0
beamp=31 beamq=24 I=0.00037942035688620917
beamp=32 beamq=24 I=0.00040689640786939317
beamp=33 beamq=24 I=0.0
beamp=34 beamq=24 I=0.0004848551872155112
beamp=35 beamq=24 I=0.0005399015874590259
beamp=36 beamq=24 I=0.0
beamp=37 beamq=24 I=0.0007019805736625061
beamp=38 beamq=24 I=0.0008234900512577777
beamp=39 beamq=24 I=0.0
beamp=40 beamq=24 I=0.0012207225864007576
beamp=41 beamq=24 I=0.0015600315154323582
beamp=42 beamq=24 I=0.0
beamp=43 beamq=24 I=0.002953596162826086
beamp=44 beamq=24 I=0.0045557265277099915
beamp=45 beamq=24 I=0.0
beamp=46 beamq=24 I=0.01791238699212215
beamp=47 beamq=24 I=0.0713432882209403
beamp=0 beamq=25 I=0.031013334502420335
beamp=1 beamq=25 I=0.010235233829540634
beamp=2 beamq=25 I=0.017912447095129187
beamp=3 beamq=25 I=0.010554095182863779
beamp=4 beamq=25 I=0.004555709937446967
beamp=5 beamq=25 I=0.0017458964869029143
beamp=6 beamq=25 I=5.606228733560462e-15
beamp=7 beamq=25 I=0.00022381210202991524
beamp=8 beamq=25 I=0.0012207015149957683
beamp=9 beamq=25 I=0.001301413406987304
beamp=10 beamq=25 I=0.0008234945751418107
beamp=11 beamq=25 I=0.0004149363091538596
beamp=12 beamq=25 I=1.7752093921010365e-14
beamp=13 beamq=25 I=7.745339918499797e-5
beamp=14 beamq=25 I=0.00048486209563336166
beamp=15 beamq=25 I=0.0005810321024602296
beamp=16 beamq=25 I=0.0004068955773418148
beamp=17 beamq=25 I=0.00022428491305491387
beamp=18 beamq=25 I=4.1461698079466497e-16
beamp=19 beamq=25 I=4.8828643208326045e-5
beamp=20 beamq=25 I=0.00032709473664702647
beamp=21 beamq=25 I=0.00041758556975381514
beamp=22 beamq=25 I=0.00031046189546733553
beamp=23 beamq=25 I=0.00018117487788172577
beamp=24 beamq=25 I=6.953349932873701e-16
beamp=25 beamq=25 I=4.397763388149023e-5
beamp=26 beamq=25 I=0.00031046513753823417
beamp=27 beamq=25 I=0.0004175868724066725
beamp=28 beamq=25 I=0.00032708274629337397
beamp=29 beamq=25 I=0.00020117497067017017
beamp=30 beamq=25 I=4.077503670355901e-15
beamp=31 beamq=25 I=5.4436063718205434e-5
beamp=32 beamq=25 I=0.0004069137822475234
beamp=33 beamq=25 I=0.0005810421181397791
beamp=34 beamq=25 I=0.00048486127387257615
beamp=35 beamq=25 I=0.0003191468777582387
beamp=36 beamq=25 I=3.8775704652369014e-13
beamp=37 beamq=25 I=0.00010071115794082544
beamp=38 beamq=25 I=0.000823492233945628
beamp=39 beamq=25 I=0.0013014276181884232
beamp=40 beamq=25 I=0.001220700131074066
beamp=41 beamq=25 I=0.0009221616161352118
beamp=42 beamq=25 I=3.4746962974720644e-14
beamp=43 beamq=25 I=0.0004237321028317701
beamp=44 beamq=25 I=0.0045556854997809305
beamp=45 beamq=25 I=0.010553948321292937
beamp=46 beamq=25 I=0.01791249008854706
beamp=47 beamq=25 I=0.042171669639373084
beamp=0 beamq=26 I=0.088920383599559
beamp=1 beamq=26 I=0.08343999479172345
beamp=2 beamq=26 I=0.017912499333936037
beamp=3 beamq=26 I=0.0007285513946520049
beamp=4 beamq=26 I=0.004555729939882459
beamp=5 beamq=26 I=0.0018093040581935891
beamp=6 beamq=26 I=1.6520711303609954e-14
beamp=7 beamq=26 I=0.0018245768119060266
beamp=8 beamq=26 I=0.0012207091163498611
beamp=9 beamq=26 I=8.983890406125608e-5
beamp=10 beamq=26 I=0.0008234967211132359
beamp=11 beamq=26 I=0.0004300136294243203
beamp=12 beamq=26 I=2.7011090123855532e-14
beamp=13 beamq=26 I=0.0006314397121743115
beamp=14 beamq=26 I=0.00048484478108516287
beamp=15 beamq=26 I=4.010843736616491e-5
beamp=16 beamq=26 I=0.0004069150180690314
beamp=17 beamq=26 I=0.00023241499040009238
beamp=18 beamq=26 I=2.87982167048358e-14
beamp=19 beamq=26 I=0.0003980483555177923
beamp=20 beamq=26 I=0.0003270888361640046
beamp=21 beamq=26 I=2.882344466609275e-5
beamp=22 beamq=26 I=0.0003104746662045644
beamp=23 beamq=26 I=0.00018774273944583181
beamp=24 beamq=26 I=2.1517799116595644e-14
beamp=25 beamq=26 I=0.0003584642813062062
beamp=26 beamq=26 I=0.00031046887061994636
beamp=27 beamq=26 I=2.8824510702454854e-5
beamp=28 beamq=26 I=0.000327087197547439
beamp=29 beamq=26 I=0.00020850672788602208
beamp=30 beamq=26 I=1.17702433447923e-13
beamp=31 beamq=26 I=0.0004436874005520574
beamp=32 beamq=26 I=0.0004068447316942009
beamp=33 beamq=26 I=4.010724946109727e-5
beamp=34 beamq=26 I=0.0004848708487066256
beamp=35 beamq=26 I=0.00033073133888443095
beamp=36 beamq=26 I=3.6025038565682766e-13
beamp=37 beamq=26 I=0.0008210217990118815
beamp=38 beamq=26 I=0.0008234858778929169
beamp=39 beamq=26 I=8.983220355115516e-5
beamp=40 beamq=26 I=0.0012207344716605915
beamp=41 beamq=26 I=0.0009556323951812515
beamp=42 beamq=26 I=1.443760114354838e-12
beamp=43 beamq=26 I=0.0034544390944693114
beamp=44 beamq=26 I=0.004555682545603552
beamp=45 beamq=26 I=0.0007286115445945293
beamp=46 beamq=26 I=0.017912849667178207
beamp=47 beamq=26 I=0.04370390563100021
beamp=0 beamq=27 I=0.06737500043653571
beamp=1 beamq=27 I=0.0008810676936693127
beamp=2 beamq=27 I=0.017912436987510758
beamp=3 beamq=27 I=0.009486372138852832
beamp=4 beamq=27 I=0.004555726967006725
beamp=5 beamq=27 I=0.0036061701352938153
beamp=6 beamq=27 I=0.0
beamp=7 beamq=27 I=1.9265691819070228e-5
beamp=8 beamq=27 I=0.0012207081063892165
beamp=9 beamq=27 I=0.001169751715331409
beamp=10 beamq=27 I=0.0008234919940943585
beamp=11 beamq=27 I=0.0008570786852915054
beamp=12 beamq=27 I=0.0
beamp=13 beamq=27 I=6.6664071963303535e-6
beamp=14 beamq=27 I=0.0004848511857428215
beamp=15 beamq=27 I=0.0005222505440888545
beamp=16 beamq=27 I=0.00040690485029007786
beamp=17 beamq=27 I=0.000463211081598375
beamp=18 beamq=27 I=0.0
beamp=19 beamq=27 I=4.202906856139433e-6
beamp=20 beamq=27 I=0.00032708787592252624
beamp=21 beamq=27 I=0.00037533921320351065
beamp=22 beamq=27 I=0.0003104736472455548
beamp=23 beamq=27 I=0.00037420296897006826
beamp=24 beamq=27 I=0.0
beamp=25 beamq=27 I=3.784741315202839e-6
beamp=26 beamq=27 I=0.00031046231371968777
beamp=27 beamq=27 I=0.0003753388400397813
beamp=28 beamq=27 I=0.00032708226954546453
beamp=29 beamq=27 I=0.00041554852441795834
beamp=30 beamq=27 I=0.0
beamp=31 beamq=27 I=4.683311352731059e-6
beamp=32 beamq=27 I=0.00040688996415067484
beamp=33 beamq=27 I=0.0005222503864550483
beamp=34 beamq=27 I=0.00048484954943459795
beamp=35 beamq=27 I=0.0006591672704527627
beamp=36 beamq=27 I=0.0
beamp=37 beamq=27 I=8.669858906568836e-6
beamp=38 beamq=27 I=0.0008234787952422897
beamp=39 beamq=27 I=0.0011697515239847411
beamp=40 beamq=27 I=0.001220721257223958
beamp=41 beamq=27 I=0.0019047227975512522
beamp=42 beamq=27 I=0.0
beamp=43 beamq=27 I=3.647756449903336e-5
beamp=44 beamq=27 I=0.004555762442421266
beamp=45 beamq=27 I=0.00948637173197624
beamp=46 beamq=27 I=0.017912436660056097
beamp=47 beamq=27 I=0.08710585228216564
beamp=0 beamq=28 I=0.05258469408037669
beamp=1 beamq=28 I=0.07475863244821922
beamp=2 beamq=28 I=0.01791245716560569
beamp=3 beamq=28 I=0.0028647219636724537
beamp=4 beamq=28 I=0.004555730834692394
beamp=5 beamq=28 I=0.0005982769423248241
beamp=6 beamq=28 I=6.623318791569113e-14
beamp=7 beamq=28 I=0.0016347365961213133
beamp=8 beamq=28 I=0.0012206994969070962
beamp=9 beamq=28 I=0.00035324831016539035
beamp=10 beamq=28 I=0.0008235019264654041
beamp=11 beamq=28 I=0.00014219480105082962
beamp=12 beamq=28 I=4.9099902384626873e-14
beamp=13 beamq=28 I=0.0005657241460117259
beamp=14 beamq=28 I=0.0004848559066396835
beamp=15 beamq=28 I=0.00015771788079599995
beamp=16 beamq=28 I=0.00040684201803785553
beamp=17 beamq=28 I=7.684639977548899e-5
beamp=18 beamq=28 I=6.261845787262446e-14
beamp=19 beamq=28 I=0.0003566359907312388
beamp=20 beamq=28 I=0.0003270803257811157
beamp=21 beamq=28 I=0.00011335429544085688
beamp=22 beamq=28 I=0.00031046963371387864
beamp=23 beamq=28 I=6.207743956400832e-5
beamp=24 beamq=28 I=4.891522661458018e-14
beamp=25 beamq=28 I=0.00032116429807129673
beamp=26 beamq=28 I=0.00031044193211090425
beamp=27 beamq=28 I=0.00011334958109280296
beamp=28 beamq=28 I=0.00032707881100973773
beamp=29 beamq=28 I=6.893763708747034e-5
beamp=30 beamq=28 I=1.582248510452929e-14
beamp=31 beamq=28 I=0.00039762455235555356
beamp=32 beamq=28 I=0.0004069771942176462
beamp=33 beamq=28 I=0.00015771021253233123
beamp=34 beamq=28 I=0.0004847981831700346
beamp=35 beamq=28 I=0.0001093708809770239
beamp=36 beamq=28 I=3.194673981373371e-14
beamp=37 beamq=28 I=0.0007355584609989804
beamp=38 beamq=28 I=0.0008235003628842046
beamp=39 beamq=28 I=0.0003532238370980435
beamp=40 beamq=28 I=0.0012206864082525957
beamp=41 beamq=28 I=0.00031600681604652183
beamp=42 beamq=28 I=7.913410956609615e-14
beamp=43 beamq=28 I=0.003094955556349561
beamp=44 beamq=28 I=0.004555753255266064
beamp=45 beamq=28 I=0.002864607090822668
beamp=46 beamq=28 I=0.017912289736067833
beamp=47 beamq=28 I=0.014451169243754761
beamp=0 beamq=29 I=0.12322735257404974
beamp=1 beamq=29 I=0.014311501429748168
beamp=2 beamq=29 I=0.01791241996329292
beamp=3 beamq=29 I=0.007504566770702975
beamp=4 beamq=29 I=0.004555714151030799
beamp=5 beamq=29 I=0.005344206354965221
beamp=6 beamq=29 I=4.6704538384882234e-14
beamp=7 beamq=29 I=0.0003129447189896074
beamp=8 beamq=29 I=0.00122070833798479
beamp=9 beamq=29 I=0.0009253983606194915
beamp=10 beamq=29 I=0.0008234862969155769
beamp=11 beamq=29 I=0.001270136464726594
beamp=12 beamq=29 I=4.405637457858639e-14
beamp=13 beamq=29 I=0.00010829137435842514
beamp=14 beamq=29 I=0.0004848117223372456
beamp=15 beamq=29 I=0.00041316190867301227
beamp=16 beamq=29 I=0.00040694005772797323
beamp=17 beamq=29 I=0.0006865536671645966
beamp=18 beamq=29 I=1.1600981315631104e-13
beamp=19 beamq=29 I=6.827391375788181e-5
beamp=20 beamq=29 I=0.00032708131157095676
beamp=21 beamq=29 I=0.00029693605143249154
beamp=22 beamq=29 I=0.0003104603941619488
beamp=23 beamq=29 I=0.0005545731215507812
beamp=24 beamq=29 I=4.958562495790038e-14
beamp=25 beamq=29 I=6.148207477769882e-5
beamp=26 beamq=29 I=0.00031047095683903707
beamp=27 beamq=29 I=0.00029693781240874964
beamp=28 beamq=29 I=0.0003270619386265139
beamp=29 beamq=29 I=0.0006158821502699341
beamp=30 beamq=29 I=1.1303792465134724e-13
beamp=31 beamq=29 I=7.606724534795937e-5
beamp=32 beamq=29 I=0.0004067985711307937
beamp=33 beamq=29 I=0.0004131515792607185
beamp=34 beamq=29 I=0.00048484561826258053
beamp=35 beamq=29 I=0.0009768879624861952
beamp=36 beamq=29 I=1.7062857564943226e-13
beamp=37 beamq=29 I=0.00014082055181070474
beamp=38 beamq=29 I=0.000823526107858022
beamp=39 beamq=29 I=0.0009253707492785587
beamp=40 beamq=29 I=0.0012207245869414896
beamp=41 beamq=29 I=0.002822738681422958
beamp=42 beamq=29 I=4.322939937152307e-13
beamp=43 beamq=29 I=0.0005924827468108357
beamp=44 beamq=29 I=0.004555789428989874
beamp=45 beamq=29 I=0.0075043400525229755
beamp=46 beamq=29 I=0.017913154180426667
beamp=47 beamq=29 I=0.12908979044784769
beamp=0 beamq=30 I=0.020489491731277194
beamp=1 beamq=30 I=0.050299796475830966
beamp=2 beamq=30 I=0.017912444358619065
beamp=3 beamq=30 I=0.006262628501528361
beamp=4 beamq=30 I=0.004555728875946358
beamp=5 beamq=30 I=8.456629996716344e-5
beamp=6 beamq=30 I=0.0
beamp=7 beamq=30 I=0.001099896651744993
beamp=8 beamq=30 I=0.0012206967875303572
beamp=9 beamq=30 I=0.000772236262322619
beamp=10 beamq=30 I=0.0008234805103063434
beamp=11 beamq=30 I=2.0100160307673874e-5
beamp=12 beamq=30 I=0.0
beamp=13 beamq=30 I=0.0003806487269390298
beamp=14 beamq=30 I=0.00048485270105031315
beamp=15 beamq=30 I=0.0003447746547402035
beamp=16 beamq=30 I=0.0004069044080326865
beamp=17 beamq=30 I=1.0861590189682638e-5
beamp=18 beamq=30 I=0.0
beamp=19 beamq=30 I=0.00023995474751492795
beamp=20 beamq=30 I=0.0003270920098631282
beamp=21 beamq=30 I=0.0002477879624631342
beamp=22 beamq=30 I=0.0003104663591022772
beamp=23 beamq=30 I=8.775024534134508e-6
beamp=24 beamq=30 I=0.0
beamp=25 beamq=30 I=0.0002160841100061965
beamp=26 beamq=30 I=0.00031046400590301667
beamp=27 beamq=30 I=0.00024778797936822846
beamp=28 beamq=30 I=0.00032708050283737747
beamp=29 beamq=30 I=9.746560905718303e-6
beamp=30 beamq=30 I=0.0
beamp=31 beamq=30 I=0.00026749848820905626
beamp=32 beamq=30 I=0.0004068886423369801
beamp=33 beamq=30 I=0.00034477465855670505
beamp=34 beamq=30 I=0.00048485612508489983
beamp=35 beamq=30 I=1.545722131424802e-5
beamp=36 beamq=30 I=0.0
beamp=37 beamq=30 I=0.0004949291368972555
beamp=38 beamq=30 I=0.0008234799072897987
beamp=39 beamq=30 I=0.000772236154718086
beamp=40 beamq=30 I=0.0012207330316416263
beamp=41 beamq=30 I=4.467170417055012e-5
beamp=42 beamq=30 I=0.0
beamp=43 beamq=30 I=0.0020823831893906847
beamp=44 beamq=30 I=0.0045557578864826795
beamp=45 beamq=30 I=0.00626262840701242
beamp=46 beamq=30 I=0.01791242266516262
beamp=47 beamq=30 I=0.0020426160908126436
beamp=0 beamq=31 I=0.1707668103904382
beamp=1 beamq=31 I=0.04143293400513302
beamp=2 beamq=31 I=0.017912433695100705
beamp=3 beamq=31 I=0.004925461474510709
beamp=4 beamq=31 I=0.004555734287687536
beamp=5 beamq=31 I=0.00625617657850122
beamp=6 beamq=31 I=7.991473513028572e-16
beamp=7 beamq=31 I=0.0009060125845704792
beamp=8 beamq=31 I=0.0012207121309491184
beamp=9 beamq=31 I=0.0006073528833536964
beamp=10 beamq=31 I=0.0008234771768317562
beamp=11 beamq=31 I=0.0014868682322103125
beamp=12 beamq=31 I=1.7979342696363326e-13
beamp=13 beamq=31 I=0.00031359529895505164
beamp=14 beamq=31 I=0.0004847832657137504
beamp=15 beamq=31 I=0.0002711529413799284
beamp=16 beamq=31 I=0.000406798929002499
beamp=17 beamq=31 I=0.0008035982337933839
beamp=18 beamq=31 I=1.0069871007647076e-13
beamp=19 beamq=31 I=0.00019766970943460032
beamp=20 beamq=31 I=0.00032705820080365525
beamp=21 beamq=31 I=0.00019487625806096083
beamp=22 beamq=31 I=0.0003104732864352874
beamp=23 beamq=31 I=0.0006491368196983411
beamp=24 beamq=31 I=4.693475064617332e-14
beamp=25 beamq=31 I=0.00017801689982439514
beamp=26 beamq=31 I=0.00031047974246067265
beamp=27 beamq=31 I=0.00019487349021187752
beamp=28 beamq=31 I=0.0003271092152905818
beamp=29 beamq=31 I=0.0007208888121730962
beamp=30 beamq=31 I=8.766578681156563e-14
beamp=31 beamq=31 I=0.00022039943969909807
beamp=32 beamq=31 I=0.00040675784912691634
beamp=33 beamq=31 I=0.0002711564931820636
beamp=34 beamq=31 I=0.00048472890654666957
beamp=35 beamq=31 I=0.001143687834039201
beamp=36 beamq=31 I=3.0590195090537953e-13
beamp=37 beamq=31 I=0.00040765831684845826
beamp=38 beamq=31 I=0.0008235545456064715
beamp=39 beamq=31 I=0.0006073439187878858
beamp=40 beamq=31 I=0.001220684575053664
beamp=41 beamq=31 I=0.003304495597681456
beamp=42 beamq=31 I=1.3884952577170964e-12
beamp=43 beamq=31 I=0.0017152902513968308
beamp=44 beamq=31 I=0.0045558893199361536
beamp=45 beamq=31 I=0.004925704213973684
beamp=46 beamq=31 I=0.017911320853961507
beamp=47 beamq=31 I=0.15111570422870438
beamp=0 beamq=32 I=0.02604284945977401
beamp=1 beamq=32 I=0.023781471554219336
beamp=2 beamq=32 I=0.01791243226605286
beamp=3 beamq=32 I=0.010691105664535943
beamp=4 beamq=32 I=0.004555734077421152
beamp=5 beamq=32 I=0.000984545646568729
beamp=6 beamq=32 I=5.650138921546125e-15
beamp=7 beamq=32 I=0.0005200269617375573
beamp=8 beamq=32 I=0.0012207013348581818
beamp=9 beamq=32 I=0.001318312686126763
beamp=10 beamq=32 I=0.0008234317947147813
beamp=11 beamq=32 I=0.000233969103404854
beamp=12 beamq=32 I=3.8712161370043255e-14
beamp=13 beamq=32 I=0.0001799492697131322
beamp=14 beamq=32 I=0.00048492517608352
beamp=15 beamq=32 I=0.0005885894735461785
beamp=16 beamq=32 I=0.00040686166459600324
beamp=17 beamq=32 I=0.00012651307972293596
beamp=18 beamq=32 I=9.32818637148595e-14
beamp=19 beamq=32 I=0.00011341857625770538
beamp=20 beamq=32 I=0.0003270624699098138
beamp=21 beamq=32 I=0.00042301896817980146
beamp=22 beamq=32 I=0.0003104291148188314
beamp=23 beamq=32 I=0.0001021554633152088
beamp=24 beamq=32 I=9.626739509716042e-14
beamp=25 beamq=32 I=0.00010216535303665438
beamp=26 beamq=32 I=0.0003104730569648701
beamp=27 beamq=32 I=0.00042301646879802456
beamp=28 beamq=32 I=0.00032711039430892804
beamp=29 beamq=32 I=0.00011343699465770237
beamp=30 beamq=32 I=2.6903031307331144e-14
beamp=31 beamq=32 I=0.0001264842744428073
beamp=32 beamq=32 I=0.0004069623931315245
beamp=33 beamq=32 I=0.0005885785575217352
beamp=34 beamq=32 I=0.0004847578343728261
beamp=35 beamq=32 I=0.0001800078521675188
beamp=36 beamq=32 I=9.776973790750116e-15
beamp=37 beamq=32 I=0.00023398473179922402
beamp=38 beamq=32 I=0.0008235879073316239
beamp=39 beamq=32 I=0.0013183266005610175
beamp=40 beamq=32 I=0.0012207208425389206
beamp=41 beamq=32 I=0.0005199713808966655
beamp=42 beamq=32 I=7.949551029025799e-14
beamp=43 beamq=32 I=0.000984489025009249
beamp=44 beamq=32 I=0.004556117328797273
beamp=45 beamq=32 I=0.010690799563557995
beamp=46 beamq=32 I=0.01791240699299307
beamp=47 beamq=32 I=0.02378298941341963
beamp=0 beamq=33 I=0.1818736580465664
beamp=1 beamq=33 I=0.06711841165422967
beamp=2 beamq=33 I=0.01791243940987877
beamp=3 beamq=33 I=0.0022646646169768524
beamp=4 beamq=33 I=0.00455572322164796
beamp=5 beamq=33 I=0.005857732625064716
beamp=6 beamq=33 I=0.0
beamp=7 beamq=33 I=0.0014676759465105326
beamp=8 beamq=33 I=0.0012207042261641239
beamp=9 beamq=33 I=0.0002792527497261337
beamp=10 beamq=33 I=0.0008235008690070859
beamp=11 beamq=33 I=0.0013921852385525388
beamp=12 beamq=33 I=0.0
beamp=13 beamq=33 I=0.0005078989196139008
beamp=14 beamq=33 I=0.0004848562848690094
beamp=15 beamq=33 I=0.00012467592509074737
beamp=16 beamq=33 I=0.0004069016999602806
beamp=17 beamq=33 I=0.0007524297845034486
beamp=18 beamq=33 I=0.0
beamp=19 beamq=33 I=0.00032018215222169143
beamp=20 beamq=33 I=0.000327082463078381
beamp=21 beamq=33 I=8.960402670469292e-5
beamp=22 beamq=33 I=0.0003104725174189395
beamp=23 beamq=33 I=0.0006078254850364613
beamp=24 beamq=33 I=0.0
beamp=25 beamq=33 I=0.00028835471100794945
beamp=26 beamq=33 I=0.00031046939369598197
beamp=27 beamq=33 I=8.96040004065062e-5
beamp=28 beamq=33 I=0.0003270825758020134
beamp=29 beamq=33 I=0.0006750055782598595
beamp=30 beamq=33 I=0.0
beamp=31 beamq=33 I=0.00035694378851108805
beamp=32 beamq=33 I=0.0004068763496311685
beamp=33 beamq=33 I=0.0001246759299761262
beamp=34 beamq=33 I=0.0004848432339639965
beamp=35 beamq=33 I=0.0010707382974651967
beamp=36 beamq=33 I=0.0
beamp=37 beamq=33 I=0.0006604065927337277
beamp=38 beamq=33 I=0.0008234982156130194
beamp=39 beamq=33 I=0.0002792527107135283
beamp=40 beamq=33 I=0.0012207120664398325
beamp=41 beamq=33 I=0.003093967566385919
beamp=42 beamq=33 I=0.0
beamp=43 beamq=33 I=0.002778665477145375
beamp=44 beamq=33 I=0.004555805308866641
beamp=45 beamq=33 I=0.0022646645467806815
beamp=46 beamq=33 I=0.017912503076249336
beamp=47 beamq=33 I=0.1414919963796924
beamp=0 beamq=34 I=0.10008155120836267
beamp=1 beamq=34 I=0.01346844693048046
beamp=2 beamq=34 I=0.017912453953388613
beamp=3 beamq=34 I=0.015847768583661576
beamp=4 beamq=34 I=0.004555740891973299
beamp=5 beamq=34 I=0.0037357298964748147
beamp=6 beamq=34 I=2.7015896753486885e-13
beamp=7 beamq=34 I=0.0002945123010048591
beamp=8 beamq=34 I=0.0012207166833622482
beamp=9 beamq=34 I=0.0019541400820437165
beamp=10 beamq=34 I=0.0008234896257631122
beamp=11 beamq=34 I=0.0008879087567614321
beamp=12 beamq=34 I=9.626884070005706e-14
beamp=13 beamq=34 I=0.0001019294187104678
beamp=14 beamq=34 I=0.0004848755683294522
beamp=15 beamq=34 I=0.0008724578130927857
beamp=16 beamq=34 I=0.0004069262110915457
beamp=17 beamq=34 I=0.0004798125465028607
beamp=18 beamq=34 I=4.7553468685938384e-14
beamp=19 beamq=34 I=6.427061668335344e-5
beamp=20 beamq=34 I=0.00032709063220507403
beamp=21 beamq=34 I=0.0006270398853716915
beamp=22 beamq=34 I=0.0003104816365109733
beamp=23 beamq=34 I=0.00038766796277477095
beamp=24 beamq=34 I=2.8152032210034445e-14
beamp=25 beamq=34 I=5.7862167218848424e-5
beamp=26 beamq=34 I=0.00031048626809602006
beamp=27 beamq=34 I=0.0006270251499066587
beamp=28 beamq=34 I=0.00032709652185623805
beamp=29 beamq=34 I=0.00043048616217374004
beamp=30 beamq=34 I=1.795279781317364e-13
beamp=31 beamq=34 I=7.165827084711223e-5
beamp=32 beamq=34 I=0.0004067545061486519
beamp=33 beamq=34 I=0.0008724609542647458
beamp=34 beamq=34 I=0.00048501458656989143
beamp=35 beamq=34 I=0.000682707394900078
beamp=36 beamq=34 I=3.2978575021288165e-13
beamp=37 beamq=34 I=0.0001324901420889948
beamp=38 beamq=34 I=0.0008234768288688538
beamp=39 beamq=34 I=0.001954170499570449
beamp=40 beamq=34 I=0.0012207448943263833
beamp=41 beamq=34 I=0.0019731439057246052
beamp=42 beamq=34 I=7.101484475700396e-13
beamp=43 beamq=34 I=0.0005575811795005267
beamp=44 beamq=34 I=0.004555795733598107
beamp=45 beamq=34 I=0.01584788547786785
beamp=46 beamq=34 I=0.01791240639106592
beamp=47 beamq=34 I=0.09023598108741455
beamp=0 beamq=35 I=0.14137274587364804
beamp=1 beamq=35 I=0.07608203098473203
beamp=2 beamq=35 I=0.0179124068309576
beamp=3 beamq=35 I=0.0003222122679539703
beamp=4 beamq=35 I=0.004555719320668931
beamp=5 beamq=35 I=0.004134354078794429
beamp=6 beamq=35 I=1.6300401422160899e-13
beamp=7 beamq=35 I=0.0016636613906698765
beamp=8 beamq=35 I=0.001220710285106515
beamp=9 beamq=35 I=3.9727952811800664e-5
beamp=10 beamq=35 I=0.0008235043560690936
beamp=11 beamq=35 I=0.0009826243655153195
beamp=12 beamq=35 I=1.0248186124948525e-13
beamp=13 beamq=35 I=0.0005757576089756337
beamp=14 beamq=35 I=0.0004848917989287155
beamp=15 beamq=35 I=1.7735213665227515e-5
beamp=16 beamq=35 I=0.000406872962798343
beamp=17 beamq=35 I=0.0005309487000358956
beamp=18 beamq=35 I=5.1822062989194854e-14
beamp=19 beamq=35 I=0.0003629504189272128
beamp=20 beamq=35 I=0.0003270644629550502
beamp=21 beamq=35 I=1.2745253411138288e-5
beamp=22 beamq=35 I=0.0003104985051007775
beamp=23 beamq=35 I=0.00042900484990453344
beamp=24 beamq=35 I=8.336683484747956e-14
beamp=25 beamq=35 I=0.0003268603473347313
beamp=26 beamq=35 I=0.000310452719423703
beamp=27 beamq=35 I=1.2744990549923378e-5
beamp=28 beamq=35 I=0.00032710602343025185
beamp=29 beamq=35 I=0.00047645198131273785
beamp=30 beamq=35 I=1.347353399278513e-13
beamp=31 beamq=35 I=0.000404648989762552
beamp=32 beamq=35 I=0.0004069621441850453
beamp=33 beamq=35 I=1.7737760901547678e-5
beamp=34 beamq=35 I=0.00048482139412961623
beamp=35 beamq=35 I=0.0007557178587911615
beamp=36 beamq=35 I=7.422059567057289e-14
beamp=37 beamq=35 I=0.0007486523229300413
beamp=38 beamq=35 I=0.0008234870732350774
beamp=39 beamq=35 I=3.9731568606894556e-5
beamp=40 beamq=35 I=0.001220686964081475
beamp=41 beamq=35 I=0.0021836467682868044
beamp=42 beamq=35 I=2.288123755860479e-13
beamp=43 beamq=35 I=0.003149817243821969
beamp=44 beamq=35 I=0.00455576681104092
beamp=45 beamq=35 I=0.00032221772487236837
beamp=46 beamq=35 I=0.017912236398769474
beamp=47 beamq=35 I=0.09986349333351008
beamp=0 beamq=36 I=0.26041666666666663
beamp=1 beamq=36 I=0.03652531830100198
beamp=2 beamq=36 I=0.017912456034312227
beamp=3 beamq=36 I=0.021381951034618644
beamp=4 beamq=36 I=0.004555726115251452
beamp=5 beamq=36 I=0.008333193060293932
beamp=6 beamq=36 I=0.0
beamp=7 beamq=36 I=0.0007986909769696865
beamp=8 beamq=36 I=0.0012206906144091644
beamp=9 beamq=36 I=0.0026365792677353135
beamp=10 beamq=36 I=0.0008234880747279525
beamp=11 beamq=36 I=0.001980564074998884
beamp=12 beamq=36 I=0.0
beamp=13 beamq=36 I=0.00027643149932050155
beamp=14 beamq=36 I=0.0004848807581988588
beamp=15 beamq=36 I=0.0011771343306406713
beamp=16 beamq=36 I=0.0004068787619741317
beamp=17 beamq=36 I=0.0010704138958031368
beamp=18 beamq=36 I=0.0
beamp=19 beamq=36 I=0.0001742325303666001
beamp=20 beamq=36 I=0.0003270793092750972
beamp=21 beamq=36 I=0.0008460010677496596
beamp=22 beamq=36 I=0.00031046456141141057
beamp=23 beamq=36 I=0.0008647444554620283
beamp=24 beamq=36 I=0.0
beamp=25 beamq=36 I=0.00015689199987175284
beamp=26 beamq=36 I=0.0003104479731828767
beamp=27 beamq=36 I=0.0008460010677496596
beamp=28 beamq=36 I=0.00032709254051419527
beamp=29 beamq=36 I=0.0009602462673628613
beamp=30 beamq=36 I=0.0
beamp=31 beamq=36 I=0.00019423153928982488
beamp=32 beamq=36 I=0.0004068747043075548
beamp=33 beamq=36 I=0.0011771343306406713
beamp=34 beamq=36 I=0.0004848387530037181
beamp=35 beamq=36 I=0.001523226990876721
beamp=36 beamq=36 I=0.0
beamp=37 beamq=36 I=0.000359385281732098
beamp=38 beamq=36 I=0.0008235026342831754
beamp=39 beamq=36 I=0.0026365792677353135
beamp=40 beamq=36 I=0.0012207129188402687
beamp=41 beamq=36 I=0.004401483160300609
beamp=42 beamq=36 I=0.0
beamp=43 beamq=36 I=0.0015121483378017471
beamp=44 beamq=36 I=0.0045557492367035626
beamp=45 beamq=36 I=0.02138195103461864
beamp=46 beamq=36 I=0.017912502414337617
beamp=47 beamq=36 I=0.2012858074816729
beamp=0 beamq=37 I=0.0619146786389974
beamp=1 beamq=37 I=0.06064565208199494
beamp=2 beamq=37 I=0.01791249935419081
beamp=3 beamq=37 I=0.0004189632963319888
beamp=4 beamq=37 I=0.004555724768051201
beamp=5 beamq=37 I=0.0017605244335085687
beamp=6 beamq=37 I=3.648349345431826e-14
beamp=7 beamq=37 I=0.001326109948858544
beamp=8 beamq=37 I=0.001220699373783845
beamp=9 beamq=37 I=5.166280859731483e-5
beamp=10 beamq=37 I=0.0008234829972677693
beamp=11 beamq=37 I=0.00041843601152921856
beamp=12 beamq=37 I=2.8673985205905174e-14
beamp=13 beamq=37 I=0.00045892625687014925
beamp=14 beamq=37 I=0.0004848933972299899
beamp=15 beamq=37 I=2.306623479871144e-5
beamp=16 beamq=37 I=0.0004069183625472822
beamp=17 beamq=37 I=0.00022610536190982773
beamp=18 beamq=37 I=2.683120291340398e-14
beamp=19 beamq=37 I=0.0002893234066974697
beamp=20 beamq=37 I=0.00032708371685015886
beamp=21 beamq=37 I=1.6577243457073624e-5
beamp=22 beamq=37 I=0.00031046823079202335
beamp=23 beamq=37 I=0.0001826819006645068
beamp=24 beamq=37 I=9.414488864415796e-15
beamp=25 beamq=37 I=0.00026054446227391227
beamp=26 beamq=37 I=0.0003104640684193424
beamp=27 beamq=37 I=1.657638854497557e-5
beamp=28 beamq=37 I=0.00032709453536583743
beamp=29 beamq=37 I=0.00020287617153668725
beamp=30 beamq=37 I=4.637855493168826e-15
beamp=31 beamq=37 I=0.00032253163487408606
beamp=32 beamq=37 I=0.00040690021812081896
beamp=33 beamq=37 I=2.3065148104834376e-5
beamp=34 beamq=37 I=0.000484888120688506
beamp=35 beamq=37 I=0.00032179784166071006
beamp=36 beamq=37 I=2.6066027230172333e-15
beamp=37 beamq=37 I=0.0005967223624012293
beamp=38 beamq=37 I=0.000823492636894952
beamp=39 beamq=37 I=5.166196736509667e-5
beamp=40 beamq=37 I=0.0012206746158811856
beamp=41 beamq=37 I=0.0009299031526004908
beamp=42 beamq=37 I=7.184149470341553e-14
beamp=43 beamq=37 I=0.0025106891661643275
beamp=44 beamq=37 I=0.004555672522745836
beamp=45 beamq=37 I=0.00041897614649614285
beamp=46 beamq=37 I=0.01791248273874055
beamp=47 beamq=37 I=0.04252454039969872
beamp=0 beamq=38 I=0.5044839983540967
beamp=1 beamq=38 I=0.10342815365918606
beamp=2 beamq=38 I=0.01791237673593703
beamp=3 beamq=38 I=0.026915951544403953
beamp=4 beamq=38 I=0.00455571587759321
beamp=5 beamq=38 I=0.014281023234327075
beamp=6 beamq=38 I=2.755492593357426e-13
beamp=7 beamq=38 I=0.0022616371952989345
beamp=8 beamq=38 I=0.001220687916913919
beamp=9 beamq=38 I=0.00331896760052831
beamp=10 beamq=38 I=0.0008234724566478611
beamp=11 beamq=38 I=0.0033941661691436202
beamp=12 beamq=38 I=5.2867504934014e-14
beamp=13 beamq=38 I=0.0007826891021105806
beamp=14 beamq=38 I=0.00048486888606032614
beamp=15 beamq=38 I=0.001481800845906981
beamp=16 beamq=38 I=0.0004069141952162996
beamp=17 beamq=38 I=0.0018343747883921065
beamp=18 beamq=38 I=6.832099989917406e-14
beamp=19 beamq=38 I=0.0004933949583545746
beamp=20 beamq=38 I=0.0003270746261435573
beamp=21 beamq=38 I=0.001064962425313446
beamp=22 beamq=38 I=0.0003104685233943286
beamp=23 beamq=38 I=0.0014818916767306014
beamp=24 beamq=38 I=2.8152032210034445e-14
beamp=25 beamq=38 I=0.0004443112134098224
beamp=26 beamq=38 I=0.0003104456565246909
beamp=27 beamq=38 I=0.0010649565336654679
beamp=28 beamq=38 I=0.00032707487514774155
beamp=29 beamq=38 I=0.0016455754491159916
beamp=30 beamq=38 I=1.95040742815659e-14
beamp=31 beamq=38 I=0.0005499282134380423
beamp=32 beamq=38 I=0.00040694264670151545
beamp=33 beamq=38 I=0.0014817842273010637
beamp=34 beamq=38 I=0.0004848360857899679
beamp=35 beamq=38 I=0.002610415573527689
beamp=36 beamq=38 I=3.899839074357943e-14
beamp=37 beamq=38 I=0.0010177037083229808
beamp=38 beamq=38 I=0.0008234736548728486
beamp=39 beamq=38 I=0.003318976965187758
beamp=40 beamq=38 I=0.0012206611726413904
beamp=41 beamq=38 I=0.007543028378322517
beamp=42 beamq=38 I=1.0353769346512405e-13
beamp=43 beamq=38 I=0.004281875883137949
beamp=44 beamq=38 I=0.004555712163482174
beamp=45 beamq=38 I=0.026915881356132515
beamp=46 beamq=38 I=0.01791228894612579
beamp=47 beamq=38 I=0.3449532407796211
beamp=0 beamq=39 I=0.004250980199629999
beamp=1 beamq=39 I=0.031150709812531784
beamp=2 beamq=39 I=0.017912447362229245
beamp=3 beamq=39 I=0.005072461137925251
beamp=4 beamq=39 I=0.004555721305781688
beamp=5 beamq=39 I=0.00037302125608040115
beamp=6 beamq=39 I=0.0
beamp=7 beamq=39 I=0.000681161545416619
beamp=8 beamq=39 I=0.0012207130789579081
beamp=9 beamq=39 I=0.0006254782844777714
beamp=10 beamq=39 I=0.0008234977563572373
beamp=11 beamq=39 I=8.865505281209612e-5
beamp=12 beamq=39 I=0.0
beamp=13 beamq=39 I=0.00023570340684219045
beamp=14 beamq=39 I=0.0004848807722291531
beamp=15 beamq=39 I=0.0002792527497261337
beamp=16 beamq=39 I=0.00040688083843785965
beamp=17 beamq=39 I=4.791558398691202e-5
beamp=18 beamq=39 I=0.0
beamp=19 beamq=39 I=0.0001486127922932968
beamp=20 beamq=39 I=0.0003270755550214254
beamp=21 beamq=39 I=0.00020069766513248723
beamp=22 beamq=39 I=0.00031046370582875446
beamp=23 beamq=39 I=3.871431877387295e-5
beamp=24 beamq=39 I=0.0
beamp=25 beamq=39 I=0.00013382684650642147
beamp=26 beamq=39 I=0.0003104573206414588
beamp=27 beamq=39 I=0.0002006976725471623
beamp=28 beamq=39 I=0.0003270837907306992
beamp=29 beamq=39 I=4.2989009367061344e-5
beamp=30 beamq=39 I=0.0
beamp=31 beamq=39 I=0.00016565090294630222
beamp=32 beamq=39 I=0.0004068843941234283
beamp=33 beamq=39 I=0.0002792527107135283
beamp=34 beamq=39 I=0.0004848424698567747
beamp=35 beamq=39 I=6.818923056106508e-5
beamp=36 beamq=39 I=0.0
beamp=37 beamq=39 I=0.00030651834917892344
beamp=38 beamq=39 I=0.0008235053729098455
beamp=39 beamq=39 I=0.0006254781079642728
beamp=40 beamq=39 I=0.0012207235782990401
beamp=41 beamq=39 I=0.00019701842058413607
beamp=42 beamq=39 I=0.0
beamp=43 beamq=39 I=0.0012896493084635539
beamp=44 beamq=39 I=0.004555772475019389
beamp=45 beamq=39 I=0.005072461007839033
beamp=46 beamq=39 I=0.017912389824086876
beamp=47 beamq=39 I=0.009010167275573012
beamp=0 beamq=40 I=0.8072872795143812
beamp=1 beamq=40 I=0.21402855772435042
beamp=2 beamq=40 I=0.017912366369353786
beamp=3 beamq=40 I=0.03207300844241447
beamp=4 beamq=40 I=0.00455572807589283
beamp=5 beamq=40 I=0.02067507249402202
beamp=6 beamq=40 I=2.0532367762023568e-13
beamp=7 beamq=40 I=0.00468014644161091
beamp=8 beamq=40 I=0.0012207029359727081
beamp=9 beamq=40 I=0.003954850981750632
beamp=10 beamq=40 I=0.0008234901901567431
beamp=11 beamq=40 I=0.004913806076721049
beamp=12 beamq=40 I=2.7202271106937143e-14
beamp=13 beamq=40 I=0.0016196976523753237
beamp=14 beamq=40 I=0.00048487270228233864
beamp=15 beamq=40 I=0.001765687130222667
beamp=16 beamq=40 I=0.00040682758438341174
beamp=17 beamq=40 I=0.0026558370288334065
beamp=18 beamq=40 I=2.40692882291782e-14
beamp=19 beamq=40 I=0.001021019840448396
beamp=20 beamq=40 I=0.00032705518601559684
beamp=21 beamq=40 I=0.0012689892333587148
beamp=22 beamq=40 I=0.0003104574699970527
beamp=23 beamq=40 I=0.0021454558214390905
beamp=24 beamq=40 I=3.583071339630095e-14
beamp=25 beamq=40 I=0.0009194262846102523
beamp=26 beamq=40 I=0.00031046176125875633
beamp=27 beamq=40 I=0.0012689988905087968
beamp=28 beamq=40 I=0.00032709619120779577
beamp=29 beamq=40 I=0.0023823983319045975
beamp=30 beamq=40 I=1.2068073681574068e-13
beamp=31 beamq=40 I=0.0011381322799274972
beamp=32 beamq=40 I=0.0004069441321636131
beamp=33 beamq=40 I=0.0017656793361138774
beamp=34 beamq=40 I=0.00048484775794410776
beamp=35 beamq=40 I=0.003779251503960174
beamp=36 beamq=40 I=6.846556018883879e-14
beamp=37 beamq=40 I=0.0021059667009631503
beamp=38 beamq=40 I=0.000823484279109076
beamp=39 beamq=40 I=0.003954838938813226
beamp=40 beamq=40 I=0.001220658789349508
beamp=41 beamq=40 I=0.010920276757664799
beamp=42 beamq=40 I=2.4545505963406245e-13
beamp=43 beamq=40 I=0.008860710749534772
beamp=44 beamq=40 I=0.004555737053945096
beamp=45 beamq=40 I=0.032072417921977306
beamp=46 beamq=40 I=0.01791239007195193
beamp=47 beamq=40 I=0.4993998364284279
beamp=0 beamq=41 I=0.12632195430414273
beamp=1 beamq=41 I=0.03681222634343663
beamp=2 beamq=41 I=0.017912398191955062
beamp=3 beamq=41 I=0.0202535862092039
beamp=4 beamq=41 I=0.004555696235551205
beamp=5 beamq=41 I=0.003355613249419297
beamp=6 beamq=41 I=5.1307518708169443e-14
beamp=7 beamq=41 I=0.0008049714862519575
beamp=8 beamq=41 I=0.0012206884700581683
beamp=9 beamq=41 I=0.0024974409376455516
beamp=10 beamq=41 I=0.0008235175716965731
beamp=11 beamq=41 I=0.0007975058260984245
beamp=12 beamq=41 I=1.1935801016530837e-14
beamp=13 beamq=41 I=0.000278549003763862
beamp=14 beamq=41 I=0.0004848853541492056
beamp=15 beamq=41 I=0.0011150164644004737
beamp=16 beamq=41 I=0.00040677992788937256
beamp=17 beamq=41 I=0.0004310770970774228
beamp=18 beamq=41 I=3.544979703303437e-14
beamp=19 beamq=41 I=0.000175618766729827
beamp=20 beamq=41 I=0.0003270859508328188
beamp=21 beamq=41 I=0.000801355690666875
beamp=22 beamq=41 I=0.0003104691375745454
beamp=23 beamq=41 I=0.0003482112158697431
beamp=24 beamq=41 I=4.305186126577857e-14
beamp=25 beamq=41 I=0.00015815565963497408
beamp=26 beamq=41 I=0.0003104504477807012
beamp=27 beamq=41 I=0.0008013626421727346
beamp=28 beamq=41 I=0.0003270901601096063
beamp=29 beamq=41 I=0.0003866472039119118
beamp=30 beamq=41 I=2.4170932182848714e-13
beamp=31 beamq=41 I=0.0001958151174505287
beamp=32 beamq=41 I=0.00040697322904059826
beamp=33 beamq=41 I=0.001115005886724607
beamp=34 beamq=41 I=0.00048489138970835103
beamp=35 beamq=41 I=0.000613369933212191
beamp=36 beamq=41 I=8.649999842560059e-14
beamp=37 beamq=41 I=0.00036218885685799417
beamp=38 beamq=41 I=0.0008235013470248977
beamp=39 beamq=41 I=0.0024974821956954703
beamp=40 beamq=41 I=0.0012206976372478263
beamp=41 beamq=41 I=0.0017724541040611036
beamp=42 beamq=41 I=1.068832703188712e-13
beamp=43 beamq=41 I=0.001524029460124755
beamp=44 beamq=41 I=0.004555759920949127
beamp=45 beamq=41 I=0.020253708809573126
beamp=46 beamq=41 I=0.017912429511737077
beamp=47 beamq=41 I=0.0810545052737339
beamp=0 beamq=42 I=1.1253438184264808
beamp=1 beamq=42 I=0.3563811110991087
beamp=2 beamq=42 I=0.017912443531422625
beamp=3 beamq=42 I=0.03650127360233482
beamp=4 beamq=42 I=0.004555721859215539
beamp=5 beamq=42 I=0.026398335747877734
beamp=6 beamq=42 I=0.0
beamp=7 beamq=42 I=0.007792938224887231
beamp=8 beamq=42 I=0.0012207106702086076
beamp=9 beamq=42 I=0.004500922518253434
beamp=10 beamq=42 I=0.0008234843077176759
beamp=11 beamq=42 I=0.006274042825461084
beamp=12 beamq=42 I=0.0
beamp=13 beamq=42 I=0.002697025216379657
beamp=14 beamq=42 I=0.00048490010438589687
beamp=15 beamq=42 I=0.0020094939588266537
beamp=16 beamq=42 I=0.0004068478538806339
beamp=17 beamq=42 I=0.003390947762368708
beamp=18 beamq=42 I=0.0
beamp=19 beamq=42 I=0.0017000250824144698
beamp=20 beamq=42 I=0.00032707460770571816
beamp=21 beamq=42 I=0.0014442141224182289
beamp=22 beamq=42 I=0.0003104709455935146
beamp=23 beamq=42 I=0.0027392826166812304
beamp=24 beamq=42 I=0.0
beamp=25 beamq=42 I=0.0015310143608924525
beamp=26 beamq=42 I=0.00031042049675180457
beamp=27 beamq=42 I=0.0014442141393233231
beamp=28 beamq=42 I=0.00032708325544323773
beamp=29 beamq=42 I=0.003041903545652161
beamp=30 beamq=42 I=0.0
beamp=31 beamq=42 I=0.001895261613740508
beamp=32 beamq=42 I=0.00040685385427263103
beamp=33 beamq=42 I=0.002009493962643155
beamp=34 beamq=42 I=0.000484776806118177
beamp=35 beamq=42 I=0.004825532564268911
beamp=36 beamq=42 I=0.0
beamp=37 beamq=42 I=0.003506546835891283
beamp=38 beamq=42 I=0.0008235574443330347
beamp=39 beamq=42 I=0.004500922410648901
beamp=40 beamq=42 I=0.0012207395906779009
beamp=41 beamq=42 I=0.013943301068541603
beamp=42 beamq=42 I=0.0
beamp=43 beamq=42 I=0.014754075254961608
beamp=44 beamq=42 I=0.004555776714916441
beamp=45 beamq=42 I=0.03650127350781888
beamp=46 beamq=42 I=0.017912407368084617
beamp=47 beamq=42 I=0.6376453031568153
beamp=0 beamq=43 I=0.8905901272047085
beamp=1 beamq=43 I=0.24502817992567444
beamp=2 beamq=43 I=0.01791245277331595
beamp=3 beamq=43 I=0.06512537916451686
beamp=4 beamq=43 I=0.004555731978047131
beamp=5 beamq=43 I=0.01949722902932478
beamp=6 beamq=43 I=2.9407267275229535e-14
beamp=7 beamq=43 I=0.005357993563632068
beamp=8 beamq=43 I=0.0012207038922537174
beamp=9 beamq=43 I=0.008030521435060974
beamp=10 beamq=43 I=0.0008234766539257805
beamp=11 beamq=43 I=0.004633901451165951
beamp=12 beamq=43 I=3.1494808208169335e-14
beamp=13 beamq=43 I=0.0018542814234588567
beamp=14 beamq=43 I=0.00048489594267040403
beamp=15 beamq=43 I=0.003585341482783245
beamp=16 beamq=43 I=0.00040678528469700604
beamp=17 beamq=43 I=0.0025044080874859626
beamp=18 beamq=43 I=2.6456791763172318e-14
beamp=19 beamq=43 I=0.0011688780144516902
beamp=20 beamq=43 I=0.00032707688470851997
beamp=21 beamq=43 I=0.0025767654347238714
beamp=22 beamq=43 I=0.0003104920356112988
beamp=23 beamq=43 I=0.0020231676766558244
beamp=24 beamq=43 I=6.422090868355804e-15
beamp=25 beamq=43 I=0.0010526160455867867
beamp=26 beamq=43 I=0.00031046520202332673
beamp=27 beamq=43 I=0.0025767939860282486
beamp=28 beamq=43 I=0.000327088083427713
beamp=29 beamq=43 I=0.0022466382295025797
beamp=30 beamq=43 I=1.7798913384825532e-13
beamp=31 beamq=43 I=0.001303033870606866
beamp=32 beamq=43 I=0.0004069356476846019
beamp=33 beamq=43 I=0.003585321070452706
beamp=34 beamq=43 I=0.0004848444535467368
beamp=35 beamq=43 I=0.0035639973985163035
beamp=36 beamq=43 I=1.9240342103108801e-13
beamp=37 beamq=43 I=0.0024109255257478124
beamp=38 beamq=43 I=0.0008234662614336973
beamp=39 beamq=43 I=0.008030482662768984
beamp=40 beamq=43 I=0.0012207052446517894
beamp=41 beamq=43 I=0.010298210482969125
beamp=42 beamq=43 I=5.3644606841142986e-14
beamp=43 beamq=43 I=0.01014408789773425
beamp=44 beamq=43 I=0.00455574171617984
beamp=45 beamq=43 I=0.06512522226199882
beamp=46 beamq=43 I=0.017912351462014867
beamp=47 beamq=43 I=0.47094900682402213
beamp=0 beamq=44 I=1.4057482385293227
beamp=1 beamq=44 I=0.5087317137103194
beamp=2 beamq=44 I=0.01791242831797743
beamp=3 beamq=44 I=0.03989916822916438
beamp=4 beamq=44 I=0.004555731391644134
beamp=5 beamq=44 I=0.030379108755144928
beamp=6 beamq=44 I=7.968524567044295e-15
beamp=7 beamq=44 I=0.011124391923388169
beamp=8 beamq=44 I=0.0012207159256287282
beamp=9 beamq=44 I=0.004919917708347708
beamp=10 beamq=44 I=0.0008234950580566826
beamp=11 beamq=44 I=0.007220101146016003
beamp=12 beamq=44 I=1.114053872301272e-14
beamp=13 beamq=44 I=0.003849889505686178
beamp=14 beamq=44 I=0.00048488421905431845
beamp=15 beamq=44 I=0.0021965652937217207
beamp=16 beamq=44 I=0.00040671481062952897
beamp=17 beamq=44 I=0.003902479838870412
beamp=18 beamq=44 I=1.1196194434533641e-14
beamp=19 beamq=44 I=0.002426779156219323
beamp=20 beamq=44 I=0.0003270738730031098
beamp=21 beamq=44 I=0.001578664725086467
beamp=22 beamq=44 I=0.0003104748275040213
beamp=23 beamq=44 I=0.0031524286973111577
beamp=24 beamq=44 I=2.235263478940948e-15
beamp=25 beamq=44 I=0.002185465247293383
beamp=26 beamq=44 I=0.00031044815016585686
beamp=27 beamq=44 I=0.0015786775742705362
beamp=28 beamq=44 I=0.00032710716245418073
beamp=29 beamq=44 I=0.0035007052042620636
beamp=30 beamq=44 I=8.466896165663465e-15
beamp=31 beamq=44 I=0.0027052204133919612
beamp=32 beamq=44 I=0.0004068969651043382
beamp=33 beamq=44 I=0.0021965385472048
beamp=34 beamq=44 I=0.0004848457264913052
beamp=35 beamq=44 I=0.005553033152035003
beamp=36 beamq=44 I=1.8953660978667426e-14
beamp=37 beamq=44 I=0.005005761048600683
beamp=38 beamq=44 I=0.0008235417696830007
beamp=39 beamq=44 I=0.004919949645258787
beamp=40 beamq=44 I=0.0012207496881990782
beamp=41 beamq=44 I=0.016045883637182512
beamp=42 beamq=44 I=2.4208427507980503e-14
beamp=43 beamq=44 I=0.021061383952256048
beamp=44 beamq=44 I=0.004555792946280346
beamp=45 beamq=44 I=0.03989942058894314
beamp=46 beamq=44 I=0.017912205281269706
beamp=47 beamq=44 I=0.7337987682176786
beamp=0 beamq=45 I=4.53816688294647
beamp=1 beamq=45 I=1.5048573674044778
beamp=2 beamq=45 I=0.01791241334469788
beamp=3 beamq=45 I=0.2397599146992913
beamp=4 beamq=45 I=0.004555725400340504
beamp=5 beamq=45 I=0.08915865737597387
beamp=6 beamq=45 I=0.0
beamp=7 beamq=45 I=0.03290662100319701
beamp=8 beamq=45 I=0.0012206884497028441
beamp=9 beamq=45 I=0.02956446938115219
beamp=10 beamq=45 I=0.0008234582239651022
beamp=11 beamq=45 I=0.02119013832941523
beamp=12 beamq=45 I=0.0
beamp=13 beamq=45 I=0.01138837837260637
beamp=14 beamq=45 I=0.0004849837690927974
beamp=15 beamq=45 I=0.013199432682040827
beamp=16 beamq=45 I=0.00040669997804092164
beamp=17 beamq=45 I=0.011453117042577239
beamp=18 beamq=45 I=0.0
beamp=19 beamq=45 I=0.00717855457295948
beamp=20 beamq=45 I=0.00032706406716803444
beamp=21 beamq=45 I=0.009486372138852832
beamp=22 beamq=45 I=0.0003104414178552112
beamp=23 beamq=45 I=0.009251887432407888
beamp=24 beamq=45 I=0.0
beamp=25 beamq=45 I=0.00646474707571628
beamp=26 beamq=45 I=0.0003104214995359087
beamp=27 beamq=45 I=0.00948637173197624
beamp=28 beamq=45 I=0.00032712559971494887
beamp=29 beamq=45 I=0.010273397738521244
beamp=30 beamq=45 I=0.0
beamp=31 beamq=45 I=0.008002994872848859
beamp=32 beamq=45 I=0.00040687887654098937
beamp=33 beamq=45 I=0.013199432568305006
beamp=34 beamq=45 I=0.0004847384559106304
beamp=35 beamq=45 I=0.016297981650002163
beamp=36 beamq=45 I=0.0
beamp=37 beamq=45 I=0.014806671856075395
beamp=38 beamq=45 I=0.0008235313258343941
beamp=39 beamq=45 I=0.029564469327306414
beamp=40 beamq=45 I=0.001220728488924579
beamp=41 beamq=45 I=0.0470926294280323
beamp=42 beamq=45 I=0.0
beamp=43 beamq=45 I=0.06230029885172267
beamp=44 beamq=45 I=0.004555816007061245
beamp=45 beamq=45 I=0.23975991435230476
beamp=46 beamq=45 I=0.017912178055151374
beamp=47 beamq=45 I=2.1536113186247032
beamp=0 beamq=46 I=1.5981759727245657
beamp=1 beamq=46 I=0.6442401840563762
beamp=2 beamq=46 I=0.017912424571775557
beamp=3 beamq=46 I=0.042035166303845836
beamp=4 beamq=46 I=0.004555698502230565
beamp=5 beamq=46 I=0.03184745677987304
beamp=6 beamq=46 I=1.9215676503684756e-15
beamp=7 beamq=46 I=0.014087369746429209
beamp=8 beamq=46 I=0.0012207005223257928
beamp=9 beamq=46 I=0.005183299075759845
beamp=10 beamq=46 I=0.0008234962096033277
beamp=11 beamq=46 I=0.007569133868310396
beamp=12 beamq=46 I=4.3440367044252543e-16
beamp=13 beamq=46 I=0.004875058343192729
beamp=14 beamq=46 I=0.000484858968498138
beamp=15 beamq=46 I=0.002314142798420269
beamp=16 beamq=46 I=0.00040682290088587625
beamp=17 beamq=46 I=0.00409069479354204
beamp=18 beamq=46 I=1.1149935141840928e-14
beamp=19 beamq=46 I=0.003073319318263879
beamp=20 beamq=46 I=0.00032708945916445285
beamp=21 beamq=46 I=0.0016631549235519808
beamp=22 beamq=46 I=0.00031047618334299065
beamp=23 beamq=46 I=0.003304772803516002
beamp=24 beamq=46 I=9.350882336963313e-15
beamp=25 beamq=46 I=0.002767663207406683
beamp=26 beamq=46 I=0.00031046434594751276
beamp=27 beamq=46 I=0.0016631528243232516
beamp=28 beamq=46 I=0.0003270729609268081
beamp=29 beamq=46 I=0.0036700769302402056
beamp=30 beamq=46 I=5.786061733903392e-14
beamp=31 beamq=46 I=0.0034258669203523096
beamp=32 beamq=46 I=0.00040676742265649383
beamp=33 beamq=46 I=0.0023141100646431314
beamp=34 beamq=46 I=0.0004848711946635161
beamp=35 beamq=46 I=0.005821302695372206
beamp=36 beamq=46 I=3.072231416027341e-13
beamp=37 beamq=46 I=0.006338993273502497
beamp=38 beamq=46 I=0.0008235216154397721
beamp=39 beamq=46 I=0.005183244957912378
beamp=40 beamq=46 I=0.0012207371628754073
beamp=41 beamq=46 I=0.01682125915922087
beamp=42 beamq=46 I=2.181487051185667e-13
beamp=43 beamq=46 I=0.02667141223402892
beamp=44 beamq=46 I=0.0045558314089782365
beamp=45 beamq=46 I=0.042034561875752996
beamp=46 beamq=46 I=0.017912350219741968
beamp=47 beamq=46 I=0.7692619132782588
beamp=0 beamq=47 I=53.03815071139514
beamp=1 beamq=47 I=20.283644221590286
beamp=2 beamq=47 I=0.017912526362559928
beamp=3 beamq=47 I=2.4567298432488505
beamp=4 beamq=47 I=0.004555708095729782
beamp=5 beamq=47 I=0.9411531494401499
beamp=6 beamq=47 I=4.7766333712469704e-15
beamp=7 beamq=47 I=0.4435388911355782
beamp=8 beamq=47 I=0.0012207057459528458
beamp=9 beamq=47 I=0.3029359301216155
beamp=10 beamq=47 I=0.0008235092308902594
beamp=11 beamq=47 I=0.22368249627755932
beamp=12 beamq=47 I=1.9495762064910178e-14
beamp=13 beamq=47 I=0.15349519831739783
beamp=14 beamq=47 I=0.0004847657351300665
beamp=15 beamq=47 I=0.13524965595187655
beamp=16 beamq=47 I=0.0004067602355636099
beamp=17 beamq=47 I=0.12089206190879971
beamp=18 beamq=47 I=5.756905730481635e-14
beamp=19 beamq=47 I=0.09676070092877301
beamp=20 beamq=47 I=0.0003270060697313229
beamp=21 beamq=47 I=0.09720340689312862
beamp=22 beamq=47 I=0.00031047018852705836
beamp=23 beamq=47 I=0.09766071611602564
beamp=24 beamq=47 I=2.4738602370325914e-14
beamp=25 beamq=47 I=0.08713790310557065
beamp=26 beamq=47 I=0.00031045844307754384
beamp=27 beamq=47 I=0.09720345461566388
beamp=28 beamq=47 I=0.00032709593548696064
beamp=29 beamq=47 I=0.10845104328409158
beamp=30 beamq=47 I=1.409914575136358e-14
beamp=31 beamq=47 I=0.1078665647634727
beamp=32 beamq=47 I=0.0004066263122625849
beamp=33 beamq=47 I=0.13525010593535727
beamp=34 beamq=47 I=0.0004846760993894103
beamp=35 beamq=47 I=0.17203435071061593
beamp=36 beamq=47 I=6.455951405704337e-13
beamp=37 beamq=47 I=0.19957887255940535
beamp=38 beamq=47 I=0.0008236001510241432
beamp=39 beamq=47 I=0.3029363956135338
beamp=40 beamq=47 I=0.0012207854454247932
beamp=41 beamq=47 I=0.4971049266791804
beamp=42 beamq=47 I=1.2599332746091966e-14
beamp=43 beamq=47 I=0.8397369183753561
beamp=44 beamq=47 I=0.00455581296567217
beamp=45 beamq=47 I=2.4567357765871645
beamp=46 beamq=47 I=0.017912241660520765
beamp=47 beamq=47 I=22.733266057018998
Copying data from CPU to GPU...
Running kernel...
Copying data back from GPU to CPU...
Done.
